#pragma once

unsigned char weapon_font[] = {
	0x00, 0x01, 0x00, 0x00, 0x00, 0x0B, 0x00, 0x80, 0x00, 0x03, 0x00, 0x30, 0x4F, 0x53, 0x2F, 0x32,
0x12, 0xD1, 0x17, 0x7D, 0x00, 0x00, 0x00, 0xBC, 0x00, 0x00, 0x00, 0x60, 0x63, 0x6D, 0x61, 0x70,
0x01, 0xE1, 0x02, 0x5F, 0x00, 0x00, 0x01, 0x1C, 0x00, 0x00, 0x00, 0x7C, 0x67, 0x61, 0x73, 0x70,
0x00, 0x00, 0x00, 0x10, 0x00, 0x00, 0x01, 0x98, 0x00, 0x00, 0x00, 0x08, 0x67, 0x6C, 0x79, 0x66,
0x90, 0x03, 0xE2, 0x94, 0x00, 0x00, 0x01, 0xA0, 0x00, 0x01, 0x06, 0x24, 0x68, 0x65, 0x61, 0x64,
0x3E, 0xD7, 0x74, 0x0C, 0x00, 0x01, 0x07, 0xC4, 0x00, 0x00, 0x00, 0x36, 0x68, 0x68, 0x65, 0x61,
0x17, 0x2D, 0x14, 0x5A, 0x00, 0x01, 0x07, 0xFC, 0x00, 0x00, 0x00, 0x24, 0x68, 0x6D, 0x74, 0x78,
0x93, 0x41, 0x00, 0x00, 0x00, 0x01, 0x08, 0x20, 0x00, 0x00, 0x01, 0x10, 0x6C, 0x6F, 0x63, 0x61,
0x6E, 0xBA, 0x30, 0xD4, 0x00, 0x01, 0x09, 0x30, 0x00, 0x00, 0x00, 0x8A, 0x6D, 0x61, 0x78, 0x70,
0x00, 0x58, 0x05, 0x7E, 0x00, 0x01, 0x09, 0xBC, 0x00, 0x00, 0x00, 0x20, 0x6E, 0x61, 0x6D, 0x65,
0x99, 0x4A, 0x09, 0xFB, 0x00, 0x01, 0x09, 0xDC, 0x00, 0x00, 0x01, 0x86, 0x70, 0x6F, 0x73, 0x74,
0x00, 0x03, 0x00, 0x00, 0x00, 0x01, 0x0B, 0x64, 0x00, 0x00, 0x00, 0x20, 0x00, 0x03, 0x0A, 0x15,
0x01, 0x90, 0x00, 0x05, 0x00, 0x00, 0x02, 0x99, 0x02, 0xCC, 0x00, 0x00, 0x00, 0x8F, 0x02, 0x99,
0x02, 0xCC, 0x00, 0x00, 0x01, 0xEB, 0x00, 0x33, 0x01, 0x09, 0x00, 0x00, 0x00, 0x00, 0x00, 0x00,
0x00, 0x00, 0x00, 0x00, 0x00, 0x00, 0x00, 0x00, 0x00, 0x01, 0x00, 0x00, 0x00, 0x00, 0x00, 0x00,
0x00, 0x00, 0x00, 0x00, 0x00, 0x00, 0x00, 0x00, 0x00, 0x00, 0x00, 0x40, 0x00, 0x00, 0x00, 0x7E,
0x03, 0xC0, 0xFF, 0xC0, 0x00, 0x40, 0x03, 0xC0, 0x00, 0x40, 0x00, 0x00, 0x00, 0x01, 0x00, 0x00,
0x00, 0x00, 0x03, 0xC0, 0x03, 0xC0, 0x00, 0x00, 0x00, 0x20, 0x00, 0x00, 0x00, 0x00, 0x00, 0x03,
0x00, 0x00, 0x00, 0x03, 0x00, 0x00, 0x00, 0x1C, 0x00, 0x01, 0x00, 0x03, 0x00, 0x00, 0x00, 0x1C,
0x00, 0x03, 0x00, 0x01, 0x00, 0x00, 0x00, 0x1C, 0x00, 0x04, 0x00, 0x60, 0x00, 0x00, 0x00, 0x14,
0x00, 0x10, 0x00, 0x03, 0x00, 0x04, 0x00, 0x01, 0x00, 0x20, 0x00, 0x39, 0x00, 0x5B, 0x00, 0x5D,
0x00, 0x68, 0x00, 0x7A, 0x00, 0x7E, 0xFF, 0xFD, 0xFF, 0xFF, 0x00, 0x00, 0x00, 0x00, 0x00, 0x20,
0x00, 0x31, 0x00, 0x41, 0x00, 0x5D, 0x00, 0x60, 0x00, 0x6A, 0x00, 0x7E, 0xFF, 0xFD, 0xFF, 0xFF,
0x00, 0x01, 0xFF, 0xE3, 0xFF, 0xD3, 0xFF, 0xCC, 0xFF, 0xCB, 0xFF, 0xC9, 0xFF, 0xC8, 0xFF, 0xC5,
0x00, 0x03, 0x00, 0x01, 0x00, 0x00, 0x00, 0x00, 0x00, 0x00, 0x00, 0x00, 0x00, 0x00, 0x00, 0x00,
0x00, 0x00, 0x00, 0x00, 0x00, 0x00, 0x00, 0x00, 0x00, 0x01, 0x00, 0x01, 0xFF, 0xFF, 0x00, 0x0F,
0x00, 0x01, 0x00, 0x00, 0xFF, 0xC0, 0x00, 0x00, 0x03, 0xC0, 0x00, 0x02, 0x00, 0x00, 0x37, 0x39,
0x01, 0x00, 0x00, 0x00, 0x00, 0x01, 0x00, 0x00, 0xFF, 0xC0, 0x00, 0x00, 0x03, 0xC0, 0x00, 0x02,
0x00, 0x00, 0x37, 0x39, 0x01, 0x00, 0x00, 0x00, 0x00, 0x01, 0x00, 0x00, 0xFF, 0xC0, 0x00, 0x00,
0x03, 0xC0, 0x00, 0x02, 0x00, 0x00, 0x37, 0x39, 0x01, 0x00, 0x00, 0x00, 0x00, 0x02, 0x00, 0x00,
0xFF, 0xC0, 0x04, 0xC6, 0x03, 0xC0, 0x00, 0xAD, 0x00, 0xE4, 0x00, 0x00, 0x01, 0x31, 0x37, 0x17,
0x16, 0x17, 0x31, 0x16, 0x17, 0x16, 0x33, 0x31, 0x32, 0x37, 0x31, 0x36, 0x33, 0x36, 0x17, 0x31,
0x17, 0x15, 0x14, 0x07, 0x06, 0x23, 0x31, 0x22, 0x07, 0x06, 0x07, 0x31, 0x06, 0x07, 0x06, 0x35,
0x31, 0x34, 0x23, 0x06, 0x07, 0x31, 0x06, 0x23, 0x22, 0x27, 0x31, 0x26, 0x23, 0x26, 0x15, 0x31,
0x14, 0x07, 0x06, 0x23, 0x31, 0x22, 0x27, 0x26, 0x35, 0x31, 0x34, 0x27, 0x26, 0x23, 0x31, 0x22,
0x07, 0x06, 0x15, 0x31, 0x14, 0x07, 0x06, 0x23, 0x31, 0x22, 0x07, 0x06, 0x07, 0x31, 0x06, 0x15,
0x14, 0x17, 0x31, 0x17, 0x07, 0x06, 0x23, 0x26, 0x27, 0x31, 0x26, 0x07, 0x06, 0x07, 0x31, 0x06,
0x07, 0x06, 0x07, 0x31, 0x06, 0x07, 0x06, 0x23, 0x31, 0x22, 0x15, 0x16, 0x17, 0x31, 0x16, 0x17,
0x16, 0x07, 0x31, 0x06, 0x07, 0x06, 0x23, 0x31, 0x22, 0x27, 0x26, 0x35, 0x31, 0x34, 0x27, 0x26,
0x23, 0x31, 0x22, 0x27, 0x26, 0x27, 0x31, 0x26, 0x37, 0x31, 0x36, 0x37, 0x36, 0x37, 0x31, 0x36,
0x37, 0x31, 0x36, 0x27, 0x26, 0x27, 0x31, 0x26, 0x27, 0x26, 0x37, 0x31, 0x36, 0x37, 0x36, 0x37,
0x31, 0x36, 0x37, 0x36, 0x35, 0x31, 0x36, 0x37, 0x36, 0x37, 0x05, 0x31, 0x06, 0x07, 0x06, 0x07,
0x31, 0x06, 0x17, 0x16, 0x17, 0x31, 0x16, 0x17, 0x16, 0x37, 0x31, 0x36, 0x37, 0x36, 0x37, 0x31,
0x36, 0x37, 0x36, 0x27, 0x31, 0x26, 0x27, 0x26, 0x07, 0x31, 0x07, 0x17, 0x14, 0x17, 0x16, 0x17,
0x31, 0x17, 0x23, 0x22, 0x27, 0x26, 0x27, 0x31, 0x26, 0x27, 0x26, 0x27, 0x31, 0x26, 0x07, 0x06,
0x07, 0x01, 0x46, 0x0B, 0x1F, 0x1B, 0x4A, 0x4A, 0x5C, 0x5C, 0x60, 0x60, 0x46, 0x52, 0x40, 0x40,
0x07, 0x10, 0x02, 0x02, 0x06, 0x03, 0x04, 0x04, 0x02, 0x03, 0x11, 0x12, 0x0D, 0x0E, 0x03, 0x02,
0x03, 0x04, 0x08, 0x0D, 0x0B, 0x0B, 0x04, 0x04, 0x06, 0x06, 0x04, 0x04, 0x04, 0x04, 0x05, 0x06,
0x04, 0x04, 0x0C, 0x0D, 0x13, 0x2C, 0x11, 0x12, 0x07, 0x03, 0x03, 0x06, 0x3E, 0x3D, 0x3C, 0x3C,
0x1A, 0x1F, 0x11, 0x11, 0x06, 0x02, 0x08, 0x09, 0x09, 0x0C, 0x07, 0x08, 0x06, 0x06, 0x01, 0x08,
0x05, 0x02, 0x03, 0x02, 0x03, 0x14, 0x15, 0x4D, 0x36, 0x1F, 0x1F, 0x07, 0x07, 0x0A, 0x0C, 0x07,
0x07, 0x02, 0x03, 0x04, 0x04, 0x09, 0x09, 0x0C, 0x0C, 0x0E, 0x27, 0x06, 0x06, 0x3C, 0x1E, 0x05,
0x05, 0x17, 0x0C, 0x0A, 0x0B, 0x0E, 0x0A, 0x07, 0x08, 0x01, 0x07, 0x07, 0x07, 0x01, 0x28, 0x09,
0x07, 0x08, 0x01, 0x06, 0x0F, 0x10, 0x18, 0x15, 0x10, 0x11, 0x3C, 0x27, 0x1A, 0x1A, 0x05, 0x0C,
0x04, 0x04, 0x09, 0x05, 0x0C, 0x0C, 0x34, 0x49, 0x01, 0x04, 0x04, 0x0F, 0x17, 0x11, 0x18, 0x12,
0x13, 0x0A, 0x05, 0x06, 0x06, 0x03, 0x04, 0x08, 0x09, 0x09, 0x02, 0xC0, 0x1D, 0x04, 0x03, 0x03,
0x03, 0x02, 0x02, 0x02, 0x02, 0x01, 0x01, 0x03, 0x66, 0x3D, 0x14, 0x14, 0x03, 0x03, 0x05, 0x08,
0x01, 0x02, 0x08, 0x07, 0x01, 0x08, 0x05, 0x05, 0x08, 0x01, 0x07, 0x03, 0x02, 0x02, 0x02, 0x02,
0x03, 0x03, 0x02, 0x02, 0x02, 0x02, 0x03, 0x03, 0x02, 0x02, 0x0E, 0x0F, 0x2B, 0x12, 0x11, 0x12,
0x09, 0x15, 0x04, 0x05, 0x01, 0x05, 0x06, 0x0E, 0x0F, 0x26, 0x10, 0x23, 0x24, 0x22, 0x2D, 0x13,
0x13, 0x02, 0x02, 0x05, 0x05, 0x05, 0x06, 0x05, 0x07, 0x02, 0x02, 0x02, 0x02, 0x03, 0x03, 0x02,
0x02, 0x02, 0x03, 0x06, 0x07, 0x1A, 0x1B, 0x23, 0x23, 0x28, 0x28, 0x23, 0x67, 0x25, 0x25, 0x17,
0x0C, 0x0B, 0x0B, 0x05, 0x02, 0x09, 0x0A, 0x12, 0x0F, 0x0B, 0x0B, 0x02, 0x0E, 0x1C, 0x1C, 0x12,
0xE9, 0x07, 0x08, 0x08, 0x05, 0x11, 0x1A, 0x1A, 0x0D, 0x0C, 0x01, 0x02, 0x02, 0x02, 0x03, 0x03,
0x05, 0x08, 0x28, 0x28, 0x10, 0x0B, 0x01, 0x02, 0x01, 0x02, 0x24, 0x17, 0x0A, 0x0B, 0x0F, 0x18,
0x14, 0x15, 0x25, 0x12, 0x0E, 0x0E, 0x01, 0x01, 0x03, 0x03, 0x06, 0x00, 0x00, 0x05, 0x00, 0x00,
0xFF, 0xC0, 0x07, 0x8F, 0x03, 0xC0, 0x01, 0x02, 0x01, 0x1B, 0x01, 0x4F, 0x01, 0x76, 0x01, 0x97,
0x00, 0x00, 0x01, 0x31, 0x35, 0x17, 0x16, 0x17, 0x16, 0x17, 0x31, 0x16, 0x17, 0x16, 0x33, 0x31,
0x32, 0x17, 0x16, 0x17, 0x31, 0x17, 0x07, 0x06, 0x07, 0x06, 0x07, 0x31, 0x06, 0x17, 0x16, 0x33,
0x31, 0x32, 0x37, 0x36, 0x37, 0x31, 0x36, 0x33, 0x36, 0x33, 0x31, 0x1F, 0x01, 0x16, 0x17, 0x16,
0x15, 0x31, 0x17, 0x07, 0x06, 0x27, 0x26, 0x35, 0x31, 0x34, 0x23, 0x22, 0x07, 0x31, 0x06, 0x15,
0x06, 0x33, 0x31, 0x32, 0x17, 0x16, 0x17, 0x31, 0x16, 0x17, 0x16, 0x07, 0x31, 0x06, 0x07, 0x06,
0x15, 0x31, 0x07, 0x2F, 0x01, 0x26, 0x27, 0x26, 0x27, 0x31, 0x26, 0x27, 0x26, 0x23, 0x31, 0x22,
0x07, 0x06, 0x15, 0x31, 0x14, 0x07, 0x06, 0x07, 0x31, 0x06, 0x07, 0x06, 0x07, 0x31, 0x06, 0x07,
0x06, 0x07, 0x31, 0x06, 0x27, 0x26, 0x27, 0x31, 0x26, 0x37, 0x36, 0x37, 0x31, 0x36, 0x27, 0x26,
0x07, 0x31, 0x06, 0x07, 0x06, 0x07, 0x31, 0x06, 0x07, 0x06, 0x07, 0x31, 0x06, 0x07, 0x06, 0x27,
0x31, 0x26, 0x27, 0x26, 0x27, 0x31, 0x26, 0x27, 0x26, 0x35, 0x31, 0x34, 0x27, 0x26, 0x27, 0x31,
0x26, 0x27, 0x26, 0x23, 0x31, 0x06, 0x07, 0x06, 0x07, 0x31, 0x07, 0x21, 0x37, 0x36, 0x27, 0x26,
0x27, 0x31, 0x26, 0x35, 0x26, 0x37, 0x31, 0x37, 0x21, 0x35, 0x34, 0x37, 0x36, 0x37, 0x31, 0x36,
0x37, 0x36, 0x37, 0x31, 0x36, 0x37, 0x36, 0x35, 0x31, 0x34, 0x37, 0x36, 0x33, 0x31, 0x32, 0x17,
0x16, 0x17, 0x31, 0x16, 0x17, 0x16, 0x17, 0x31, 0x16, 0x15, 0x06, 0x07, 0x31, 0x06, 0x15, 0x14,
0x17, 0x31, 0x16, 0x17, 0x16, 0x15, 0x31, 0x14, 0x17, 0x16, 0x33, 0x31, 0x32, 0x17, 0x31, 0x32,
0x33, 0x32, 0x33, 0x31, 0x32, 0x37, 0x31, 0x36, 0x37, 0x36, 0x35, 0x31, 0x34, 0x37, 0x36, 0x33,
0x31, 0x32, 0x37, 0x36, 0x35, 0x05, 0x31, 0x06, 0x07, 0x06, 0x15, 0x31, 0x14, 0x17, 0x16, 0x37,
0x31, 0x32, 0x37, 0x36, 0x37, 0x31, 0x36, 0x27, 0x26, 0x23, 0x31, 0x22, 0x07, 0x06, 0x17, 0x31,
0x06, 0x07, 0x06, 0x07, 0x31, 0x07, 0x33, 0x32, 0x37, 0x36, 0x37, 0x31, 0x36, 0x17, 0x16, 0x15,
0x31, 0x16, 0x15, 0x16, 0x37, 0x31, 0x36, 0x37, 0x36, 0x37, 0x31, 0x36, 0x27, 0x26, 0x27, 0x31,
0x26, 0x27, 0x26, 0x27, 0x31, 0x26, 0x27, 0x26, 0x23, 0x31, 0x22, 0x27, 0x26, 0x27, 0x31, 0x26,
0x07, 0x06, 0x13, 0x31, 0x07, 0x17, 0x33, 0x32, 0x17, 0x16, 0x17, 0x31, 0x16, 0x17, 0x16, 0x37,
0x31, 0x36, 0x37, 0x36, 0x35, 0x31, 0x34, 0x27, 0x26, 0x27, 0x31, 0x26, 0x27, 0x26, 0x27, 0x31,
0x26, 0x27, 0x26, 0x27, 0x31, 0x26, 0x07, 0x06, 0x07, 0x05, 0x31, 0x06, 0x07, 0x06, 0x07, 0x31,
0x06, 0x17, 0x16, 0x17, 0x31, 0x16, 0x37, 0x36, 0x37, 0x31, 0x36, 0x37, 0x36, 0x37, 0x31, 0x36,
0x27, 0x26, 0x27, 0x31, 0x26, 0x27, 0x26, 0x23, 0x31, 0x23, 0x06, 0x53, 0x0D, 0x09, 0x02, 0x02,
0x02, 0x04, 0x04, 0x04, 0x0D, 0x0A, 0x08, 0x09, 0x18, 0x23, 0x02, 0x01, 0x01, 0x02, 0x08, 0x08,
0x01, 0x01, 0x0A, 0x07, 0x06, 0x07, 0x02, 0x02, 0x14, 0x15, 0x23, 0x49, 0x05, 0x03, 0x02, 0x02,
0x02, 0x54, 0x2A, 0x15, 0x15, 0x0D, 0x0D, 0x07, 0x03, 0x01, 0x02, 0x02, 0x04, 0x05, 0x04, 0x06,
0x01, 0x01, 0x03, 0x01, 0x01, 0x01, 0x01, 0x43, 0x04, 0x01, 0x02, 0x03, 0x02, 0x02, 0x0A, 0x0B,
0x10, 0x20, 0x0A, 0x0A, 0x07, 0x08, 0x0D, 0x0B, 0x08, 0x08, 0x10, 0x15, 0x1E, 0x1F, 0x1E, 0x16,
0x20, 0x21, 0x06, 0x03, 0x02, 0x02, 0x05, 0x0E, 0x05, 0x06, 0x2C, 0x1D, 0x07, 0x08, 0x07, 0x10,
0x1C, 0x1C, 0x1F, 0x38, 0x42, 0x42, 0x57, 0x23, 0x08, 0x08, 0x03, 0x02, 0x01, 0x01, 0x0F, 0x0F,
0x3A, 0x25, 0x1C, 0x1D, 0x04, 0x05, 0x03, 0x04, 0x03, 0x06, 0xFE, 0x42, 0x01, 0x01, 0x01, 0x01,
0x03, 0x02, 0x01, 0x01, 0x03, 0x03, 0xF6, 0x0C, 0x0C, 0x0B, 0x03, 0x05, 0x06, 0x04, 0x07, 0x02,
0x03, 0x07, 0x07, 0x09, 0x04, 0x04, 0x04, 0x02, 0x01, 0x03, 0x03, 0x02, 0x05, 0x01, 0x07, 0x04,
0x04, 0x03, 0x02, 0x03, 0x01, 0x02, 0x02, 0x09, 0x2F, 0x2F, 0x36, 0x36, 0x2D, 0x2D, 0x04, 0x05,
0x04, 0x04, 0x0D, 0x0D, 0x08, 0x04, 0x01, 0x02, 0xFE, 0x3A, 0x01, 0x01, 0x01, 0x09, 0x09, 0x20,
0x23, 0x07, 0x08, 0x01, 0x01, 0x06, 0x07, 0x22, 0x14, 0x0F, 0x0F, 0x63, 0x01, 0x01, 0x02, 0x01,
0x02, 0x9F, 0x45, 0x30, 0x31, 0x05, 0x10, 0x05, 0x05, 0x01, 0x01, 0x01, 0x01, 0x01, 0x02, 0x02,
0x06, 0x02, 0x03, 0x08, 0x05, 0x04, 0x04, 0x01, 0x03, 0x13, 0x14, 0x35, 0x27, 0x4B, 0x4B, 0x21,
0x0C, 0x03, 0x03, 0x43, 0x10, 0x02, 0x18, 0x10, 0x04, 0x05, 0x06, 0x0C, 0x1B, 0x1B, 0x15, 0x09,
0x03, 0x03, 0x08, 0x08, 0x0E, 0x06, 0x05, 0x05, 0x04, 0x05, 0x04, 0x05, 0x0F, 0x1D, 0x0A, 0x0B,
0x0E, 0xFE, 0x37, 0x0F, 0x05, 0x05, 0x02, 0x04, 0x0E, 0x0E, 0x1B, 0x0E, 0x08, 0x09, 0x1B, 0x24,
0x20, 0x21, 0x07, 0x07, 0x02, 0x02, 0x0B, 0x07, 0x0B, 0x0C, 0x36, 0x4B, 0x02, 0xFD, 0x23, 0x02,
0x01, 0x05, 0x05, 0x1B, 0x2E, 0x0A, 0x0B, 0x07, 0x07, 0x1C, 0x2A, 0x41, 0x31, 0x08, 0x09, 0x02,
0x02, 0x01, 0x01, 0x01, 0x01, 0x02, 0x03, 0x01, 0x01, 0x11, 0x06, 0x0B, 0x0C, 0x0A, 0x17, 0x01,
0x01, 0x01, 0x01, 0x02, 0x05, 0x05, 0x01, 0x01, 0x02, 0x05, 0x05, 0x07, 0x0C, 0x0C, 0x0D, 0x2B,
0x1A, 0x16, 0x17, 0x06, 0x10, 0x03, 0x27, 0x10, 0x0D, 0x0E, 0x02, 0x03, 0x01, 0x02, 0x07, 0x08,
0x17, 0x1B, 0x1C, 0x1C, 0x1A, 0x16, 0x0A, 0x0A, 0x0A, 0x0E, 0x0A, 0x0B, 0x03, 0x03, 0x02, 0x03,
0x04, 0x01, 0x0D, 0x0E, 0x17, 0x3E, 0x0A, 0x0B, 0x04, 0x02, 0x02, 0x03, 0x0A, 0x17, 0x16, 0x16,
0x0F, 0x1C, 0x08, 0x08, 0x0A, 0x03, 0x02, 0x03, 0x08, 0x05, 0x06, 0x06, 0x04, 0x07, 0x07, 0x07,
0x15, 0x0D, 0x08, 0x09, 0x01, 0x04, 0x05, 0x08, 0x10, 0x7C, 0x34, 0x3A, 0x3B, 0x1F, 0x1F, 0x1A,
0x1A, 0x06, 0x0E, 0x10, 0x0C, 0x28, 0x28, 0x18, 0x06, 0x06, 0x06, 0x04, 0x04, 0x05, 0x05, 0x09,
0x12, 0x0F, 0x10, 0x03, 0x03, 0x06, 0x04, 0x04, 0x04, 0x02, 0x03, 0x0D, 0x0E, 0x05, 0x04, 0x01,
0x02, 0x03, 0x01, 0x04, 0x05, 0x05, 0x05, 0x03, 0x04, 0x01, 0x01, 0x01, 0x02, 0x02, 0x03, 0x05,
0x0A, 0x0A, 0x06, 0x07, 0x16, 0x6B, 0x02, 0x03, 0x03, 0x03, 0x04, 0x01, 0x02, 0x01, 0x01, 0x02,
0x07, 0x07, 0x01, 0x02, 0x01, 0x01, 0x38, 0x05, 0x06, 0x07, 0x05, 0x0B, 0x01, 0x01, 0x02, 0x06,
0x07, 0x08, 0x22, 0x19, 0x03, 0x03, 0x10, 0x0C, 0x09, 0x0A, 0x02, 0x06, 0x08, 0x08, 0x04, 0x02,
0x04, 0x04, 0x03, 0x08, 0x03, 0x03, 0x03, 0x04, 0x04, 0x01, 0x01, 0x02, 0xFF, 0x00, 0x10, 0x4A,
0x02, 0x03, 0x0B, 0x19, 0x02, 0x03, 0x15, 0x0A, 0x07, 0x07, 0x0C, 0x11, 0x0E, 0x0E, 0x05, 0x03,
0x05, 0x06, 0x08, 0x0C, 0x03, 0x03, 0x02, 0x04, 0x02, 0x02, 0x0D, 0x11, 0x10, 0x08, 0x09, 0x0F,
0x1D, 0x15, 0x16, 0x08, 0x04, 0x01, 0x01, 0x0B, 0x0D, 0x15, 0x15, 0x0F, 0x0E, 0x12, 0x13, 0x0B,
0x08, 0x01, 0x02, 0x00, 0x00, 0x06, 0x00, 0x00, 0xFF, 0xC0, 0x05, 0x43, 0x03, 0xC0, 0x01, 0x48,
0x01, 0x5C, 0x01, 0x6C, 0x01, 0x80, 0x01, 0x94, 0x01, 0xCC, 0x00, 0x00, 0x01, 0x23, 0x36, 0x37,
0x36, 0x17, 0x31, 0x16, 0x33, 0x32, 0x37, 0x31, 0x36, 0x33, 0x32, 0x17, 0x31, 0x16, 0x33, 0x36,
0x37, 0x31, 0x36, 0x33, 0x32, 0x17, 0x31, 0x16, 0x33, 0x32, 0x37, 0x31, 0x36, 0x33, 0x16, 0x17,
0x31, 0x16, 0x33, 0x16, 0x37, 0x31, 0x36, 0x33, 0x36, 0x17, 0x31, 0x16, 0x33, 0x36, 0x37, 0x31,
0x36, 0x33, 0x32, 0x17, 0x31, 0x16, 0x33, 0x16, 0x37, 0x31, 0x36, 0x33, 0x36, 0x17, 0x31, 0x16,
0x33, 0x36, 0x37, 0x31, 0x36, 0x33, 0x32, 0x17, 0x31, 0x16, 0x33, 0x16, 0x37, 0x31, 0x36, 0x33,
0x32, 0x17, 0x31, 0x16, 0x33, 0x32, 0x37, 0x31, 0x36, 0x37, 0x36, 0x33, 0x31, 0x32, 0x17, 0x16,
0x15, 0x31, 0x14, 0x33, 0x32, 0x37, 0x31, 0x36, 0x37, 0x36, 0x35, 0x31, 0x34, 0x37, 0x36, 0x37,
0x31, 0x36, 0x17, 0x16, 0x15, 0x31, 0x14, 0x17, 0x16, 0x17, 0x31, 0x16, 0x17, 0x16, 0x07, 0x31,
0x06, 0x07, 0x06, 0x07, 0x31, 0x06, 0x07, 0x06, 0x07, 0x31, 0x06, 0x27, 0x26, 0x27, 0x31, 0x26,
0x23, 0x22, 0x07, 0x31, 0x06, 0x07, 0x06, 0x35, 0x31, 0x34, 0x27, 0x26, 0x23, 0x31, 0x22, 0x27,
0x26, 0x35, 0x31, 0x34, 0x27, 0x26, 0x23, 0x31, 0x22, 0x27, 0x26, 0x27, 0x31, 0x26, 0x07, 0x06,
0x07, 0x31, 0x06, 0x07, 0x06, 0x23, 0x31, 0x06, 0x23, 0x06, 0x07, 0x31, 0x06, 0x07, 0x06, 0x07,
0x31, 0x07, 0x23, 0x22, 0x07, 0x06, 0x07, 0x31, 0x06, 0x07, 0x06, 0x07, 0x31, 0x06, 0x23, 0x22,
0x27, 0x31, 0x26, 0x27, 0x26, 0x27, 0x31, 0x26, 0x07, 0x06, 0x07, 0x31, 0x06, 0x15, 0x06, 0x17,
0x31, 0x16, 0x07, 0x06, 0x07, 0x31, 0x06, 0x07, 0x06, 0x17, 0x31, 0x16, 0x07, 0x06, 0x07, 0x31,
0x06, 0x07, 0x06, 0x07, 0x31, 0x06, 0x07, 0x06, 0x07, 0x31, 0x22, 0x27, 0x26, 0x27, 0x31, 0x27,
0x37, 0x36, 0x37, 0x36, 0x37, 0x31, 0x36, 0x37, 0x36, 0x37, 0x31, 0x36, 0x37, 0x36, 0x37, 0x31,
0x36, 0x37, 0x36, 0x37, 0x31, 0x36, 0x37, 0x36, 0x37, 0x31, 0x37, 0x27, 0x26, 0x27, 0x26, 0x27,
0x31, 0x27, 0x37, 0x36, 0x17, 0x16, 0x17, 0x31, 0x16, 0x33, 0x32, 0x37, 0x31, 0x36, 0x37, 0x36,
0x33, 0x31, 0x32, 0x37, 0x36, 0x27, 0x31, 0x26, 0x37, 0x36, 0x17, 0x31, 0x16, 0x17, 0x16, 0x17,
0x31, 0x16, 0x37, 0x36, 0x37, 0x07, 0x31, 0x14, 0x17, 0x16, 0x33, 0x31, 0x32, 0x37, 0x36, 0x35,
0x31, 0x34, 0x27, 0x26, 0x23, 0x31, 0x22, 0x07, 0x06, 0x05, 0x31, 0x16, 0x33, 0x32, 0x37, 0x31,
0x36, 0x27, 0x26, 0x23, 0x31, 0x22, 0x07, 0x06, 0x17, 0x05, 0x31, 0x14, 0x17, 0x16, 0x37, 0x31,
0x36, 0x37, 0x36, 0x35, 0x31, 0x34, 0x27, 0x26, 0x23, 0x31, 0x22, 0x07, 0x06, 0x07, 0x31, 0x14,
0x17, 0x16, 0x33, 0x31, 0x32, 0x37, 0x36, 0x35, 0x31, 0x34, 0x27, 0x26, 0x23, 0x31, 0x22, 0x07,
0x06, 0x17, 0x31, 0x16, 0x07, 0x06, 0x07, 0x31, 0x06, 0x17, 0x16, 0x17, 0x31, 0x16, 0x17, 0x16,
0x27, 0x31, 0x26, 0x27, 0x26, 0x37, 0x31, 0x36, 0x27, 0x26, 0x27, 0x31, 0x26, 0x27, 0x26, 0x27,
0x31, 0x26, 0x07, 0x06, 0x07, 0x31, 0x06, 0x17, 0x16, 0x17, 0x31, 0x16, 0x37, 0x36, 0x37, 0x31,
0x36, 0x37, 0x36, 0x27, 0x31, 0x26, 0x27, 0x26, 0x17, 0x02, 0xBE, 0x01, 0x03, 0x0E, 0x0F, 0x05,
0x02, 0x02, 0x03, 0x03, 0x06, 0x0A, 0x0A, 0x02, 0x02, 0x03, 0x04, 0x06, 0x07, 0x04, 0x05, 0x04,
0x03, 0x04, 0x04, 0x06, 0x06, 0x04, 0x04, 0x06, 0x06, 0x02, 0x03, 0x02, 0x02, 0x0A, 0x0B, 0x04,
0x02, 0x03, 0x03, 0x05, 0x05, 0x04, 0x04, 0x08, 0x06, 0x03, 0x04, 0x01, 0x02, 0x0B, 0x0B, 0x03,
0x02, 0x03, 0x03, 0x05, 0x05, 0x04, 0x04, 0x08, 0x06, 0x03, 0x04, 0x01, 0x02, 0x0B, 0x0B, 0x04,
0x02, 0x02, 0x03, 0x03, 0x03, 0x05, 0x06, 0x05, 0x0E, 0x1A, 0x1A, 0x12, 0x12, 0x24, 0x11, 0x0A,
0x0B, 0x01, 0x02, 0x03, 0x06, 0x1C, 0x1D, 0x04, 0x05, 0x06, 0x0E, 0x04, 0x05, 0x09, 0x04, 0x03,
0x03, 0x01, 0x02, 0x03, 0x04, 0x11, 0x0A, 0x07, 0x08, 0x02, 0x03, 0x02, 0x03, 0x04, 0x06, 0x25,
0x25, 0x04, 0x05, 0x05, 0x06, 0x04, 0x05, 0x06, 0x06, 0x08, 0x08, 0x06, 0x07, 0x01, 0x01, 0x04,
0x05, 0x07, 0x0B, 0x0B, 0x0B, 0x32, 0x1D, 0x17, 0x18, 0x05, 0x0F, 0x09, 0x0A, 0x02, 0x03, 0x24,
0x22, 0x0D, 0x0E, 0x08, 0x08, 0x0D, 0x0E, 0x1E, 0x1D, 0x1C, 0x1D, 0x11, 0x09, 0x0F, 0x10, 0x1B,
0x24, 0x09, 0x09, 0x09, 0x0B, 0x01, 0x09, 0x07, 0x01, 0x01, 0x0B, 0x0C, 0x01, 0x02, 0x09, 0x07,
0x01, 0x02, 0x0F, 0x08, 0x08, 0x08, 0x03, 0x06, 0x14, 0x14, 0x2C, 0x2D, 0x23, 0x24, 0x0E, 0x0C,
0x10, 0x06, 0x0A, 0x0A, 0x08, 0x13, 0x17, 0x18, 0x1F, 0x16, 0x07, 0x08, 0x02, 0x04, 0x07, 0x08,
0x15, 0x08, 0x0F, 0x0F, 0x0D, 0x1F, 0x0D, 0x05, 0x0B, 0x0B, 0x09, 0x17, 0x13, 0x0A, 0x08, 0x09,
0x0C, 0x13, 0x09, 0x09, 0x07, 0x03, 0x05, 0x05, 0x05, 0x08, 0x07, 0x08, 0x05, 0x04, 0x08, 0x08,
0x06, 0x02, 0x10, 0x10, 0x13, 0x21, 0x07, 0x07, 0x03, 0x42, 0x02, 0x02, 0x02, 0x03, 0x01, 0x02,
0x01, 0x02, 0x03, 0x02, 0x02, 0x02, 0x01, 0xF6, 0x03, 0x04, 0x05, 0x03, 0x03, 0x02, 0x03, 0x06,
0x05, 0x02, 0x03, 0x03, 0xFE, 0xC9, 0x01, 0x02, 0x03, 0x02, 0x02, 0x02, 0x02, 0x02, 0x02, 0x02,
0x02, 0x02, 0xBF, 0x02, 0x02, 0x02, 0x03, 0x01, 0x02, 0x01, 0x02, 0x03, 0x02, 0x02, 0x02, 0x42,
0x02, 0x03, 0x04, 0x07, 0x0E, 0x03, 0x04, 0x15, 0x10, 0x02, 0x02, 0x0E, 0x16, 0x10, 0x10, 0x03,
0x01, 0x03, 0x03, 0x04, 0x05, 0x06, 0x06, 0x04, 0x0A, 0x03, 0x04, 0x07, 0x0C, 0x06, 0x06, 0x13,
0x1B, 0x34, 0x35, 0x0C, 0x08, 0x02, 0x02, 0x05, 0x09, 0x23, 0x24, 0x07, 0x02, 0xA9, 0x0A, 0x02,
0x03, 0x09, 0x03, 0x03, 0x06, 0x06, 0x04, 0x01, 0x04, 0x05, 0x04, 0x03, 0x03, 0x04, 0x01, 0x05,
0x04, 0x01, 0x04, 0x07, 0x01, 0x07, 0x03, 0x01, 0x04, 0x04, 0x05, 0x04, 0x01, 0x04, 0x06, 0x01,
0x07, 0x03, 0x01, 0x04, 0x04, 0x05, 0x04, 0x01, 0x04, 0x06, 0x06, 0x03, 0x03, 0x03, 0x02, 0x02,
0x0D, 0x0E, 0x06, 0x08, 0x07, 0x03, 0x04, 0x04, 0x03, 0x03, 0x03, 0x03, 0x02, 0x04, 0x04, 0x05,
0x05, 0x02, 0x05, 0x06, 0x05, 0x0C, 0x1C, 0x1D, 0x11, 0x05, 0x0C, 0x0D, 0x0C, 0x16, 0x04, 0x04,
0x01, 0x01, 0x01, 0x02, 0x04, 0x04, 0x04, 0x06, 0x01, 0x01, 0x07, 0x02, 0x01, 0x02, 0x02, 0x02,
0x02, 0x03, 0x01, 0x02, 0x02, 0x02, 0x03, 0x04, 0x02, 0x03, 0x08, 0x0B, 0x02, 0x02, 0x01, 0x01,
0x02, 0x04, 0x12, 0x12, 0x1B, 0x22, 0x09, 0x0A, 0x20, 0x1D, 0x0F, 0x0F, 0x0B, 0x0B, 0x0A, 0x06,
0x02, 0x03, 0x01, 0x01, 0x02, 0x02, 0x0B, 0x0E, 0x09, 0x09, 0x12, 0x0C, 0x05, 0x05, 0x0D, 0x0F,
0x09, 0x0A, 0x11, 0x0C, 0x04, 0x05, 0x0C, 0x06, 0x09, 0x0A, 0x06, 0x11, 0x06, 0x06, 0x01, 0x06,
0x07, 0x0B, 0x0A, 0x25, 0x10, 0x1A, 0x1A, 0x16, 0x34, 0x2D, 0x2E, 0x2F, 0x20, 0x10, 0x10, 0x15,
0x1E, 0x0A, 0x0B, 0x04, 0x02, 0x05, 0x06, 0x07, 0x10, 0x0F, 0x06, 0x07, 0x07, 0x03, 0x08, 0x04,
0x02, 0x01, 0x02, 0x07, 0x0B, 0x0B, 0x04, 0x03, 0x04, 0x0E, 0x0E, 0x07, 0x06, 0x0A, 0x0B, 0x04,
0x02, 0x03, 0x03, 0x01, 0x03, 0x01, 0x01, 0x09, 0x39, 0x02, 0x02, 0x02, 0x02, 0x02, 0x02, 0x02,
0x02, 0x02, 0x02, 0x02, 0x57, 0x01, 0x01, 0x01, 0x01, 0x01, 0x01, 0x01, 0x01, 0x2B, 0x10, 0x08,
0x09, 0x02, 0x01, 0x0A, 0x0B, 0x0D, 0x0D, 0x09, 0x0A, 0x0A, 0x0B, 0x22, 0x04, 0x02, 0x03, 0x02,
0x03, 0x04, 0x03, 0x02, 0x03, 0x02, 0x03, 0x49, 0x04, 0x09, 0x0A, 0x09, 0x15, 0x10, 0x10, 0x0D,
0x0A, 0x06, 0x06, 0x04, 0x07, 0x18, 0x18, 0x16, 0x03, 0x03, 0x03, 0x02, 0x01, 0x02, 0x03, 0x02,
0x06, 0x01, 0x02, 0x0E, 0x18, 0x1A, 0x1B, 0x0C, 0x10, 0x0A, 0x0B, 0x18, 0x0E, 0x15, 0x15, 0x0B,
0x12, 0x0C, 0x0C, 0x12, 0x00, 0x02, 0x00, 0x00, 0xFF, 0xC0, 0x0B, 0xB3, 0x03, 0xC0, 0x00, 0xCC,
0x00, 0xF7, 0x00, 0x00, 0x01, 0x31, 0x36, 0x37, 0x31, 0x36, 0x33, 0x36, 0x33, 0x31, 0x32, 0x17,
0x31, 0x32, 0x17, 0x31, 0x16, 0x33, 0x16, 0x17, 0x31, 0x32, 0x17, 0x31, 0x16, 0x17, 0x31, 0x16,
0x17, 0x16, 0x17, 0x31, 0x16, 0x17, 0x31, 0x16, 0x17, 0x16, 0x07, 0x31, 0x0F, 0x01, 0x06, 0x07,
0x06, 0x07, 0x31, 0x06, 0x17, 0x16, 0x33, 0x31, 0x32, 0x17, 0x16, 0x17, 0x31, 0x16, 0x07, 0x06,
0x07, 0x31, 0x06, 0x07, 0x06, 0x27, 0x31, 0x26, 0x07, 0x06, 0x07, 0x31, 0x06, 0x07, 0x06, 0x07,
0x31, 0x07, 0x21, 0x27, 0x26, 0x27, 0x26, 0x27, 0x31, 0x27, 0x25, 0x07, 0x06, 0x07, 0x06, 0x23,
0x31, 0x22, 0x27, 0x26, 0x27, 0x31, 0x26, 0x23, 0x26, 0x07, 0x31, 0x06, 0x07, 0x06, 0x23, 0x31,
0x22, 0x07, 0x06, 0x07, 0x31, 0x06, 0x07, 0x06, 0x07, 0x31, 0x06, 0x07, 0x06, 0x07, 0x31, 0x06,
0x07, 0x06, 0x07, 0x31, 0x06, 0x07, 0x06, 0x07, 0x31, 0x06, 0x07, 0x06, 0x27, 0x31, 0x26, 0x27,
0x26, 0x27, 0x31, 0x26, 0x27, 0x26, 0x23, 0x31, 0x22, 0x07, 0x06, 0x07, 0x31, 0x06, 0x07, 0x06,
0x07, 0x31, 0x06, 0x07, 0x06, 0x07, 0x31, 0x06, 0x07, 0x06, 0x07, 0x31, 0x06, 0x27, 0x26, 0x27,
0x31, 0x26, 0x27, 0x26, 0x37, 0x31, 0x36, 0x37, 0x36, 0x17, 0x31, 0x16, 0x17, 0x16, 0x17, 0x31,
0x17, 0x37, 0x36, 0x37, 0x36, 0x37, 0x31, 0x36, 0x37, 0x31, 0x36, 0x37, 0x36, 0x37, 0x31, 0x36,
0x37, 0x03, 0x31, 0x06, 0x07, 0x06, 0x17, 0x31, 0x16, 0x07, 0x06, 0x27, 0x31, 0x26, 0x27, 0x26,
0x35, 0x31, 0x35, 0x07, 0x06, 0x17, 0x16, 0x17, 0x31, 0x16, 0x33, 0x32, 0x37, 0x31, 0x36, 0x37,
0x36, 0x27, 0x31, 0x26, 0x27, 0x26, 0x23, 0x31, 0x22, 0x07, 0x06, 0x07, 0x03, 0x67, 0x10, 0x1B,
0x1B, 0x30, 0x30, 0x49, 0x4A, 0x6C, 0x4C, 0x77, 0x78, 0x8B, 0x8C, 0x96, 0x95, 0x88, 0xB1, 0x7E,
0x7D, 0x51, 0x51, 0x26, 0x26, 0x02, 0x04, 0x01, 0x02, 0x01, 0x02, 0x24, 0x17, 0x07, 0x07, 0x02,
0x04, 0x04, 0x05, 0x0E, 0x13, 0x09, 0x0A, 0x05, 0x05, 0x04, 0x05, 0x0B, 0x04, 0x09, 0x0A, 0x0C,
0x12, 0x04, 0x05, 0x02, 0x01, 0x07, 0x07, 0x08, 0x14, 0xFD, 0x4A, 0x11, 0x09, 0x04, 0x05, 0x01,
0x01, 0xFE, 0x11, 0x0B, 0x08, 0x06, 0x06, 0x14, 0x0F, 0x09, 0x09, 0x06, 0x08, 0x0E, 0x0F, 0x40,
0x25, 0x29, 0x29, 0x14, 0x15, 0x11, 0x12, 0x04, 0x04, 0x08, 0x08, 0x07, 0x07, 0x05, 0x06, 0x01,
0x01, 0x0A, 0x0B, 0x15, 0x23, 0x2A, 0x2A, 0x35, 0x3E, 0x30, 0x31, 0x2F, 0x1F, 0x10, 0x11, 0x15,
0x15, 0x10, 0x10, 0x1F, 0x16, 0x1C, 0x1D, 0x35, 0x24, 0x0F, 0x0F, 0x11, 0x0B, 0x0A, 0x0A, 0x04,
0x04, 0x05, 0x05, 0x08, 0x1A, 0x38, 0x39, 0x13, 0x15, 0x04, 0x05, 0x0F, 0x08, 0x09, 0x09, 0x1C,
0x0E, 0x12, 0x12, 0x0E, 0x21, 0x67, 0x35, 0x21, 0x21, 0x13, 0x1E, 0x25, 0x26, 0x2A, 0x2A, 0x2C,
0x2B, 0x2A, 0x40, 0x14, 0x06, 0x06, 0x09, 0x08, 0x03, 0x03, 0x0C, 0x08, 0x02, 0x03, 0x10, 0x18,
0x0B, 0x0B, 0x28, 0x1B, 0x16, 0x16, 0x1A, 0x37, 0x14, 0x15, 0x1C, 0x0C, 0x0A, 0x0B, 0x25, 0x23,
0x0C, 0x0C, 0x0C, 0x02, 0x9F, 0x02, 0x01, 0x02, 0x01, 0x01, 0x01, 0x01, 0x01, 0x01, 0x01, 0x01,
0x01, 0x01, 0x01, 0x01, 0x01, 0x01, 0x02, 0x03, 0x0B, 0x0C, 0x18, 0x2C, 0x01, 0x01, 0x02, 0x03,
0x07, 0x0B, 0x05, 0x05, 0x07, 0x08, 0x11, 0x14, 0x17, 0x18, 0x08, 0x04, 0x01, 0x02, 0x01, 0x01,
0x01, 0x02, 0x0B, 0x06, 0x08, 0x09, 0x06, 0x10, 0x0D, 0x06, 0x07, 0x07, 0x09, 0x12, 0x03, 0x13,
0x0E, 0x02, 0x03, 0x02, 0x03, 0x05, 0x08, 0x01, 0x03, 0x02, 0x01, 0x02, 0x01, 0x02, 0x03, 0x02,
0x03, 0x04, 0x03, 0x02, 0x04, 0x05, 0x04, 0x04, 0x04, 0x04, 0x03, 0x06, 0x12, 0x12, 0x20, 0x25,
0x0A, 0x0A, 0x0E, 0x09, 0x0E, 0x0F, 0x24, 0x24, 0x0B, 0x0B, 0x11, 0x12, 0x2F, 0x20, 0x11, 0x12,
0x1D, 0x13, 0x14, 0x15, 0x08, 0x0D, 0x05, 0x05, 0x01, 0x03, 0x25, 0x26, 0x21, 0x23, 0x49, 0x49,
0x45, 0x29, 0x04, 0x05, 0x14, 0x09, 0x08, 0x09, 0x03, 0x08, 0x29, 0x15, 0x10, 0x10, 0x0D, 0x16,
0x13, 0x13, 0x10, 0x10, 0x0C, 0x0B, 0x06, 0xFE, 0xC7, 0x0D, 0x14, 0x14, 0x16, 0x15, 0x02, 0x03,
0x11, 0x0B, 0x0A, 0x0B, 0x14, 0x21, 0x10, 0x18, 0x1A, 0x1B, 0x0C, 0x08, 0x08, 0x11, 0x1F, 0x1F,
0x17, 0x0A, 0x02, 0x02, 0x02, 0x02, 0x08, 0x00, 0x00, 0x07, 0x00, 0x00, 0xFF, 0xC0, 0x0B, 0xB5,
0x03, 0xC0, 0x02, 0x7A, 0x02, 0xA2, 0x02, 0xB6, 0x02, 0xDC, 0x02, 0xE7, 0x02, 0xFE, 0x03, 0x1D,
0x00, 0x00, 0x01, 0x31, 0x34, 0x37, 0x36, 0x33, 0x31, 0x32, 0x17, 0x16, 0x15, 0x31, 0x14, 0x17,
0x16, 0x17, 0x31, 0x16, 0x17, 0x16, 0x15, 0x31, 0x14, 0x17, 0x16, 0x33, 0x31, 0x32, 0x37, 0x36,
0x35, 0x31, 0x34, 0x37, 0x36, 0x33, 0x31, 0x32, 0x17, 0x16, 0x15, 0x31, 0x14, 0x37, 0x36, 0x37,
0x31, 0x36, 0x37, 0x36, 0x33, 0x31, 0x33, 0x17, 0x16, 0x07, 0x06, 0x07, 0x31, 0x06, 0x07, 0x06,
0x23, 0x31, 0x22, 0x27, 0x26, 0x27, 0x31, 0x26, 0x27, 0x26, 0x23, 0x31, 0x23, 0x15, 0x21, 0x32,
0x37, 0x36, 0x35, 0x31, 0x34, 0x27, 0x26, 0x07, 0x31, 0x07, 0x35, 0x33, 0x32, 0x17, 0x16, 0x17,
0x31, 0x16, 0x33, 0x32, 0x37, 0x31, 0x34, 0x37, 0x36, 0x33, 0x31, 0x32, 0x17, 0x16, 0x17, 0x31,
0x17, 0x33, 0x32, 0x17, 0x16, 0x17, 0x31, 0x16, 0x15, 0x06, 0x07, 0x31, 0x06, 0x15, 0x06, 0x33,
0x31, 0x32, 0x17, 0x16, 0x15, 0x31, 0x15, 0x33, 0x32, 0x37, 0x36, 0x37, 0x31, 0x36, 0x37, 0x36,
0x33, 0x31, 0x32, 0x17, 0x16, 0x17, 0x31, 0x16, 0x15, 0x14, 0x23, 0x31, 0x22, 0x15, 0x14, 0x17,
0x31, 0x16, 0x15, 0x14, 0x07, 0x31, 0x06, 0x07, 0x31, 0x06, 0x07, 0x06, 0x23, 0x31, 0x26, 0x27,
0x31, 0x26, 0x23, 0x31, 0x26, 0x23, 0x22, 0x07, 0x31, 0x22, 0x07, 0x31, 0x05, 0x15, 0x14, 0x07,
0x06, 0x23, 0x31, 0x22, 0x27, 0x26, 0x27, 0x31, 0x26, 0x23, 0x22, 0x07, 0x31, 0x06, 0x23, 0x22,
0x27, 0x31, 0x26, 0x23, 0x22, 0x07, 0x31, 0x06, 0x23, 0x22, 0x27, 0x31, 0x26, 0x23, 0x06, 0x15,
0x31, 0x14, 0x23, 0x22, 0x27, 0x31, 0x26, 0x23, 0x26, 0x07, 0x31, 0x06, 0x23, 0x22, 0x27, 0x31,
0x26, 0x23, 0x22, 0x07, 0x31, 0x06, 0x23, 0x22, 0x27, 0x31, 0x26, 0x23, 0x22, 0x07, 0x31, 0x06,
0x23, 0x06, 0x27, 0x31, 0x26, 0x23, 0x26, 0x07, 0x31, 0x06, 0x23, 0x22, 0x27, 0x31, 0x26, 0x23,
0x26, 0x07, 0x31, 0x06, 0x07, 0x06, 0x23, 0x31, 0x22, 0x27, 0x26, 0x35, 0x31, 0x34, 0x23, 0x26,
0x07, 0x31, 0x06, 0x07, 0x06, 0x07, 0x31, 0x06, 0x07, 0x06, 0x07, 0x31, 0x06, 0x17, 0x16, 0x17,
0x31, 0x16, 0x07, 0x06, 0x23, 0x31, 0x22, 0x07, 0x06, 0x15, 0x31, 0x14, 0x07, 0x06, 0x07, 0x31,
0x06, 0x07, 0x06, 0x07, 0x31, 0x06, 0x07, 0x06, 0x07, 0x31, 0x06, 0x27, 0x26, 0x27, 0x31, 0x27,
0x07, 0x06, 0x07, 0x06, 0x27, 0x31, 0x27, 0x07, 0x06, 0x07, 0x06, 0x15, 0x31, 0x14, 0x07, 0x06,
0x23, 0x31, 0x22, 0x07, 0x06, 0x07, 0x31, 0x06, 0x07, 0x06, 0x27, 0x31, 0x26, 0x27, 0x26, 0x35,
0x31, 0x34, 0x37, 0x36, 0x37, 0x31, 0x36, 0x37, 0x36, 0x35, 0x31, 0x34, 0x27, 0x26, 0x27, 0x31,
0x26, 0x27, 0x26, 0x23, 0x31, 0x22, 0x27, 0x26, 0x27, 0x31, 0x26, 0x27, 0x26, 0x07, 0x31, 0x0F,
0x01, 0x06, 0x07, 0x06, 0x07, 0x31, 0x07, 0x21, 0x27, 0x26, 0x27, 0x26, 0x23, 0x31, 0x23, 0x0F,
0x01, 0x06, 0x07, 0x06, 0x07, 0x31, 0x06, 0x07, 0x06, 0x07, 0x31, 0x06, 0x23, 0x22, 0x27, 0x31,
0x26, 0x35, 0x36, 0x37, 0x31, 0x36, 0x35, 0x36, 0x27, 0x31, 0x26, 0x37, 0x36, 0x17, 0x31, 0x16,
0x17, 0x16, 0x17, 0x31, 0x16, 0x17, 0x16, 0x33, 0x31, 0x32, 0x17, 0x16, 0x15, 0x31, 0x15, 0x37,
0x36, 0x37, 0x36, 0x37, 0x31, 0x36, 0x37, 0x36, 0x33, 0x31, 0x33, 0x35, 0x23, 0x22, 0x27, 0x26,
0x27, 0x31, 0x26, 0x27, 0x26, 0x35, 0x31, 0x36, 0x37, 0x36, 0x37, 0x31, 0x36, 0x37, 0x31, 0x36,
0x37, 0x36, 0x37, 0x31, 0x32, 0x15, 0x31, 0x14, 0x07, 0x06, 0x07, 0x31, 0x06, 0x07, 0x06, 0x23,
0x31, 0x23, 0x15, 0x33, 0x37, 0x33, 0x32, 0x37, 0x36, 0x35, 0x31, 0x34, 0x37, 0x36, 0x33, 0x31,
0x32, 0x37, 0x36, 0x27, 0x31, 0x26, 0x27, 0x26, 0x23, 0x31, 0x22, 0x27, 0x26, 0x27, 0x31, 0x26,
0x37, 0x36, 0x37, 0x31, 0x36, 0x37, 0x36, 0x37, 0x31, 0x36, 0x17, 0x16, 0x17, 0x31, 0x16, 0x17,
0x16, 0x33, 0x31, 0x32, 0x17, 0x16, 0x17, 0x31, 0x17, 0x33, 0x32, 0x37, 0x36, 0x35, 0x31, 0x35,
0x07, 0x06, 0x07, 0x06, 0x23, 0x31, 0x06, 0x27, 0x26, 0x27, 0x31, 0x26, 0x35, 0x36, 0x37, 0x31,
0x36, 0x33, 0x31, 0x36, 0x33, 0x16, 0x17, 0x31, 0x16, 0x17, 0x31, 0x16, 0x37, 0x36, 0x35, 0x31,
0x34, 0x37, 0x36, 0x33, 0x31, 0x32, 0x17, 0x16, 0x17, 0x31, 0x16, 0x17, 0x16, 0x33, 0x31, 0x32,
0x37, 0x36, 0x37, 0x31, 0x36, 0x37, 0x36, 0x33, 0x31, 0x32, 0x37, 0x36, 0x35, 0x07, 0x31, 0x14,
0x15, 0x16, 0x15, 0x31, 0x17, 0x33, 0x35, 0x23, 0x22, 0x07, 0x06, 0x07, 0x31, 0x06, 0x23, 0x06,
0x27, 0x31, 0x26, 0x07, 0x06, 0x07, 0x31, 0x06, 0x23, 0x06, 0x27, 0x31, 0x26, 0x27, 0x26, 0x27,
0x31, 0x22, 0x23, 0x22, 0x23, 0x05, 0x31, 0x06, 0x17, 0x16, 0x33, 0x31, 0x32, 0x37, 0x36, 0x27,
0x31, 0x26, 0x27, 0x26, 0x23, 0x31, 0x22, 0x07, 0x06, 0x05, 0x31, 0x14, 0x17, 0x16, 0x33, 0x31,
0x32, 0x17, 0x16, 0x07, 0x31, 0x06, 0x15, 0x14, 0x17, 0x31, 0x16, 0x15, 0x16, 0x07, 0x31, 0x06,
0x17, 0x16, 0x33, 0x31, 0x32, 0x37, 0x36, 0x35, 0x31, 0x35, 0x23, 0x22, 0x07, 0x06, 0x15, 0x05,
0x31, 0x14, 0x17, 0x16, 0x17, 0x31, 0x17, 0x33, 0x35, 0x23, 0x05, 0x31, 0x06, 0x07, 0x06, 0x17,
0x31, 0x16, 0x17, 0x16, 0x33, 0x31, 0x33, 0x27, 0x26, 0x27, 0x26, 0x35, 0x31, 0x34, 0x27, 0x26,
0x07, 0x17, 0x31, 0x06, 0x07, 0x06, 0x17, 0x31, 0x16, 0x17, 0x16, 0x33, 0x31, 0x16, 0x37, 0x36,
0x37, 0x31, 0x36, 0x37, 0x36, 0x35, 0x31, 0x34, 0x27, 0x26, 0x23, 0x31, 0x22, 0x07, 0x06, 0x07,
0x05, 0x19, 0x04, 0x04, 0x0F, 0x0F, 0x04, 0x04, 0x02, 0x03, 0x02, 0x03, 0x02, 0x02, 0x0A, 0x0A,
0x10, 0x0C, 0x04, 0x04, 0x06, 0x06, 0x1B, 0x1B, 0x06, 0x06, 0x28, 0x28, 0x51, 0x45, 0x17, 0x17,
0x43, 0x5A, 0x03, 0x03, 0x02, 0x02, 0x04, 0x01, 0x19, 0x19, 0x23, 0x3E, 0x17, 0x17, 0x44, 0x34,
0x1C, 0x1C, 0x16, 0x27, 0x01, 0x0E, 0xAC, 0x31, 0x31, 0x09, 0x0A, 0x20, 0x33, 0x27, 0x10, 0x0F,
0x10, 0x05, 0x07, 0x03, 0x04, 0x01, 0x05, 0x05, 0x07, 0x0B, 0x03, 0x03, 0x04, 0x05, 0x97, 0x3F,
0x2D, 0x2E, 0x01, 0x02, 0x01, 0x03, 0x02, 0x01, 0x02, 0x02, 0x01, 0x02, 0x83, 0x43, 0x20, 0x21,
0x01, 0x01, 0x19, 0x1A, 0x33, 0x6C, 0x3C, 0x3C, 0x05, 0x03, 0x03, 0x05, 0x05, 0x03, 0x03, 0x03,
0x33, 0x34, 0x3D, 0x3E, 0x34, 0x33, 0x04, 0x01, 0x1B, 0x1B, 0x2E, 0x2F, 0x3D, 0x3E, 0x45, 0xFE,
0xB1, 0x02, 0x02, 0x0B, 0x07, 0x05, 0x05, 0x01, 0x01, 0x03, 0x03, 0x06, 0x06, 0x03, 0x03, 0x02,
0x02, 0x03, 0x03, 0x05, 0x04, 0x03, 0x04, 0x01, 0x03, 0x0B, 0x0B, 0x01, 0x02, 0x03, 0x05, 0x0A,
0x0B, 0x03, 0x01, 0x03, 0x03, 0x05, 0x05, 0x03, 0x04, 0x06, 0x04, 0x03, 0x03, 0x01, 0x03, 0x0B,
0x0B, 0x03, 0x01, 0x02, 0x03, 0x02, 0x06, 0x2A, 0x2B, 0x03, 0x01, 0x02, 0x03, 0x02, 0x06, 0x2A,
0x2B, 0x02, 0x01, 0x05, 0x05, 0x05, 0x0A, 0x02, 0x02, 0x05, 0x06, 0x05, 0x02, 0x05, 0x06, 0x0D,
0x10, 0x03, 0x03, 0x01, 0x01, 0x01, 0x02, 0x02, 0x05, 0x02, 0x02, 0x09, 0x07, 0x01, 0x01, 0x01,
0x02, 0x03, 0x03, 0x19, 0x19, 0x22, 0x21, 0x1A, 0x1A, 0x03, 0x05, 0x02, 0x02, 0x02, 0x03, 0x0F,
0x06, 0x1A, 0x1B, 0x20, 0x4D, 0x0C, 0x05, 0x03, 0x04, 0x01, 0x02, 0x04, 0x07, 0x15, 0x16, 0x01,
0x01, 0x04, 0x05, 0x10, 0x17, 0x2B, 0x2B, 0x11, 0x12, 0x19, 0x29, 0x0E, 0x0E, 0x04, 0x04, 0x06,
0x0A, 0x08, 0x09, 0x25, 0x1D, 0x0C, 0x0C, 0x03, 0x05, 0x13, 0x13, 0x38, 0x32, 0x1F, 0x10, 0x08,
0x08, 0x01, 0x02, 0xFE, 0xA7, 0x05, 0x03, 0x06, 0x06, 0x15, 0x1F, 0x02, 0x14, 0x0A, 0x05, 0x05,
0x02, 0x01, 0x05, 0x06, 0x0B, 0x09, 0x07, 0x07, 0x01, 0x01, 0x01, 0x02, 0x03, 0x01, 0x03, 0x05,
0x01, 0x02, 0x14, 0x09, 0x08, 0x08, 0x02, 0x02, 0x06, 0x06, 0x07, 0x0F, 0x03, 0x04, 0x1F, 0x15,
0x05, 0x06, 0x01, 0x01, 0x07, 0x08, 0x28, 0x37, 0x27, 0x19, 0x0A, 0x0A, 0x08, 0x0A, 0x02, 0x02,
0x01, 0x03, 0x03, 0x03, 0x01, 0x47, 0x47, 0x54, 0x54, 0x46, 0x46, 0x2A, 0x2A, 0x0E, 0x09, 0x0E,
0x0E, 0x27, 0x3D, 0x81, 0x6B, 0x24, 0x24, 0x0C, 0x0C, 0x03, 0x03, 0x0D, 0x09, 0x04, 0x04, 0x01,
0x01, 0x03, 0x04, 0x04, 0x03, 0x03, 0x04, 0x01, 0x05, 0x0A, 0x0A, 0x12, 0x0A, 0x09, 0x0A, 0x05,
0x06, 0x06, 0x06, 0x0D, 0x0C, 0x0B, 0x0C, 0x0E, 0x15, 0x03, 0x04, 0x02, 0x01, 0x2A, 0x2F, 0x06,
0x06, 0x14, 0x08, 0x24, 0x24, 0x2B, 0x3C, 0x16, 0x17, 0x02, 0x04, 0x01, 0x04, 0x03, 0x21, 0x20,
0x27, 0x27, 0x22, 0x21, 0x03, 0x0C, 0x0A, 0x0B, 0x06, 0x06, 0x1B, 0x1A, 0x06, 0x07, 0x02, 0x01,
0x05, 0x06, 0x10, 0x15, 0x08, 0x09, 0x04, 0x01, 0x02, 0x03, 0x01, 0x02, 0x01, 0x01, 0x50, 0x01,
0x02, 0xC1, 0x15, 0x08, 0x07, 0x07, 0x01, 0x01, 0x03, 0x03, 0x03, 0x02, 0x04, 0x04, 0x03, 0x07,
0x10, 0x10, 0x0B, 0x0E, 0x0A, 0x0B, 0x12, 0x0A, 0x07, 0x08, 0x01, 0xFE, 0xB8, 0x01, 0x02, 0x02,
0x04, 0x04, 0x02, 0x02, 0x01, 0x01, 0x02, 0x02, 0x02, 0x02, 0x02, 0x02, 0x04, 0x83, 0x06, 0x06,
0x08, 0x10, 0x05, 0x05, 0x06, 0x02, 0x03, 0x03, 0x01, 0x01, 0x02, 0x11, 0x11, 0x28, 0x40, 0x09,
0x09, 0x63, 0x2F, 0x1A, 0x1A, 0xF8, 0xD8, 0x01, 0x01, 0x01, 0x03, 0x40, 0x46, 0x03, 0x80, 0x04,
0x01, 0x01, 0x03, 0x02, 0x04, 0x05, 0x05, 0x0D, 0x06, 0x03, 0x02, 0x02, 0x03, 0x04, 0x06, 0x2C,
0x0E, 0x01, 0x01, 0x08, 0x03, 0x06, 0x06, 0x15, 0x0D, 0x0D, 0x0D, 0x05, 0x09, 0x01, 0x02, 0x08,
0x08, 0x19, 0x11, 0x06, 0x07, 0x0D, 0x02, 0xE3, 0x06, 0x01, 0x02, 0x01, 0x02, 0x05, 0x04, 0x03,
0x04, 0x01, 0x01, 0x03, 0x03, 0x03, 0x0B, 0x07, 0x07, 0x01, 0x02, 0x06, 0x07, 0x01, 0x01, 0x01,
0x01, 0x07, 0x0C, 0x03, 0x03, 0x12, 0x0F, 0x03, 0x03, 0x1F, 0x18, 0x2E, 0x2E, 0x06, 0x02, 0x01,
0x01, 0x02, 0x03, 0x0F, 0x0C, 0x04, 0x05, 0x51, 0x01, 0x01, 0x04, 0x04, 0x01, 0x01, 0x02, 0x04,
0x2B, 0x01, 0x02, 0x02, 0x03, 0x03, 0x02, 0x01, 0x02, 0x03, 0x04, 0x12, 0x18, 0x01, 0x01, 0x01,
0x02, 0x03, 0x04, 0x04, 0x04, 0x02, 0x03, 0x0B, 0x0B, 0x11, 0x27, 0x01, 0x01, 0x03, 0x02, 0x01,
0x01, 0x03, 0x04, 0x05, 0x04, 0x01, 0x01, 0x09, 0x09, 0x03, 0x02, 0x02, 0x02, 0x03, 0x02, 0x02,
0x02, 0x01, 0x02, 0x01, 0x02, 0x01, 0x01, 0x01, 0x01, 0x03, 0x14, 0x0F, 0x02, 0x03, 0x01, 0x02,
0x03, 0x03, 0x04, 0x03, 0x03, 0x04, 0x03, 0x03, 0x02, 0x05, 0x01, 0x05, 0x03, 0x03, 0x05, 0x01,
0x05, 0x02, 0x03, 0x03, 0x03, 0x03, 0x02, 0x04, 0x04, 0x02, 0x01, 0x01, 0x04, 0x01, 0x04, 0x02,
0x01, 0x04, 0x01, 0x04, 0x01, 0x01, 0x02, 0x03, 0x03, 0x0F, 0x13, 0x01, 0x12, 0x09, 0x07, 0x07,
0x08, 0x0B, 0x05, 0x05, 0x12, 0x0A, 0x0B, 0x0C, 0x07, 0x0D, 0x05, 0x06, 0x0C, 0x0C, 0x3C, 0x2F,
0x14, 0x14, 0x03, 0x01, 0x06, 0x06, 0x06, 0x06, 0x05, 0x05, 0x01, 0x01, 0x0E, 0x0E, 0x3B, 0x58,
0x04, 0x01, 0x01, 0x01, 0x01, 0x01, 0x12, 0x08, 0x09, 0x0A, 0x06, 0x07, 0x03, 0x04, 0x22, 0x22,
0x0D, 0x11, 0x04, 0x04, 0x02, 0x04, 0x0C, 0x0D, 0x03, 0x01, 0x1B, 0x1B, 0x24, 0x3B, 0x19, 0x19,
0x0E, 0x03, 0x06, 0x06, 0x05, 0x0A, 0x02, 0x02, 0x01, 0x01, 0x05, 0x05, 0x01, 0x01, 0x04, 0x03,
0x27, 0x13, 0x0D, 0x0E, 0x07, 0x0F, 0x0B, 0x07, 0x01, 0x02, 0x4C, 0x01, 0x01, 0x02, 0x03, 0x04,
0x05, 0x03, 0x03, 0x01, 0x02, 0x01, 0x02, 0x1A, 0x1A, 0x24, 0x2D, 0x26, 0x26, 0x25, 0x51, 0x08,
0x08, 0x02, 0x02, 0x02, 0x03, 0x03, 0x03, 0x02, 0x02, 0x08, 0x08, 0x25, 0x27, 0x01, 0x01, 0x02,
0x02, 0x07, 0x07, 0x01, 0x02, 0x1C, 0x01, 0x02, 0x06, 0x07, 0x06, 0x07, 0x1B, 0x1A, 0x19, 0x19,
0x03, 0x02, 0x01, 0x01, 0x01, 0x01, 0x01, 0x01, 0x0A, 0x36, 0x37, 0x09, 0x05, 0x02, 0x02, 0x20,
0x78, 0x04, 0x05, 0x0E, 0x0A, 0x02, 0x02, 0x01, 0x01, 0x02, 0x02, 0x01, 0x02, 0x01, 0x02, 0x02,
0x07, 0x05, 0x06, 0x02, 0x01, 0x02, 0x02, 0x02, 0x03, 0x01, 0x01, 0x06, 0x06, 0x02, 0x03, 0x01,
0x02, 0x0B, 0x0F, 0x04, 0x05, 0x23, 0x27, 0x03, 0x01, 0x02, 0x02, 0x02, 0x01, 0x01, 0x04, 0x06,
0x25, 0x26, 0x03, 0x02, 0x01, 0x01, 0x01, 0x01, 0x02, 0x06, 0x01, 0x01, 0x08, 0x07, 0x01, 0x01,
0x01, 0x02, 0x06, 0x06, 0x01, 0x02, 0x05, 0x05, 0x0F, 0x05, 0x03, 0x04, 0x02, 0x03, 0x04, 0x76,
0x01, 0x07, 0x07, 0x09, 0x18, 0x2E, 0x01, 0x01, 0x02, 0x02, 0x01, 0x01, 0x01, 0x01, 0x01, 0x02,
0x05, 0x01, 0x05, 0x07, 0x02, 0x02, 0x01, 0x4C, 0x01, 0x01, 0x02, 0x01, 0x02, 0x01, 0x02, 0x01,
0x02, 0x01, 0x02, 0x2B, 0x02, 0x01, 0x02, 0x04, 0x05, 0x0B, 0x04, 0x03, 0x03, 0x02, 0x01, 0x03,
0x03, 0x02, 0x02, 0x01, 0x02, 0x04, 0x04, 0x1E, 0x12, 0x01, 0x02, 0x02, 0xC4, 0x0C, 0x0C, 0x0D,
0x06, 0x0F, 0x58, 0x3D, 0x04, 0x17, 0x18, 0x0A, 0x03, 0x02, 0x02, 0x10, 0x06, 0x09, 0x0A, 0x06,
0x0F, 0x06, 0x06, 0x06, 0x0D, 0x0E, 0x06, 0x07, 0x16, 0x06, 0x02, 0x02, 0x01, 0x01, 0x02, 0x02,
0x04, 0x05, 0x05, 0x12, 0x19, 0x08, 0x09, 0x03, 0x03, 0x0D, 0x00, 0x00, 0x00, 0x06, 0x00, 0x00,
0xFF, 0xC0, 0x0A, 0x09, 0x03, 0xC0, 0x02, 0x07, 0x02, 0x1E, 0x02, 0x32, 0x02, 0x46, 0x02, 0x7B,
0x02, 0x8B, 0x00, 0x00, 0x01, 0x31, 0x36, 0x37, 0x36, 0x33, 0x31, 0x32, 0x17, 0x16, 0x17, 0x31,
0x16, 0x17, 0x16, 0x33, 0x31, 0x32, 0x37, 0x36, 0x35, 0x31, 0x34, 0x33, 0x16, 0x17, 0x31, 0x16,
0x37, 0x36, 0x35, 0x31, 0x34, 0x37, 0x36, 0x33, 0x31, 0x32, 0x17, 0x16, 0x15, 0x31, 0x15, 0x33,
0x32, 0x37, 0x36, 0x37, 0x31, 0x36, 0x37, 0x36, 0x33, 0x31, 0x32, 0x37, 0x36, 0x35, 0x31, 0x34,
0x37, 0x36, 0x33, 0x31, 0x32, 0x17, 0x16, 0x15, 0x31, 0x14, 0x17, 0x16, 0x17, 0x31, 0x16, 0x07,
0x06, 0x07, 0x31, 0x07, 0x17, 0x16, 0x17, 0x16, 0x15, 0x31, 0x14, 0x17, 0x16, 0x37, 0x31, 0x32,
0x37, 0x36, 0x37, 0x31, 0x36, 0x33, 0x36, 0x33, 0x31, 0x16, 0x17, 0x16, 0x17, 0x31, 0x16, 0x33,
0x16, 0x37, 0x31, 0x25, 0x37, 0x36, 0x37, 0x36, 0x37, 0x31, 0x36, 0x37, 0x36, 0x33, 0x31, 0x33,
0x15, 0x14, 0x17, 0x16, 0x37, 0x31, 0x36, 0x17, 0x16, 0x17, 0x31, 0x16, 0x17, 0x16, 0x33, 0x31,
0x32, 0x17, 0x16, 0x15, 0x31, 0x14, 0x07, 0x06, 0x23, 0x31, 0x22, 0x07, 0x06, 0x15, 0x31, 0x14,
0x17, 0x16, 0x33, 0x31, 0x32, 0x17, 0x16, 0x15, 0x31, 0x14, 0x07, 0x06, 0x23, 0x31, 0x22, 0x07,
0x06, 0x15, 0x31, 0x14, 0x07, 0x06, 0x07, 0x31, 0x06, 0x17, 0x16, 0x37, 0x31, 0x36, 0x37, 0x36,
0x37, 0x31, 0x36, 0x17, 0x16, 0x15, 0x31, 0x14, 0x07, 0x06, 0x27, 0x31, 0x26, 0x27, 0x26, 0x27,
0x31, 0x26, 0x07, 0x06, 0x15, 0x31, 0x14, 0x07, 0x06, 0x23, 0x31, 0x06, 0x07, 0x06, 0x17, 0x31,
0x17, 0x27, 0x26, 0x27, 0x26, 0x35, 0x31, 0x34, 0x27, 0x26, 0x23, 0x31, 0x22, 0x27, 0x26, 0x27,
0x31, 0x26, 0x07, 0x06, 0x07, 0x31, 0x06, 0x07, 0x06, 0x23, 0x31, 0x22, 0x07, 0x06, 0x07, 0x31,
0x07, 0x21, 0x22, 0x27, 0x26, 0x27, 0x31, 0x26, 0x27, 0x26, 0x27, 0x31, 0x27, 0x07, 0x06, 0x07,
0x06, 0x23, 0x31, 0x22, 0x15, 0x06, 0x17, 0x31, 0x16, 0x07, 0x06, 0x07, 0x31, 0x06, 0x17, 0x16,
0x17, 0x31, 0x16, 0x17, 0x16, 0x23, 0x31, 0x14, 0x07, 0x31, 0x06, 0x07, 0x06, 0x07, 0x31, 0x06,
0x07, 0x31, 0x06, 0x27, 0x31, 0x26, 0x27, 0x26, 0x27, 0x31, 0x26, 0x35, 0x31, 0x34, 0x27, 0x26,
0x07, 0x31, 0x06, 0x07, 0x06, 0x07, 0x31, 0x06, 0x07, 0x06, 0x07, 0x31, 0x06, 0x07, 0x06, 0x17,
0x31, 0x16, 0x07, 0x06, 0x07, 0x31, 0x06, 0x27, 0x26, 0x27, 0x31, 0x26, 0x37, 0x36, 0x37, 0x31,
0x36, 0x37, 0x36, 0x27, 0x31, 0x26, 0x27, 0x26, 0x27, 0x31, 0x26, 0x27, 0x26, 0x35, 0x31, 0x35,
0x23, 0x15, 0x14, 0x07, 0x06, 0x23, 0x31, 0x23, 0x15, 0x23, 0x15, 0x14, 0x07, 0x06, 0x23, 0x31,
0x22, 0x27, 0x26, 0x35, 0x31, 0x34, 0x07, 0x06, 0x07, 0x31, 0x06, 0x07, 0x06, 0x23, 0x31, 0x06,
0x37, 0x36, 0x37, 0x31, 0x36, 0x37, 0x36, 0x23, 0x31, 0x22, 0x07, 0x06, 0x07, 0x31, 0x06, 0x07,
0x06, 0x07, 0x31, 0x06, 0x07, 0x06, 0x07, 0x31, 0x06, 0x07, 0x06, 0x07, 0x31, 0x06, 0x07, 0x06,
0x23, 0x31, 0x22, 0x27, 0x26, 0x27, 0x31, 0x26, 0x27, 0x26, 0x35, 0x31, 0x34, 0x37, 0x36, 0x37,
0x31, 0x36, 0x37, 0x36, 0x33, 0x31, 0x32, 0x17, 0x16, 0x17, 0x31, 0x17, 0x25, 0x37, 0x36, 0x37,
0x36, 0x33, 0x31, 0x32, 0x37, 0x36, 0x35, 0x31, 0x26, 0x37, 0x36, 0x37, 0x31, 0x36, 0x33, 0x16,
0x17, 0x31, 0x16, 0x17, 0x16, 0x35, 0x31, 0x34, 0x33, 0x32, 0x17, 0x31, 0x16, 0x17, 0x16, 0x17,
0x31, 0x33, 0x35, 0x27, 0x26, 0x07, 0x06, 0x07, 0x31, 0x06, 0x27, 0x26, 0x35, 0x31, 0x34, 0x37,
0x36, 0x37, 0x31, 0x36, 0x37, 0x36, 0x35, 0x31, 0x34, 0x37, 0x36, 0x37, 0x01, 0x31, 0x06, 0x07,
0x06, 0x17, 0x31, 0x16, 0x17, 0x16, 0x33, 0x31, 0x33, 0x35, 0x34, 0x27, 0x26, 0x23, 0x31, 0x22,
0x07, 0x06, 0x07, 0x05, 0x31, 0x15, 0x33, 0x32, 0x37, 0x36, 0x37, 0x31, 0x36, 0x35, 0x34, 0x27,
0x31, 0x34, 0x27, 0x26, 0x23, 0x31, 0x23, 0x05, 0x31, 0x14, 0x17, 0x16, 0x33, 0x31, 0x32, 0x37,
0x36, 0x35, 0x31, 0x34, 0x27, 0x26, 0x23, 0x31, 0x22, 0x07, 0x06, 0x05, 0x31, 0x06, 0x15, 0x14,
0x17, 0x31, 0x16, 0x15, 0x06, 0x23, 0x31, 0x22, 0x27, 0x26, 0x35, 0x31, 0x34, 0x27, 0x26, 0x27,
0x31, 0x22, 0x07, 0x06, 0x15, 0x31, 0x14, 0x17, 0x16, 0x17, 0x31, 0x16, 0x17, 0x16, 0x33, 0x31,
0x33, 0x37, 0x36, 0x37, 0x36, 0x27, 0x31, 0x26, 0x27, 0x26, 0x23, 0x31, 0x22, 0x07, 0x06, 0x07,
0x07, 0x31, 0x06, 0x15, 0x16, 0x33, 0x31, 0x32, 0x37, 0x36, 0x35, 0x31, 0x34, 0x23, 0x22, 0x07,
0x03, 0x58, 0x01, 0x02, 0x02, 0x02, 0x03, 0x02, 0x03, 0x03, 0x02, 0x02, 0x03, 0x0A, 0x05, 0x04,
0x04, 0x0B, 0x0B, 0x05, 0x03, 0x01, 0x01, 0x03, 0x04, 0x0E, 0x0E, 0x03, 0x04, 0x38, 0x25, 0x0C,
0x0D, 0x09, 0x08, 0x0A, 0x0A, 0x15, 0x16, 0x07, 0x07, 0x02, 0x02, 0x03, 0x03, 0x02, 0x02, 0x01,
0x02, 0x03, 0x06, 0x12, 0x12, 0x0A, 0x0A, 0x16, 0x0D, 0x04, 0x05, 0x05, 0x06, 0x16, 0x0E, 0x0C,
0x0C, 0x03, 0x03, 0x0F, 0x0F, 0x12, 0x1D, 0x07, 0x08, 0x01, 0x01, 0x2B, 0x2B, 0xF9, 0x01, 0x50,
0x01, 0x01, 0x04, 0x04, 0x12, 0x0B, 0x13, 0x14, 0x11, 0x29, 0x01, 0x02, 0x06, 0x06, 0x02, 0x02,
0x02, 0x02, 0x03, 0x04, 0x10, 0x0A, 0x06, 0x07, 0x02, 0x02, 0x03, 0x03, 0x02, 0x02, 0x02, 0x02,
0x03, 0x03, 0x02, 0x02, 0x07, 0x07, 0x09, 0x0F, 0x04, 0x04, 0x02, 0x03, 0x03, 0x05, 0x10, 0x10,
0x50, 0x30, 0x36, 0x37, 0x1D, 0x3B, 0x0A, 0x0A, 0x09, 0x0A, 0x37, 0x1C, 0x37, 0x37, 0x32, 0x50,
0x14, 0x15, 0x03, 0x03, 0x06, 0x09, 0x01, 0x02, 0x01, 0x01, 0x0F, 0x0C, 0x02, 0x02, 0x01, 0x01,
0x02, 0x02, 0x03, 0x03, 0x02, 0x03, 0x02, 0x02, 0x01, 0x02, 0x02, 0x03, 0x02, 0x03, 0x05, 0x05,
0x05, 0x0D, 0xFE, 0xEB, 0xC6, 0x2A, 0x2A, 0x0A, 0x09, 0x10, 0x11, 0x2C, 0x47, 0x23, 0x0E, 0x0C,
0x0C, 0x02, 0x06, 0x01, 0x05, 0x03, 0x01, 0x01, 0x05, 0x0E, 0x06, 0x07, 0x1B, 0x0B, 0x07, 0x07,
0x01, 0x19, 0x19, 0x1E, 0x1E, 0x1B, 0x1B, 0x05, 0x05, 0x0C, 0x0B, 0x0C, 0x0C, 0x09, 0x09, 0x0E,
0x0F, 0x52, 0x28, 0x1E, 0x1F, 0x04, 0x04, 0x0E, 0x0E, 0x10, 0x17, 0x08, 0x08, 0x02, 0x01, 0x01,
0x02, 0x04, 0x05, 0x41, 0x42, 0x0D, 0x07, 0x0A, 0x0A, 0x29, 0x2B, 0x05, 0x06, 0x14, 0x0B, 0x06,
0x07, 0x0B, 0x0D, 0x02, 0x02, 0x20, 0x09, 0x0A, 0x23, 0x27, 0x45, 0x01, 0x02, 0x06, 0x05, 0x02,
0x02, 0x0F, 0x10, 0x27, 0x13, 0x10, 0x10, 0x03, 0x0A, 0x04, 0x04, 0x0E, 0x07, 0x04, 0x04, 0x01,
0x01, 0x08, 0x08, 0x0B, 0x0E, 0x0A, 0x0B, 0x0C, 0x09, 0x0B, 0x0B, 0x07, 0x08, 0x06, 0x07, 0x03,
0x07, 0x0B, 0x0C, 0x10, 0x13, 0x08, 0x08, 0x0E, 0x07, 0x02, 0x03, 0x01, 0x02, 0x02, 0x03, 0x06,
0x06, 0x0D, 0x10, 0x04, 0x05, 0x03, 0x05, 0x01, 0xF0, 0x1C, 0x0B, 0x0B, 0x0B, 0x04, 0x06, 0x01,
0x02, 0x01, 0x02, 0x03, 0x0C, 0x08, 0x07, 0x08, 0x03, 0x08, 0x21, 0x21, 0x14, 0x14, 0x04, 0x01,
0x07, 0x07, 0x09, 0x14, 0x2D, 0x18, 0x0B, 0x0B, 0x02, 0x06, 0x03, 0x04, 0x01, 0x02, 0x06, 0x04,
0x02, 0x03, 0x01, 0x01, 0x01, 0x04, 0x86, 0x05, 0x02, 0x03, 0x01, 0x01, 0x07, 0x08, 0x09, 0x17,
0x02, 0x03, 0x08, 0x07, 0x06, 0x07, 0x06, 0xFA, 0x34, 0x27, 0x1D, 0x05, 0x05, 0x02, 0x01, 0x01,
0x0C, 0x0D, 0x10, 0x27, 0xFE, 0xA7, 0x08, 0x08, 0x1B, 0x1B, 0x08, 0x09, 0x08, 0x09, 0x1B, 0x1B,
0x08, 0x08, 0x02, 0xEC, 0x01, 0x01, 0x01, 0x01, 0x02, 0x02, 0x0C, 0x0D, 0x03, 0x04, 0x04, 0x08,
0x02, 0x02, 0x03, 0x03, 0x05, 0x09, 0x08, 0x09, 0x29, 0x37, 0x0E, 0x0C, 0x04, 0x04, 0x03, 0x04,
0x09, 0x09, 0x27, 0x1D, 0x0A, 0x0A, 0x02, 0x2D, 0x06, 0x01, 0x08, 0x06, 0x03, 0x04, 0x03, 0x04,
0x09, 0x03, 0x1E, 0x04, 0x03, 0x03, 0x08, 0x08, 0x16, 0x0F, 0x03, 0x04, 0x01, 0x02, 0x02, 0x05,
0x01, 0x05, 0x03, 0x01, 0x01, 0x06, 0x06, 0x02, 0x02, 0x02, 0x02, 0x08, 0x0B, 0x01, 0x02, 0x06,
0x05, 0x02, 0x02, 0x01, 0x02, 0x04, 0x03, 0x02, 0x02, 0x02, 0x02, 0x02, 0x03, 0x02, 0x03, 0x01,
0x02, 0x35, 0x35, 0x09, 0x09, 0x01, 0x01, 0x02, 0x02, 0x05, 0x05, 0x01, 0x02, 0x01, 0x01, 0x02,
0x01, 0x01, 0x01, 0x01, 0x01, 0x02, 0x07, 0x07, 0x01, 0x01, 0x03, 0x0E, 0x0A, 0x03, 0x03, 0x04,
0x02, 0x01, 0x02, 0x12, 0x0C, 0x02, 0x03, 0x01, 0x02, 0x02, 0x03, 0x09, 0x0A, 0x02, 0x02, 0x01,
0x02, 0x02, 0x02, 0x01, 0x01, 0x02, 0x02, 0x03, 0x03, 0x02, 0x02, 0x01, 0x02, 0x02, 0x02, 0x01,
0x01, 0x02, 0x02, 0x05, 0x04, 0x05, 0x05, 0x03, 0x05, 0x01, 0x01, 0x02, 0x01, 0x02, 0x02, 0x01,
0x02, 0x03, 0x03, 0x15, 0x17, 0x04, 0x04, 0x03, 0x01, 0x02, 0x02, 0x01, 0x03, 0x01, 0x01, 0x05,
0x03, 0x02, 0x03, 0x01, 0x04, 0x04, 0x16, 0x1D, 0x02, 0x01, 0x03, 0x03, 0x13, 0x0B, 0x07, 0x08,
0x01, 0x01, 0x01, 0x02, 0x03, 0x04, 0x08, 0x06, 0x05, 0x05, 0x07, 0x08, 0x0A, 0x19, 0x01, 0x01,
0x06, 0x06, 0x02, 0x02, 0x02, 0x03, 0x10, 0x07, 0x05, 0x05, 0x19, 0x19, 0x09, 0x05, 0x02, 0x03,
0x01, 0x04, 0x30, 0x31, 0x66, 0x27, 0x1D, 0x1D, 0x01, 0x08, 0x08, 0x09, 0x0A, 0x09, 0x08, 0x02,
0x01, 0x27, 0x26, 0x33, 0x33, 0x33, 0x32, 0x16, 0x19, 0x04, 0x04, 0x02, 0x01, 0x02, 0x03, 0x02,
0x01, 0x15, 0x16, 0x1D, 0x28, 0x10, 0x11, 0x08, 0x06, 0x03, 0x04, 0x02, 0x02, 0x17, 0x18, 0x08,
0x04, 0x11, 0x11, 0x33, 0x38, 0x14, 0x15, 0x1D, 0x10, 0x05, 0x06, 0x01, 0x03, 0x03, 0x03, 0x11,
0x16, 0x18, 0x1A, 0x07, 0x07, 0x25, 0x10, 0x0A, 0x03, 0x04, 0x03, 0x03, 0x08, 0x12, 0x04, 0x05,
0x1E, 0x0F, 0x0A, 0x0B, 0x01, 0x0F, 0x10, 0x0F, 0x07, 0x05, 0x05, 0x03, 0x04, 0x04, 0x07, 0x08,
0x08, 0x10, 0x0B, 0x0C, 0x0C, 0x06, 0x06, 0x09, 0x09, 0x08, 0x13, 0x0A, 0x0A, 0x15, 0x15, 0x56,
0x2E, 0x1F, 0x20, 0x36, 0x27, 0x1B, 0x1B, 0x04, 0x05, 0x02, 0x02, 0x02, 0x02, 0x0A, 0x0E, 0x01,
0x19, 0x0A, 0x07, 0x08, 0x02, 0x03, 0x08, 0x09, 0x02, 0x02, 0x01, 0x01, 0x01, 0x02, 0x03, 0x01,
0x01, 0x04, 0x04, 0x04, 0x01, 0x01, 0x01, 0x01, 0x26, 0x01, 0x01, 0x01, 0x01, 0x04, 0x09, 0x0F,
0x0F, 0x23, 0x1F, 0x08, 0x09, 0x04, 0x02, 0x04, 0x05, 0x06, 0x05, 0x07, 0x07, 0x04, 0xFE, 0x8C,
0x05, 0x05, 0x05, 0x01, 0x01, 0x01, 0x01, 0x10, 0x0B, 0x02, 0x03, 0x03, 0x03, 0x07, 0x0C, 0x10,
0x01, 0x02, 0x09, 0x06, 0x04, 0x05, 0x02, 0x01, 0x01, 0x01, 0x10, 0x04, 0x01, 0x02, 0x01, 0x02,
0x04, 0x04, 0x01, 0x02, 0x01, 0x02, 0x2E, 0x03, 0x0C, 0x0C, 0x0E, 0x0E, 0x0A, 0x0B, 0x17, 0x18,
0x06, 0x02, 0x01, 0x02, 0x01, 0x03, 0x03, 0x0D, 0x0A, 0x07, 0x08, 0x07, 0x09, 0x01, 0x02, 0x0E,
0x0C, 0x0B, 0x0C, 0x0E, 0x11, 0x03, 0x04, 0x01, 0x01, 0x05, 0x02, 0x02, 0x01, 0x01, 0x01, 0x01,
0x02, 0x04, 0x04, 0x00, 0x00, 0x05, 0x00, 0x00, 0xFF, 0xC0, 0x01, 0x8F, 0x03, 0xC0, 0x00, 0x63,
0x00, 0x77, 0x00, 0x8C, 0x00, 0xAC, 0x00, 0xC2, 0x00, 0x00, 0x13, 0x31, 0x36, 0x37, 0x36, 0x37,
0x31, 0x36, 0x17, 0x16, 0x17, 0x31, 0x16, 0x17, 0x16, 0x33, 0x31, 0x32, 0x17, 0x16, 0x15, 0x31,
0x14, 0x17, 0x16, 0x17, 0x31, 0x16, 0x17, 0x16, 0x07, 0x31, 0x06, 0x15, 0x06, 0x17, 0x31, 0x16,
0x17, 0x16, 0x07, 0x31, 0x06, 0x07, 0x06, 0x23, 0x31, 0x22, 0x27, 0x26, 0x37, 0x31, 0x36, 0x35,
0x26, 0x27, 0x31, 0x26, 0x27, 0x26, 0x07, 0x31, 0x06, 0x07, 0x06, 0x07, 0x31, 0x06, 0x07, 0x31,
0x06, 0x07, 0x06, 0x27, 0x31, 0x26, 0x27, 0x31, 0x2F, 0x01, 0x33, 0x32, 0x37, 0x36, 0x37, 0x31,
0x36, 0x37, 0x36, 0x35, 0x31, 0x34, 0x27, 0x26, 0x27, 0x31, 0x26, 0x27, 0x26, 0x37, 0x17, 0x31,
0x14, 0x17, 0x16, 0x17, 0x31, 0x16, 0x17, 0x16, 0x37, 0x31, 0x36, 0x35, 0x26, 0x27, 0x31, 0x26,
0x27, 0x26, 0x07, 0x31, 0x16, 0x17, 0x16, 0x37, 0x31, 0x36, 0x27, 0x26, 0x27, 0x31, 0x26, 0x27,
0x26, 0x23, 0x31, 0x22, 0x07, 0x06, 0x17, 0x17, 0x31, 0x06, 0x27, 0x26, 0x27, 0x31, 0x27, 0x11,
0x17, 0x16, 0x17, 0x31, 0x16, 0x33, 0x32, 0x37, 0x31, 0x36, 0x37, 0x31, 0x37, 0x35, 0x34, 0x35,
0x26, 0x23, 0x31, 0x06, 0x07, 0x06, 0x07, 0x11, 0x31, 0x06, 0x27, 0x26, 0x27, 0x31, 0x27, 0x1F,
0x02, 0x16, 0x37, 0x36, 0x37, 0x31, 0x36, 0x35, 0x36, 0x27, 0x31, 0x27, 0x7A, 0x02, 0x1B, 0x1B,
0x24, 0x36, 0x11, 0x12, 0x04, 0x02, 0x05, 0x05, 0x05, 0x05, 0x03, 0x04, 0x07, 0x08, 0x0A, 0x1D,
0x09, 0x09, 0x12, 0x03, 0x01, 0x04, 0x03, 0x01, 0x01, 0x02, 0x02, 0x04, 0x04, 0x04, 0x04, 0x01,
0x01, 0x02, 0x02, 0x01, 0x03, 0x03, 0x02, 0x03, 0x01, 0x02, 0x05, 0x06, 0x0D, 0x0F, 0x1F, 0x1F,
0x23, 0x24, 0x21, 0x21, 0x12, 0x2C, 0x05, 0x26, 0x0F, 0x0E, 0x0F, 0x04, 0x04, 0x03, 0x04, 0x04,
0x04, 0x0B, 0x07, 0x04, 0x04, 0x02, 0xD6, 0x04, 0x04, 0x06, 0x0A, 0x03, 0x04, 0x09, 0x0C, 0x01,
0x0C, 0x0C, 0x0D, 0x0E, 0x44, 0x02, 0x15, 0x16, 0x15, 0x0A, 0x01, 0x02, 0x0E, 0x09, 0x0C, 0x0C,
0x09, 0x0C, 0x03, 0x04, 0x02, 0x26, 0x26, 0x47, 0x47, 0x2C, 0x18, 0x18, 0x0B, 0x25, 0x25, 0x2A,
0x2B, 0x25, 0x25, 0x0C, 0x18, 0x01, 0x01, 0x01, 0x10, 0x10, 0x15, 0x26, 0x48, 0x49, 0x2A, 0x18,
0x03, 0x02, 0x92, 0x58, 0x1E, 0x1E, 0x02, 0x02, 0x01, 0x01, 0x02, 0x02, 0xED, 0x04, 0x02, 0x03,
0x01, 0x01, 0x02, 0x03, 0x08, 0x06, 0x04, 0x04, 0x01, 0x02, 0x03, 0x03, 0x05, 0x05, 0x05, 0x0C,
0x24, 0x25, 0x18, 0x04, 0x43, 0x44, 0x61, 0x5D, 0x45, 0x46, 0x04, 0x05, 0x03, 0x03, 0x02, 0x02,
0x04, 0x03, 0x40, 0x41, 0x57, 0x57, 0x35, 0x36, 0x0B, 0x11, 0x08, 0x08, 0x05, 0x06, 0x03, 0x03,
0x01, 0x01, 0x02, 0x01, 0x05, 0x0B, 0x53, 0x03, 0x03, 0x04, 0x05, 0x12, 0x12, 0x16, 0x1F, 0x0E,
0x0F, 0x0B, 0x08, 0x08, 0x09, 0x03, 0x3E, 0x05, 0x0D, 0x0E, 0x0E, 0x17, 0x02, 0x03, 0x0C, 0x10,
0x0A, 0x0B, 0x11, 0x10, 0x03, 0x03, 0x5B, 0x10, 0x06, 0x06, 0x08, 0x04, 0x03, 0x04, 0x0B, 0x07,
0x05, 0x05, 0x04, 0x04, 0x0B, 0xB2, 0x09, 0x01, 0x01, 0x0A, 0x05, 0xFE, 0xE8, 0x0B, 0x05, 0x02,
0x03, 0x03, 0x02, 0x06, 0x0A, 0x8F, 0x3B, 0x2A, 0x2A, 0x01, 0x04, 0x04, 0x05, 0xFE, 0xAC, 0x08,
0x01, 0x02, 0x09, 0x05, 0x40, 0x40, 0x02, 0x02, 0x02, 0x02, 0x07, 0x05, 0x14, 0x14, 0x17, 0x38,
0x00, 0x05, 0x00, 0x00, 0xFF, 0xC0, 0x0B, 0x7F, 0x03, 0xC0, 0x02, 0x29, 0x02, 0x48, 0x02, 0x62,
0x02, 0x7E, 0x02, 0xA8, 0x00, 0x00, 0x01, 0x31, 0x37, 0x1F, 0x01, 0x33, 0x32, 0x37, 0x36, 0x37,
0x31, 0x36, 0x37, 0x36, 0x17, 0x31, 0x17, 0x15, 0x07, 0x06, 0x27, 0x26, 0x27, 0x31, 0x26, 0x27,
0x26, 0x23, 0x31, 0x22, 0x07, 0x06, 0x15, 0x31, 0x15, 0x33, 0x32, 0x37, 0x36, 0x37, 0x31, 0x36,
0x17, 0x16, 0x15, 0x31, 0x14, 0x17, 0x16, 0x17, 0x31, 0x16, 0x17, 0x31, 0x16, 0x17, 0x16, 0x17,
0x31, 0x16, 0x33, 0x31, 0x32, 0x37, 0x36, 0x37, 0x31, 0x36, 0x33, 0x36, 0x17, 0x31, 0x16, 0x17,
0x16, 0x17, 0x31, 0x16, 0x33, 0x32, 0x37, 0x31, 0x36, 0x37, 0x36, 0x33, 0x31, 0x32, 0x17, 0x16,
0x15, 0x31, 0x14, 0x07, 0x06, 0x23, 0x31, 0x22, 0x27, 0x26, 0x27, 0x31, 0x26, 0x07, 0x06, 0x07,
0x31, 0x06, 0x27, 0x26, 0x27, 0x31, 0x27, 0x05, 0x07, 0x06, 0x17, 0x16, 0x37, 0x31, 0x36, 0x37,
0x36, 0x33, 0x31, 0x32, 0x17, 0x16, 0x17, 0x31, 0x16, 0x15, 0x16, 0x07, 0x31, 0x07, 0x33, 0x32,
0x17, 0x16, 0x17, 0x31, 0x16, 0x17, 0x16, 0x17, 0x31, 0x16, 0x37, 0x36, 0x37, 0x31, 0x36, 0x33,
0x32, 0x17, 0x31, 0x16, 0x33, 0x32, 0x37, 0x31, 0x36, 0x17, 0x16, 0x15, 0x31, 0x14, 0x07, 0x06,
0x27, 0x31, 0x26, 0x23, 0x06, 0x07, 0x31, 0x06, 0x23, 0x22, 0x27, 0x31, 0x26, 0x27, 0x26, 0x23,
0x31, 0x22, 0x07, 0x06, 0x07, 0x31, 0x06, 0x23, 0x06, 0x27, 0x31, 0x27, 0x35, 0x34, 0x37, 0x36,
0x37, 0x31, 0x36, 0x27, 0x26, 0x23, 0x31, 0x22, 0x27, 0x26, 0x27, 0x31, 0x26, 0x15, 0x06, 0x15,
0x31, 0x07, 0x05, 0x07, 0x06, 0x07, 0x06, 0x23, 0x31, 0x22, 0x07, 0x06, 0x07, 0x31, 0x06, 0x07,
0x06, 0x07, 0x31, 0x06, 0x27, 0x26, 0x27, 0x31, 0x26, 0x27, 0x26, 0x23, 0x31, 0x22, 0x27, 0x26,
0x27, 0x31, 0x27, 0x07, 0x06, 0x07, 0x06, 0x07, 0x31, 0x06, 0x07, 0x06, 0x07, 0x31, 0x06, 0x07,
0x06, 0x07, 0x31, 0x06, 0x07, 0x06, 0x15, 0x31, 0x14, 0x07, 0x06, 0x07, 0x31, 0x06, 0x27, 0x26,
0x27, 0x31, 0x26, 0x27, 0x26, 0x27, 0x31, 0x26, 0x37, 0x36, 0x37, 0x31, 0x37, 0x27, 0x23, 0x22,
0x07, 0x06, 0x15, 0x31, 0x14, 0x07, 0x06, 0x07, 0x31, 0x06, 0x07, 0x06, 0x07, 0x31, 0x06, 0x07,
0x06, 0x27, 0x31, 0x26, 0x07, 0x31, 0x06, 0x07, 0x06, 0x07, 0x31, 0x06, 0x07, 0x31, 0x06, 0x07,
0x06, 0x07, 0x31, 0x07, 0x15, 0x14, 0x17, 0x16, 0x33, 0x31, 0x32, 0x17, 0x16, 0x15, 0x31, 0x15,
0x23, 0x35, 0x34, 0x37, 0x36, 0x37, 0x31, 0x36, 0x37, 0x36, 0x35, 0x31, 0x34, 0x27, 0x26, 0x27,
0x31, 0x26, 0x07, 0x06, 0x07, 0x31, 0x06, 0x07, 0x06, 0x27, 0x31, 0x26, 0x23, 0x22, 0x15, 0x31,
0x14, 0x07, 0x06, 0x23, 0x31, 0x22, 0x27, 0x26, 0x27, 0x31, 0x26, 0x27, 0x26, 0x35, 0x31, 0x34,
0x37, 0x36, 0x33, 0x31, 0x32, 0x17, 0x16, 0x17, 0x31, 0x16, 0x33, 0x32, 0x37, 0x31, 0x36, 0x17,
0x16, 0x17, 0x31, 0x16, 0x33, 0x32, 0x37, 0x31, 0x36, 0x33, 0x32, 0x17, 0x31, 0x16, 0x17, 0x16,
0x33, 0x31, 0x32, 0x17, 0x16, 0x15, 0x31, 0x15, 0x33, 0x35, 0x34, 0x27, 0x26, 0x27, 0x31, 0x26,
0x27, 0x26, 0x35, 0x31, 0x34, 0x27, 0x26, 0x23, 0x31, 0x22, 0x27, 0x26, 0x35, 0x31, 0x34, 0x37,
0x36, 0x33, 0x31, 0x33, 0x17, 0x16, 0x07, 0x06, 0x07, 0x31, 0x07, 0x23, 0x15, 0x33, 0x32, 0x37,
0x36, 0x35, 0x31, 0x34, 0x37, 0x36, 0x33, 0x31, 0x32, 0x17, 0x16, 0x15, 0x31, 0x14, 0x17, 0x16,
0x33, 0x31, 0x32, 0x37, 0x36, 0x37, 0x31, 0x36, 0x37, 0x36, 0x37, 0x31, 0x36, 0x37, 0x36, 0x37,
0x31, 0x36, 0x37, 0x36, 0x37, 0x31, 0x36, 0x37, 0x36, 0x37, 0x31, 0x36, 0x37, 0x36, 0x35, 0x31,
0x34, 0x37, 0x36, 0x17, 0x31, 0x16, 0x37, 0x36, 0x35, 0x31, 0x35, 0x07, 0x06, 0x07, 0x06, 0x23,
0x31, 0x23, 0x27, 0x26, 0x35, 0x26, 0x37, 0x31, 0x37, 0x17, 0x16, 0x17, 0x16, 0x33, 0x31, 0x17,
0x07, 0x31, 0x06, 0x07, 0x06, 0x15, 0x31, 0x14, 0x17, 0x16, 0x33, 0x31, 0x32, 0x37, 0x36, 0x35,
0x31, 0x34, 0x27, 0x26, 0x07, 0x31, 0x06, 0x07, 0x06, 0x27, 0x31, 0x26, 0x23, 0x26, 0x07, 0x01,
0x31, 0x06, 0x15, 0x16, 0x17, 0x31, 0x16, 0x17, 0x16, 0x33, 0x31, 0x32, 0x37, 0x36, 0x27, 0x31,
0x26, 0x27, 0x26, 0x37, 0x31, 0x36, 0x07, 0x06, 0x07, 0x37, 0x31, 0x06, 0x07, 0x06, 0x17, 0x31,
0x16, 0x17, 0x16, 0x33, 0x31, 0x33, 0x37, 0x36, 0x37, 0x36, 0x27, 0x31, 0x26, 0x27, 0x26, 0x23,
0x31, 0x22, 0x07, 0x06, 0x07, 0x05, 0x31, 0x14, 0x17, 0x16, 0x33, 0x31, 0x32, 0x37, 0x31, 0x36,
0x37, 0x36, 0x37, 0x31, 0x36, 0x37, 0x31, 0x36, 0x23, 0x26, 0x23, 0x31, 0x23, 0x15, 0x23, 0x22,
0x23, 0x06, 0x23, 0x31, 0x06, 0x27, 0x26, 0x27, 0x31, 0x26, 0x27, 0x26, 0x23, 0x31, 0x23, 0x05,
0x26, 0x02, 0x4A, 0x01, 0x3A, 0x21, 0x16, 0x17, 0x1A, 0x1F, 0x14, 0x14, 0x35, 0x4F, 0x53, 0x39,
0x15, 0x15, 0x21, 0x14, 0x0F, 0x10, 0x01, 0x01, 0x01, 0x01, 0x22, 0x0E, 0x0B, 0x0B, 0x01, 0x03,
0x0D, 0x0E, 0x06, 0x06, 0x08, 0x09, 0x48, 0x47, 0x71, 0x71, 0x90, 0x90, 0x9B, 0xC1, 0x35, 0x35,
0x01, 0x02, 0x06, 0x07, 0x13, 0x0D, 0x0D, 0x0D, 0x05, 0x08, 0x04, 0x04, 0x03, 0x02, 0x0E, 0x0F,
0x18, 0x29, 0x09, 0x09, 0x09, 0x09, 0x2A, 0x15, 0x0F, 0x10, 0x01, 0x02, 0x24, 0x24, 0x01, 0x03,
0x09, 0x09, 0x04, 0x05, 0xFE, 0x1A, 0x01, 0x01, 0x01, 0x01, 0x03, 0x03, 0x0A, 0x0A, 0x0C, 0x15,
0x05, 0x05, 0x03, 0x03, 0x01, 0x01, 0x02, 0x19, 0x10, 0x05, 0x05, 0x02, 0x01, 0x08, 0x09, 0x1C,
0x30, 0x4E, 0x4E, 0x06, 0x04, 0x02, 0x03, 0x01, 0x02, 0x02, 0x02, 0x03, 0x06, 0x0A, 0x0A, 0x10,
0x10, 0x16, 0x04, 0x03, 0x04, 0x02, 0x03, 0x16, 0x17, 0x03, 0x01, 0x17, 0x18, 0x29, 0x3D, 0x0D,
0x0E, 0x05, 0x06, 0x08, 0x08, 0x26, 0x35, 0x02, 0x02, 0x03, 0x06, 0x03, 0x04, 0x08, 0x04, 0x03,
0x03, 0x01, 0x01, 0x01, 0x01, 0xFD, 0x98, 0x32, 0x15, 0x11, 0x11, 0x02, 0x03, 0x05, 0x05, 0x06,
0x08, 0x15, 0x15, 0x4E, 0x46, 0x19, 0x19, 0x05, 0x05, 0x1E, 0x1F, 0x53, 0x65, 0x16, 0x16, 0x08,
0x0C, 0x0C, 0x05, 0x06, 0x07, 0x08, 0x07, 0x04, 0x05, 0x02, 0x02, 0x04, 0x05, 0x05, 0x08, 0x09,
0x09, 0x01, 0x01, 0x02, 0x05, 0x18, 0x19, 0x1C, 0x16, 0x06, 0x06, 0x02, 0x03, 0x0F, 0x0F, 0x29,
0x2D, 0x06, 0x33, 0x2A, 0x0A, 0x0B, 0x04, 0x04, 0x12, 0x0A, 0x0A, 0x0A, 0x03, 0x04, 0x05, 0x06,
0x07, 0x06, 0x25, 0x25, 0x2C, 0x2C, 0x27, 0x26, 0x0A, 0x06, 0x0B, 0x0C, 0x09, 0x17, 0x01, 0x02,
0x07, 0x05, 0x02, 0x02, 0x41, 0x02, 0x02, 0x06, 0x06, 0x01, 0x02, 0x01, 0x02, 0x08, 0x05, 0x04,
0x04, 0x03, 0x06, 0x0C, 0x0C, 0x07, 0x03, 0x01, 0x01, 0x0B, 0x0B, 0x17, 0x1F, 0x08, 0x09, 0x09,
0x0D, 0x05, 0x05, 0x0C, 0x0C, 0x25, 0x09, 0x07, 0x07, 0x02, 0x01, 0x02, 0x02, 0x03, 0x05, 0x0B,
0x0B, 0x02, 0x02, 0x01, 0x01, 0x03, 0x04, 0x0E, 0x0E, 0x02, 0x02, 0x0A, 0x0A, 0x1D, 0x30, 0x0E,
0x0E, 0x29, 0x01, 0x02, 0x04, 0x03, 0x02, 0x02, 0x02, 0x02, 0x03, 0x04, 0x01, 0x02, 0x0F, 0x10,
0x85, 0x9E, 0x08, 0x08, 0x01, 0x01, 0x0B, 0x0C, 0xD3, 0x58, 0x38, 0x0F, 0x10, 0x04, 0x04, 0x08,
0x09, 0x04, 0x04, 0x09, 0x09, 0x1E, 0x22, 0x13, 0x13, 0x36, 0x20, 0x1F, 0x20, 0x0C, 0x0C, 0x0A,
0x0B, 0x01, 0x0E, 0x09, 0x0A, 0x12, 0x12, 0x0C, 0x0D, 0x20, 0x13, 0x0E, 0x0E, 0x0E, 0x0E, 0x02,
0x05, 0x03, 0x04, 0x44, 0x1C, 0x27, 0x28, 0x1C, 0x43, 0x03, 0x01, 0x01, 0x01, 0x03, 0x5F, 0x27,
0x35, 0x35, 0x24, 0x55, 0x29, 0x01, 0x01, 0x01, 0x11, 0x11, 0x33, 0x3F, 0x0B, 0x0C, 0x04, 0x04,
0x10, 0x29, 0x1D, 0x1D, 0x03, 0x04, 0x11, 0x11, 0x04, 0xFE, 0xB8, 0x07, 0x01, 0x07, 0x04, 0x07,
0x07, 0x06, 0x0A, 0x01, 0x01, 0x04, 0x06, 0x01, 0x02, 0x03, 0x04, 0x0C, 0x0C, 0x07, 0x3C, 0x12,
0x05, 0x06, 0x09, 0x04, 0x07, 0x08, 0x26, 0x34, 0x07, 0x04, 0x01, 0x02, 0x01, 0x02, 0x0A, 0x0A,
0x1A, 0x12, 0x10, 0x10, 0x04, 0xFD, 0x86, 0x01, 0x01, 0x01, 0x02, 0x1F, 0x1F, 0x24, 0x25, 0x1F,
0x1E, 0x01, 0x01, 0x0C, 0x0D, 0x12, 0x2D, 0x20, 0x0E, 0x0A, 0x0B, 0x01, 0x02, 0x01, 0x01, 0x01,
0x01, 0x03, 0x03, 0x0F, 0x14, 0x02, 0xBB, 0x1B, 0x03, 0x33, 0x02, 0x02, 0x06, 0x07, 0x01, 0x01,
0x02, 0x03, 0x73, 0x01, 0x01, 0x01, 0x02, 0x08, 0x05, 0x03, 0x04, 0x06, 0x07, 0x08, 0x15, 0x01,
0x02, 0x02, 0x03, 0x06, 0x06, 0x05, 0x01, 0x03, 0x03, 0x02, 0x03, 0x02, 0x03, 0x01, 0x02, 0x02,
0x01, 0x01, 0x01, 0x05, 0x04, 0x01, 0x01, 0x01, 0x02, 0x03, 0x02, 0x02, 0x03, 0x02, 0x01, 0x02,
0x05, 0x05, 0x19, 0x18, 0x05, 0x05, 0x01, 0x01, 0x02, 0x04, 0x02, 0x03, 0x04, 0x06, 0x02, 0x03,
0x07, 0x0A, 0x04, 0x12, 0x0B, 0x02, 0x03, 0x03, 0x03, 0x01, 0x02, 0x02, 0x02, 0x09, 0x05, 0x0B,
0x0C, 0x0B, 0x1A, 0x02, 0x02, 0x05, 0x06, 0x02, 0x02, 0x02, 0x04, 0x02, 0x03, 0x05, 0x03, 0x02,
0x03, 0x02, 0x05, 0x07, 0x07, 0x08, 0x0E, 0x05, 0x05, 0x07, 0x01, 0x01, 0x02, 0x05, 0x05, 0x02,
0x01, 0x01, 0x01, 0x02, 0x07, 0x07, 0x01, 0x03, 0x04, 0x1B, 0x0D, 0x07, 0x08, 0x02, 0x04, 0x0A,
0x0A, 0x02, 0x02, 0x04, 0x03, 0x02, 0x03, 0x08, 0x11, 0x01, 0x36, 0x17, 0x10, 0x10, 0x03, 0x03,
0x03, 0x06, 0x02, 0x02, 0x01, 0x02, 0x01, 0x01, 0x04, 0x03, 0x01, 0x02, 0x01, 0x02, 0x06, 0x09,
0x1B, 0x0D, 0x09, 0x09, 0x04, 0x04, 0x06, 0x07, 0x08, 0x07, 0x08, 0x08, 0x04, 0x08, 0x14, 0x15,
0x0B, 0x03, 0x04, 0x04, 0x03, 0x07, 0x06, 0x07, 0x11, 0x0C, 0x06, 0x06, 0x0A, 0x11, 0x18, 0x18,
0x29, 0x2F, 0x2B, 0x04, 0x04, 0x0F, 0x09, 0x02, 0x02, 0x02, 0x01, 0x03, 0x03, 0x02, 0x03, 0x01,
0x02, 0x01, 0x01, 0x0B, 0x0C, 0x0F, 0x10, 0x0F, 0x0F, 0x06, 0x05, 0x04, 0x04, 0x01, 0x03, 0x32,
0x23, 0x07, 0x08, 0x03, 0x04, 0x0B, 0x13, 0x11, 0x09, 0x04, 0x04, 0x02, 0x01, 0x08, 0x08, 0x23,
0x23, 0x07, 0x08, 0x02, 0x02, 0x01, 0x02, 0x05, 0x08, 0x01, 0x01, 0x06, 0x03, 0x03, 0x02, 0x01,
0x02, 0x01, 0x02, 0x0A, 0x0D, 0x1C, 0x1D, 0x44, 0x5C, 0x1E, 0x1F, 0x01, 0x02, 0x02, 0x03, 0x03,
0x06, 0x01, 0x01, 0x06, 0x06, 0x06, 0x07, 0x07, 0x04, 0x01, 0x02, 0x06, 0x07, 0x16, 0x14, 0x14,
0x0A, 0x06, 0x06, 0x01, 0x01, 0x03, 0x04, 0x04, 0x04, 0x02, 0x03, 0x05, 0x05, 0x0D, 0x1E, 0x03,
0x04, 0x0B, 0x0D, 0x0E, 0x0F, 0x0E, 0x10, 0x29, 0x01, 0x01, 0x05, 0x03, 0x02, 0x02, 0x02, 0x02,
0x03, 0x05, 0x01, 0x01, 0x03, 0x04, 0x10, 0x0A, 0x09, 0x0A, 0x04, 0x03, 0x05, 0x05, 0x03, 0x16,
0x09, 0x0A, 0x09, 0x09, 0x02, 0x03, 0x01, 0x01, 0x01, 0x02, 0x02, 0x05, 0x06, 0x07, 0x04, 0x08,
0x04, 0x05, 0x0D, 0x13, 0x04, 0x02, 0x01, 0x01, 0x15, 0x08, 0x0F, 0x0F, 0x0C, 0x1E, 0x04, 0x02,
0x01, 0x01, 0x01, 0x54, 0x01, 0x02, 0x03, 0x03, 0x03, 0x01, 0x02, 0x01, 0x02, 0x07, 0x07, 0x01,
0x01, 0x03, 0x04, 0x01, 0x01, 0x04, 0x04, 0x01, 0x04, 0xFE, 0xF7, 0x0B, 0x10, 0x11, 0x07, 0x03,
0x02, 0x03, 0x01, 0x02, 0x07, 0x09, 0x10, 0x11, 0x09, 0x0A, 0x01, 0x01, 0x0A, 0x07, 0x04, 0x0F,
0x10, 0x13, 0x09, 0x01, 0x02, 0x1C, 0x0C, 0x0A, 0x0A, 0x03, 0x04, 0x01, 0x01, 0x01, 0x01, 0x01,
0x4B, 0x0F, 0x0B, 0x0B, 0x0B, 0x0B, 0x0D, 0x0D, 0x0C, 0x0B, 0x01, 0x01, 0x01, 0x1C, 0x01, 0x01,
0x04, 0x05, 0x06, 0x0B, 0x02, 0x02, 0x00, 0x00, 0x00, 0x02, 0x00, 0x00, 0xFF, 0xC0, 0x04, 0xB1,
0x03, 0xC0, 0x00, 0xA2, 0x00, 0xCA, 0x00, 0x00, 0x01, 0x31, 0x36, 0x17, 0x16, 0x17, 0x31, 0x16,
0x17, 0x16, 0x33, 0x31, 0x32, 0x17, 0x16, 0x17, 0x31, 0x17, 0x33, 0x32, 0x37, 0x36, 0x37, 0x31,
0x36, 0x37, 0x36, 0x33, 0x31, 0x32, 0x37, 0x36, 0x37, 0x31, 0x36, 0x17, 0x16, 0x17, 0x31, 0x16,
0x17, 0x16, 0x33, 0x31, 0x32, 0x17, 0x16, 0x17, 0x31, 0x17, 0x15, 0x14, 0x07, 0x06, 0x23, 0x31,
0x22, 0x07, 0x06, 0x07, 0x31, 0x06, 0x07, 0x06, 0x07, 0x31, 0x06, 0x07, 0x06, 0x07, 0x31, 0x06,
0x07, 0x06, 0x07, 0x31, 0x0F, 0x01, 0x06, 0x27, 0x26, 0x35, 0x31, 0x34, 0x27, 0x26, 0x07, 0x31,
0x0F, 0x01, 0x06, 0x07, 0x06, 0x17, 0x31, 0x16, 0x17, 0x16, 0x07, 0x31, 0x06, 0x07, 0x06, 0x27,
0x31, 0x26, 0x27, 0x26, 0x27, 0x31, 0x26, 0x27, 0x26, 0x27, 0x31, 0x26, 0x27, 0x26, 0x37, 0x31,
0x36, 0x37, 0x36, 0x37, 0x31, 0x36, 0x37, 0x36, 0x37, 0x31, 0x36, 0x37, 0x36, 0x35, 0x31, 0x34,
0x27, 0x26, 0x27, 0x31, 0x26, 0x27, 0x26, 0x27, 0x31, 0x2F, 0x02, 0x37, 0x36, 0x37, 0x36, 0x33,
0x31, 0x32, 0x37, 0x36, 0x37, 0x31, 0x36, 0x37, 0x36, 0x37, 0x13, 0x31, 0x06, 0x07, 0x06, 0x17,
0x31, 0x15, 0x07, 0x06, 0x07, 0x06, 0x17, 0x31, 0x16, 0x37, 0x36, 0x37, 0x31, 0x36, 0x37, 0x36,
0x37, 0x31, 0x34, 0x27, 0x26, 0x27, 0x31, 0x26, 0x27, 0x26, 0x37, 0x31, 0x37, 0x27, 0x26, 0x07,
0x06, 0x07, 0x01, 0xA0, 0x32, 0x37, 0x37, 0x08, 0x04, 0x04, 0x05, 0x03, 0x02, 0x03, 0x03, 0x02,
0x03, 0xC2, 0x7D, 0x22, 0x23, 0x02, 0x02, 0x05, 0x05, 0x06, 0x09, 0x06, 0x07, 0x0E, 0x0A, 0x10,
0x11, 0x0A, 0x07, 0x06, 0x07, 0x0D, 0x0B, 0x08, 0x09, 0x0B, 0x13, 0x01, 0x02, 0x05, 0x03, 0x03,
0x03, 0x01, 0x02, 0x11, 0x11, 0x3A, 0x25, 0x1C, 0x1C, 0x02, 0x01, 0x02, 0x02, 0x01, 0x01, 0x7A,
0x50, 0x14, 0x15, 0x0F, 0x0F, 0x36, 0x54, 0x16, 0x15, 0x04, 0x05, 0x0B, 0x06, 0x01, 0x01, 0x04,
0x05, 0x04, 0x05, 0x0E, 0x09, 0x20, 0x21, 0x25, 0x3A, 0x11, 0x11, 0x07, 0x05, 0x01, 0x02, 0x02,
0x01, 0x02, 0x03, 0x02, 0x05, 0x0E, 0x0E, 0x24, 0x18, 0x08, 0x08, 0x04, 0x04, 0x0F, 0x0A, 0x0F,
0x10, 0x0C, 0x1E, 0x02, 0x01, 0x14, 0x08, 0x0A, 0x0A, 0x06, 0x05, 0x05, 0x05, 0x02, 0x01, 0x0A,
0x0B, 0x14, 0xC7, 0x02, 0x01, 0x02, 0x01, 0x11, 0x08, 0x03, 0x03, 0x02, 0x05, 0x24, 0x25, 0x2F,
0x16, 0x06, 0x06, 0x02, 0x01, 0x01, 0x03, 0x03, 0x01, 0x02, 0x01, 0x02, 0x3A, 0x1F, 0x0E, 0x0F,
0x02, 0x02, 0xCB, 0x02, 0x03, 0x04, 0x06, 0x04, 0x02, 0x02, 0x04, 0x05, 0x06, 0x0E, 0x01, 0x02,
0x06, 0x03, 0x02, 0x03, 0x04, 0x05, 0x11, 0x0B, 0x02, 0x03, 0x0F, 0x0A, 0x03, 0x04, 0x04, 0x04,
0x0B, 0x14, 0x56, 0x34, 0x11, 0x11, 0x03, 0x03, 0x05, 0x06, 0x04, 0x05, 0x08, 0x05, 0x05, 0x05,
0x02, 0x01, 0x12, 0x12, 0x18, 0x39, 0x02, 0x01, 0x01, 0x02, 0x06, 0x05, 0x01, 0x02, 0x01, 0x02,
0x4A, 0x43, 0x2B, 0x2C, 0x11, 0x09, 0x06, 0x06, 0x09, 0x09, 0x02, 0x02, 0x02, 0x02, 0x03, 0x03,
0x04, 0x06, 0x03, 0x04, 0x08, 0x06, 0x06, 0x07, 0x05, 0x05, 0x0F, 0x0F, 0x11, 0x28, 0x28, 0x28,
0x4C, 0x34, 0x16, 0x16, 0x11, 0x13, 0x07, 0x08, 0x0F, 0x09, 0x09, 0x09, 0x05, 0x0B, 0x3F, 0x40,
0x0F, 0x06, 0x04, 0x05, 0x02, 0x03, 0x03, 0x04, 0x02, 0x03, 0x02, 0xFE, 0xFC, 0x03, 0x0E, 0x0F,
0x11, 0x2B, 0x03, 0x02, 0x02, 0x02, 0x03, 0x04, 0x01, 0x02, 0x07, 0x03, 0x03, 0x03, 0x08, 0x06,
0x06, 0x06, 0x04, 0x03, 0x0A, 0x0A, 0x0C, 0x1B, 0x02, 0x01, 0x01, 0x02, 0x03, 0x00, 0x00, 0x00,
0x00, 0x07, 0x00, 0x00, 0xFF, 0xC0, 0x0B, 0xEF, 0x03, 0xC0, 0x01, 0x80, 0x01, 0x96, 0x01, 0xB2,
0x01, 0xC7, 0x01, 0xE2, 0x01, 0xFB, 0x02, 0x33, 0x00, 0x00, 0x01, 0x31, 0x36, 0x33, 0x32, 0x17,
0x31, 0x16, 0x15, 0x16, 0x07, 0x31, 0x07, 0x33, 0x32, 0x17, 0x16, 0x17, 0x31, 0x16, 0x17, 0x16,
0x07, 0x31, 0x06, 0x07, 0x06, 0x23, 0x31, 0x22, 0x07, 0x06, 0x15, 0x31, 0x14, 0x07, 0x06, 0x27,
0x31, 0x26, 0x07, 0x06, 0x07, 0x31, 0x06, 0x23, 0x22, 0x27, 0x31, 0x26, 0x27, 0x31, 0x26, 0x23,
0x22, 0x07, 0x31, 0x06, 0x07, 0x31, 0x06, 0x07, 0x06, 0x07, 0x31, 0x06, 0x07, 0x06, 0x07, 0x31,
0x06, 0x07, 0x06, 0x07, 0x31, 0x06, 0x07, 0x06, 0x07, 0x31, 0x06, 0x27, 0x26, 0x27, 0x31, 0x26,
0x23, 0x22, 0x07, 0x31, 0x07, 0x17, 0x16, 0x17, 0x16, 0x17, 0x31, 0x16, 0x17, 0x16, 0x17, 0x31,
0x16, 0x17, 0x16, 0x17, 0x31, 0x16, 0x07, 0x06, 0x07, 0x31, 0x06, 0x07, 0x06, 0x23, 0x31, 0x22,
0x27, 0x26, 0x27, 0x31, 0x26, 0x27, 0x26, 0x27, 0x31, 0x26, 0x27, 0x26, 0x27, 0x31, 0x26, 0x27,
0x26, 0x35, 0x31, 0x34, 0x27, 0x26, 0x23, 0x31, 0x22, 0x07, 0x06, 0x07, 0x31, 0x06, 0x07, 0x06,
0x37, 0x31, 0x37, 0x27, 0x22, 0x27, 0x26, 0x27, 0x31, 0x26, 0x23, 0x06, 0x07, 0x31, 0x06, 0x07,
0x06, 0x07, 0x31, 0x06, 0x27, 0x26, 0x27, 0x31, 0x26, 0x27, 0x26, 0x35, 0x31, 0x34, 0x07, 0x06,
0x07, 0x31, 0x06, 0x07, 0x06, 0x07, 0x31, 0x06, 0x07, 0x06, 0x15, 0x31, 0x15, 0x07, 0x06, 0x27,
0x26, 0x27, 0x31, 0x26, 0x27, 0x26, 0x37, 0x31, 0x36, 0x37, 0x36, 0x27, 0x31, 0x26, 0x27, 0x26,
0x35, 0x31, 0x35, 0x27, 0x26, 0x07, 0x06, 0x07, 0x31, 0x06, 0x07, 0x06, 0x07, 0x31, 0x06, 0x07,
0x06, 0x27, 0x31, 0x26, 0x35, 0x26, 0x37, 0x31, 0x36, 0x37, 0x36, 0x37, 0x31, 0x36, 0x37, 0x36,
0x37, 0x31, 0x36, 0x17, 0x16, 0x17, 0x31, 0x1F, 0x01, 0x37, 0x36, 0x37, 0x36, 0x33, 0x31, 0x32,
0x37, 0x36, 0x37, 0x31, 0x36, 0x37, 0x36, 0x33, 0x31, 0x32, 0x37, 0x36, 0x37, 0x31, 0x37, 0x21,
0x32, 0x37, 0x36, 0x37, 0x31, 0x36, 0x37, 0x36, 0x33, 0x31, 0x36, 0x27, 0x26, 0x27, 0x31, 0x26,
0x27, 0x26, 0x35, 0x31, 0x34, 0x37, 0x36, 0x17, 0x31, 0x16, 0x33, 0x32, 0x37, 0x31, 0x36, 0x33,
0x32, 0x17, 0x31, 0x16, 0x17, 0x16, 0x37, 0x31, 0x36, 0x33, 0x16, 0x17, 0x31, 0x16, 0x17, 0x16,
0x33, 0x31, 0x32, 0x17, 0x16, 0x17, 0x31, 0x16, 0x17, 0x16, 0x37, 0x31, 0x36, 0x37, 0x31, 0x36,
0x33, 0x16, 0x17, 0x31, 0x16, 0x17, 0x31, 0x16, 0x17, 0x16, 0x15, 0x31, 0x14, 0x17, 0x16, 0x33,
0x31, 0x33, 0x17, 0x16, 0x17, 0x16, 0x33, 0x31, 0x32, 0x37, 0x36, 0x35, 0x31, 0x34, 0x37, 0x36,
0x37, 0x31, 0x36, 0x37, 0x36, 0x35, 0x31, 0x34, 0x37, 0x36, 0x37, 0x07, 0x31, 0x06, 0x07, 0x06,
0x15, 0x31, 0x14, 0x17, 0x16, 0x33, 0x31, 0x33, 0x35, 0x34, 0x27, 0x26, 0x23, 0x31, 0x22, 0x07,
0x06, 0x05, 0x31, 0x06, 0x23, 0x06, 0x17, 0x31, 0x32, 0x17, 0x16, 0x15, 0x31, 0x14, 0x17, 0x16,
0x33, 0x31, 0x33, 0x27, 0x26, 0x27, 0x26, 0x23, 0x31, 0x22, 0x23, 0x06, 0x07, 0x05, 0x31, 0x06,
0x17, 0x16, 0x33, 0x31, 0x32, 0x37, 0x36, 0x27, 0x31, 0x26, 0x27, 0x31, 0x26, 0x23, 0x22, 0x23,
0x31, 0x06, 0x05, 0x31, 0x06, 0x07, 0x06, 0x07, 0x31, 0x06, 0x17, 0x16, 0x33, 0x31, 0x32, 0x37,
0x36, 0x27, 0x31, 0x26, 0x27, 0x31, 0x26, 0x27, 0x26, 0x27, 0x31, 0x22, 0x07, 0x05, 0x31, 0x06,
0x17, 0x16, 0x37, 0x31, 0x32, 0x37, 0x36, 0x27, 0x31, 0x22, 0x27, 0x26, 0x35, 0x31, 0x34, 0x27,
0x26, 0x23, 0x31, 0x22, 0x07, 0x06, 0x05, 0x31, 0x06, 0x07, 0x06, 0x07, 0x31, 0x06, 0x17, 0x16,
0x17, 0x31, 0x16, 0x17, 0x16, 0x23, 0x31, 0x22, 0x27, 0x26, 0x27, 0x31, 0x26, 0x27, 0x26, 0x23,
0x31, 0x22, 0x07, 0x06, 0x17, 0x31, 0x16, 0x17, 0x16, 0x17, 0x31, 0x16, 0x17, 0x16, 0x33, 0x31,
0x32, 0x37, 0x36, 0x37, 0x31, 0x36, 0x37, 0x36, 0x07, 0x31, 0x06, 0x07, 0x06, 0x07, 0x0B, 0x72,
0x05, 0x14, 0x14, 0x03, 0x02, 0x01, 0x01, 0x01, 0x12, 0x0A, 0x08, 0x09, 0x0A, 0x0D, 0x06, 0x06,
0x04, 0x01, 0x0B, 0x0C, 0x0F, 0x19, 0x05, 0x06, 0x1B, 0x1C, 0x6E, 0x5D, 0x18, 0x18, 0x01, 0x03,
0x11, 0x12, 0x03, 0x01, 0x2B, 0x2B, 0x33, 0x33, 0x2B, 0x2B, 0x01, 0x01, 0x07, 0x07, 0x08, 0x08,
0x0D, 0x0E, 0x0A, 0x0B, 0x2E, 0x2F, 0x37, 0x45, 0x28, 0x29, 0x12, 0x29, 0x2C, 0x2D, 0x09, 0x02,
0x16, 0x17, 0x30, 0x5B, 0x03, 0x02, 0x08, 0x09, 0x0E, 0x15, 0x0B, 0x0C, 0x21, 0x21, 0x1F, 0x1F,
0x2A, 0x07, 0x06, 0x06, 0x2A, 0x17, 0x11, 0x12, 0x01, 0x02, 0x02, 0x02, 0x02, 0x01, 0x0F, 0x10,
0x13, 0x37, 0x2D, 0x2E, 0x25, 0x1B, 0x1D, 0x1D, 0x01, 0x01, 0x02, 0x02, 0x02, 0x02, 0x01, 0x03,
0x05, 0x05, 0x02, 0x01, 0x14, 0x0C, 0x04, 0x05, 0x01, 0x02, 0x01, 0x02, 0x06, 0x06, 0x0B, 0x0B,
0x31, 0x31, 0x0B, 0x0B, 0x08, 0x04, 0x03, 0x03, 0x03, 0x03, 0x09, 0x0A, 0x09, 0x09, 0x17, 0x14,
0x07, 0x08, 0x1C, 0x13, 0x0A, 0x0B, 0x19, 0x2A, 0x02, 0x03, 0x1D, 0x14, 0x02, 0x03, 0x05, 0x02,
0x02, 0x02, 0x31, 0x20, 0x18, 0x18, 0x43, 0x49, 0x2D, 0x2E, 0xB1, 0xC6, 0x29, 0x29, 0x0C, 0x05,
0x01, 0x05, 0x05, 0x02, 0x03, 0x08, 0x07, 0x05, 0x06, 0x09, 0x07, 0x46, 0x46, 0x5B, 0xDE, 0x39,
0x66, 0x29, 0x21, 0x21, 0x05, 0x06, 0x06, 0x06, 0x0A, 0x07, 0x06, 0x07, 0x03, 0x02, 0x0B, 0x0B,
0x0C, 0x1F, 0x01, 0x51, 0xE8, 0x34, 0x35, 0x01, 0x01, 0x05, 0x05, 0x0D, 0x1B, 0x01, 0x02, 0x1B,
0x16, 0x04, 0x05, 0x01, 0x01, 0x03, 0x05, 0x1A, 0x1A, 0x06, 0x03, 0x03, 0x04, 0x07, 0x06, 0x0B,
0x0B, 0x14, 0x0F, 0x0C, 0x0C, 0x01, 0x01, 0x06, 0x07, 0x09, 0x0B, 0x06, 0x06, 0x03, 0x04, 0x05,
0x06, 0x11, 0x0B, 0x2E, 0x2D, 0x35, 0x36, 0x2F, 0x30, 0x0F, 0x0F, 0x08, 0x08, 0x2D, 0x2D, 0x4A,
0x41, 0x09, 0x12, 0x22, 0x22, 0x6D, 0x43, 0x11, 0x12, 0x06, 0x06, 0x09, 0x0C, 0x04, 0x04, 0x02,
0x02, 0x02, 0x11, 0x03, 0x02, 0x02, 0x08, 0x08, 0x0C, 0x1B, 0x02, 0x03, 0x0F, 0x0C, 0x06, 0x06,
0xFD, 0xE7, 0x12, 0x02, 0x02, 0x0C, 0x0A, 0x04, 0x05, 0x0F, 0x0F, 0x33, 0x51, 0x01, 0x01, 0x09,
0x0A, 0x33, 0x1C, 0x1D, 0x1E, 0x0C, 0xFE, 0x85, 0x03, 0x25, 0x26, 0x37, 0x37, 0x26, 0x27, 0x02,
0x02, 0x27, 0x27, 0x2F, 0x2F, 0x28, 0x28, 0x01, 0x76, 0x06, 0x05, 0x06, 0x01, 0x02, 0x24, 0x25,
0x40, 0x48, 0x21, 0x21, 0x02, 0x02, 0x24, 0x24, 0x2D, 0x2D, 0x28, 0x28, 0x09, 0x01, 0x28, 0x02,
0x14, 0x15, 0x4F, 0x32, 0x1F, 0x1F, 0x06, 0x06, 0x04, 0x05, 0x1D, 0x1D, 0x2D, 0x42, 0x13, 0x14,
0xFA, 0xAE, 0x21, 0x0E, 0x0E, 0x02, 0x06, 0x01, 0x02, 0x08, 0x03, 0x01, 0x02, 0x02, 0x06, 0x09,
0x0A, 0x01, 0x02, 0x02, 0x02, 0x05, 0x06, 0x01, 0x01, 0x02, 0x01, 0x03, 0x03, 0x04, 0x06, 0x09,
0x0A, 0x30, 0x23, 0x10, 0x11, 0x03, 0x04, 0x02, 0x02, 0x04, 0x01, 0x12, 0x13, 0x18, 0x03, 0x1A,
0x05, 0x06, 0x02, 0x14, 0x15, 0x1A, 0x3F, 0x03, 0x04, 0x07, 0x09, 0x0A, 0x0B, 0x04, 0x01, 0x01,
0x01, 0x01, 0x02, 0x06, 0x0E, 0x03, 0x03, 0x01, 0x01, 0x01, 0x01, 0x05, 0x08, 0x07, 0x04, 0x02,
0x02, 0x02, 0x01, 0x04, 0x03, 0x02, 0x03, 0x01, 0x01, 0x02, 0x02, 0x02, 0x02, 0x04, 0x05, 0x04,
0x05, 0x04, 0x05, 0x04, 0x0B, 0x03, 0x03, 0x0F, 0x03, 0x02, 0x03, 0x1A, 0x0C, 0x1B, 0x1B, 0x22,
0x34, 0x13, 0x14, 0x2B, 0x2A, 0x1E, 0x1E, 0x1D, 0x05, 0x0C, 0x0C, 0x3E, 0x23, 0x18, 0x19, 0x02,
0x03, 0x04, 0x03, 0x0D, 0x0E, 0x10, 0x2A, 0x36, 0x36, 0x42, 0x2F, 0x45, 0x46, 0x10, 0x03, 0x02,
0x02, 0x0A, 0x0B, 0x0E, 0x1E, 0x07, 0x07, 0x1C, 0x19, 0x02, 0x02, 0x03, 0x06, 0x07, 0x01, 0x08,
0x08, 0x01, 0x02, 0x02, 0x02, 0x01, 0x01, 0x08, 0x04, 0x05, 0x05, 0x03, 0x05, 0x01, 0x01, 0x07,
0x08, 0x12, 0x13, 0x3B, 0x34, 0x19, 0x19, 0x0D, 0x17, 0x03, 0x02, 0x02, 0x02, 0x0A, 0x12, 0x13,
0x14, 0x57, 0x3C, 0x0D, 0x0E, 0x0E, 0x08, 0x09, 0x0A, 0x07, 0x0E, 0x01, 0x01, 0x03, 0x04, 0x10,
0x11, 0x10, 0x10, 0x47, 0x4F, 0x0C, 0x0C, 0x12, 0x08, 0x18, 0x18, 0x66, 0x69, 0x17, 0x18, 0x0F,
0x0C, 0x05, 0x05, 0x01, 0x02, 0x01, 0x01, 0x02, 0x06, 0x19, 0x1A, 0x0A, 0x07, 0x08, 0x05, 0x06,
0x0F, 0x0A, 0x07, 0x08, 0x08, 0x08, 0x0C, 0x1C, 0x01, 0x02, 0x05, 0x04, 0x01, 0x02, 0x01, 0x04,
0x05, 0x01, 0x01, 0x02, 0x02, 0x06, 0x06, 0x01, 0x01, 0x03, 0x06, 0x06, 0x03, 0x04, 0x03, 0x01,
0x01, 0x01, 0x02, 0x01, 0x02, 0x02, 0x01, 0x01, 0x02, 0x02, 0x05, 0x06, 0x01, 0x01, 0x02, 0x01,
0x01, 0x01, 0x01, 0x01, 0x01, 0x01, 0x02, 0x02, 0x02, 0x03, 0x06, 0x03, 0x03, 0x14, 0x29, 0x0B,
0x0B, 0x01, 0x01, 0x05, 0x03, 0x0C, 0x0D, 0x0F, 0x15, 0x0C, 0x0C, 0x0C, 0x08, 0x07, 0x08, 0x03,
0x66, 0x04, 0x04, 0x04, 0x02, 0x01, 0x01, 0x01, 0x0D, 0x0A, 0x02, 0x02, 0x02, 0x02, 0x13, 0x02,
0x01, 0x01, 0x02, 0x02, 0x03, 0x05, 0x01, 0x01, 0x0A, 0x08, 0x01, 0x02, 0x01, 0x02, 0x05, 0x02,
0x01, 0x01, 0x01, 0x01, 0x01, 0x02, 0x01, 0x01, 0x01, 0x45, 0x01, 0x02, 0x02, 0x02, 0x02, 0x01,
0x01, 0x01, 0x01, 0x03, 0x02, 0x02, 0x01, 0x01, 0x01, 0x01, 0x02, 0x04, 0x04, 0x01, 0x02, 0x01,
0x01, 0x01, 0x01, 0x02, 0x02, 0x02, 0x02, 0x01, 0x01, 0x01, 0x02, 0x59, 0x02, 0x02, 0x02, 0x04,
0x08, 0x0E, 0x0F, 0x0C, 0x06, 0x04, 0x05, 0x11, 0x11, 0x0F, 0x0C, 0x04, 0x04, 0x05, 0x05, 0x15,
0x0E, 0x0B, 0x0C, 0x06, 0x08, 0x01, 0x02, 0x01, 0x02, 0x03, 0x04, 0x2A, 0x2B, 0x01, 0x01, 0x01,
0x01, 0x01, 0x00, 0x00, 0x00, 0x02, 0x00, 0x00, 0xFF, 0xC0, 0x07, 0xDD, 0x03, 0xC0, 0x01, 0x88,
0x01, 0xB2, 0x00, 0x00, 0x01, 0x31, 0x36, 0x33, 0x32, 0x17, 0x31, 0x16, 0x17, 0x16, 0x33, 0x31,
0x32, 0x33, 0x32, 0x33, 0x31, 0x17, 0x15, 0x07, 0x06, 0x23, 0x26, 0x27, 0x31, 0x26, 0x07, 0x06,
0x15, 0x31, 0x14, 0x17, 0x16, 0x33, 0x31, 0x32, 0x17, 0x16, 0x15, 0x31, 0x14, 0x17, 0x16, 0x33,
0x31, 0x32, 0x37, 0x36, 0x37, 0x31, 0x36, 0x33, 0x36, 0x17, 0x31, 0x16, 0x17, 0x16, 0x33, 0x31,
0x16, 0x17, 0x16, 0x17, 0x31, 0x16, 0x17, 0x16, 0x17, 0x31, 0x16, 0x17, 0x16, 0x15, 0x31, 0x14,
0x07, 0x06, 0x07, 0x31, 0x06, 0x17, 0x31, 0x16, 0x17, 0x16, 0x33, 0x31, 0x16, 0x33, 0x31, 0x36,
0x33, 0x36, 0x33, 0x31, 0x37, 0x15, 0x23, 0x22, 0x07, 0x06, 0x07, 0x31, 0x06, 0x07, 0x06, 0x23,
0x31, 0x22, 0x23, 0x06, 0x23, 0x31, 0x0F, 0x01, 0x06, 0x07, 0x06, 0x07, 0x31, 0x06, 0x17, 0x16,
0x33, 0x31, 0x33, 0x07, 0x17, 0x16, 0x17, 0x16, 0x07, 0x31, 0x06, 0x07, 0x06, 0x27, 0x31, 0x2F,
0x01, 0x34, 0x37, 0x36, 0x37, 0x31, 0x36, 0x37, 0x36, 0x27, 0x31, 0x26, 0x37, 0x36, 0x37, 0x31,
0x36, 0x27, 0x26, 0x23, 0x31, 0x27, 0x07, 0x06, 0x07, 0x06, 0x07, 0x31, 0x0F, 0x01, 0x06, 0x07,
0x06, 0x27, 0x31, 0x26, 0x27, 0x26, 0x27, 0x31, 0x26, 0x37, 0x36, 0x37, 0x31, 0x36, 0x37, 0x36,
0x37, 0x31, 0x36, 0x37, 0x36, 0x27, 0x31, 0x27, 0x07, 0x06, 0x07, 0x06, 0x07, 0x31, 0x06, 0x07,
0x06, 0x15, 0x31, 0x14, 0x17, 0x16, 0x17, 0x31, 0x16, 0x17, 0x16, 0x17, 0x31, 0x16, 0x17, 0x16,
0x17, 0x31, 0x16, 0x17, 0x16, 0x15, 0x31, 0x14, 0x07, 0x06, 0x07, 0x31, 0x06, 0x07, 0x06, 0x07,
0x31, 0x06, 0x27, 0x26, 0x35, 0x31, 0x34, 0x27, 0x26, 0x27, 0x31, 0x26, 0x27, 0x26, 0x27, 0x31,
0x26, 0x27, 0x26, 0x27, 0x31, 0x26, 0x23, 0x06, 0x07, 0x31, 0x06, 0x07, 0x06, 0x27, 0x31, 0x26,
0x07, 0x06, 0x07, 0x31, 0x06, 0x07, 0x06, 0x17, 0x31, 0x16, 0x17, 0x16, 0x07, 0x31, 0x06, 0x07,
0x06, 0x07, 0x31, 0x06, 0x23, 0x06, 0x27, 0x31, 0x26, 0x27, 0x26, 0x27, 0x31, 0x26, 0x27, 0x26,
0x27, 0x31, 0x26, 0x35, 0x34, 0x37, 0x31, 0x36, 0x37, 0x36, 0x37, 0x31, 0x32, 0x37, 0x31, 0x36,
0x33, 0x36, 0x33, 0x31, 0x36, 0x33, 0x31, 0x21, 0x37, 0x36, 0x37, 0x36, 0x33, 0x31, 0x33, 0x27,
0x26, 0x27, 0x26, 0x27, 0x31, 0x26, 0x23, 0x22, 0x15, 0x31, 0x14, 0x23, 0x26, 0x27, 0x31, 0x26,
0x23, 0x26, 0x07, 0x31, 0x06, 0x27, 0x26, 0x37, 0x31, 0x37, 0x17, 0x32, 0x33, 0x36, 0x35, 0x31,
0x34, 0x37, 0x36, 0x33, 0x31, 0x32, 0x17, 0x16, 0x15, 0x31, 0x14, 0x37, 0x36, 0x37, 0x31, 0x36,
0x37, 0x36, 0x17, 0x31, 0x16, 0x33, 0x16, 0x37, 0x31, 0x36, 0x37, 0x36, 0x37, 0x03, 0x31, 0x15,
0x23, 0x22, 0x07, 0x06, 0x15, 0x31, 0x14, 0x07, 0x06, 0x23, 0x31, 0x22, 0x07, 0x06, 0x07, 0x31,
0x06, 0x07, 0x06, 0x07, 0x31, 0x06, 0x17, 0x16, 0x17, 0x31, 0x16, 0x33, 0x32, 0x37, 0x31, 0x36,
0x37, 0x36, 0x37, 0x31, 0x37, 0x27, 0x23, 0x04, 0x16, 0x39, 0x0C, 0x0D, 0x08, 0x05, 0x05, 0x06,
0x04, 0x04, 0x06, 0x06, 0x05, 0x0D, 0x0F, 0x06, 0x05, 0x06, 0x02, 0x06, 0x11, 0x11, 0x03, 0x03,
0x05, 0x09, 0x06, 0x07, 0x13, 0x13, 0x50, 0x44, 0x1B, 0x1C, 0x05, 0x05, 0x04, 0x05, 0x06, 0x05,
0x07, 0x07, 0x05, 0x06, 0x04, 0x04, 0x02, 0x02, 0x04, 0x04, 0x03, 0x07, 0x09, 0x0A, 0x0C, 0x0D,
0x0B, 0x08, 0x31, 0x31, 0x42, 0x43, 0x41, 0x41, 0x19, 0x1A, 0x23, 0x23, 0x18, 0x39, 0xFF, 0xAA,
0x2B, 0x2C, 0x04, 0x02, 0x04, 0x04, 0x04, 0x04, 0x0B, 0x0C, 0x0D, 0x1F, 0x03, 0x01, 0x03, 0x03,
0x03, 0x06, 0x01, 0x02, 0x0E, 0x12, 0x04, 0x0D, 0x05, 0x03, 0x03, 0x01, 0x04, 0x1E, 0x1E, 0x14,
0x1C, 0x01, 0x02, 0x03, 0x05, 0x07, 0x01, 0x01, 0x05, 0x06, 0x02, 0x03, 0x0D, 0x18, 0x10, 0x11,
0x39, 0x50, 0x1E, 0x0B, 0x19, 0x19, 0x17, 0x37, 0x20, 0x15, 0x14, 0x14, 0x3E, 0x26, 0x1B, 0x1C,
0x01, 0x02, 0x01, 0x02, 0x03, 0x07, 0x12, 0x13, 0x18, 0x10, 0x01, 0x02, 0x0D, 0x0B, 0x47, 0x2D,
0x10, 0x10, 0x0B, 0x07, 0x05, 0x05, 0x05, 0x05, 0x07, 0x09, 0x08, 0x09, 0x0F, 0x0B, 0x0A, 0x0A,
0x04, 0x03, 0x03, 0x03, 0x16, 0x16, 0x1F, 0x1F, 0x18, 0x18, 0x02, 0x03, 0x01, 0x02, 0x08, 0x09,
0x0D, 0x11, 0x09, 0x0A, 0x09, 0x07, 0x05, 0x05, 0x01, 0x01, 0x0B, 0x0C, 0x19, 0x10, 0x07, 0x08,
0x03, 0x07, 0x27, 0x27, 0x1D, 0x1D, 0x07, 0x07, 0x0B, 0x05, 0x01, 0x01, 0x03, 0x04, 0x06, 0x06,
0x13, 0x0C, 0x14, 0x15, 0x12, 0x22, 0x0B, 0x0B, 0x0B, 0x05, 0x0E, 0x0E, 0x09, 0x05, 0x05, 0x07,
0x13, 0x14, 0x12, 0x03, 0x1A, 0x1A, 0x2B, 0x2C, 0x39, 0x3A, 0x42, 0x01, 0x33, 0x0D, 0x10, 0x0F,
0x10, 0x19, 0x20, 0x03, 0x01, 0x01, 0x02, 0x01, 0x03, 0x06, 0x07, 0x0B, 0x0C, 0x03, 0x01, 0x07,
0x08, 0x0C, 0x15, 0x04, 0x05, 0x02, 0x01, 0x1B, 0x0D, 0x06, 0x07, 0x04, 0x04, 0x06, 0x06, 0x04,
0x04, 0x04, 0x05, 0x01, 0x02, 0x0D, 0x0D, 0x07, 0x04, 0x06, 0x06, 0x16, 0x0D, 0x18, 0x18, 0x15,
0x0D, 0x12, 0x08, 0x05, 0x06, 0x04, 0x05, 0x06, 0x0A, 0x05, 0x06, 0x09, 0x0F, 0x0E, 0x0E, 0x04,
0x02, 0x01, 0x01, 0x0B, 0x24, 0x15, 0x16, 0x0F, 0x10, 0x0B, 0x0B, 0x26, 0x36, 0x0E, 0x5C, 0x03,
0x0C, 0x04, 0x06, 0x03, 0x01, 0x02, 0x01, 0x5F, 0x03, 0x01, 0x01, 0x02, 0x06, 0x01, 0x02, 0x06,
0x03, 0x02, 0x02, 0x05, 0x05, 0x08, 0x05, 0x01, 0x02, 0x01, 0x01, 0x04, 0x03, 0x01, 0x03, 0x02,
0x01, 0x02, 0x01, 0x03, 0x03, 0x04, 0x05, 0x03, 0x04, 0x01, 0x03, 0x09, 0x0A, 0x04, 0x03, 0x05,
0x05, 0x01, 0x01, 0x02, 0x02, 0x01, 0x02, 0x01, 0x01, 0x01, 0x01, 0x38, 0x01, 0x01, 0x05, 0x03,
0x02, 0x02, 0x01, 0x01, 0x1A, 0x0B, 0x0B, 0x0B, 0x04, 0x0B, 0x02, 0x02, 0xB8, 0x13, 0x07, 0x06,
0x07, 0x01, 0x04, 0x02, 0x03, 0x02, 0x03, 0x19, 0x0A, 0x1A, 0x1A, 0x19, 0x2A, 0x0C, 0x0D, 0x0B,
0x0F, 0x06, 0x07, 0x03, 0x05, 0x03, 0x03, 0x01, 0x23, 0x0E, 0x1E, 0x1E, 0x1D, 0x45, 0x0A, 0x07,
0x01, 0x02, 0x01, 0x01, 0x01, 0x02, 0x01, 0x01, 0x0B, 0x0C, 0x0F, 0x1E, 0x22, 0x22, 0x1A, 0x12,
0x0F, 0x10, 0x0E, 0x0D, 0x06, 0x04, 0x03, 0x04, 0x07, 0x04, 0x05, 0x06, 0x03, 0x04, 0x1C, 0x1D,
0x24, 0x35, 0x20, 0x21, 0x29, 0x1C, 0x1A, 0x1A, 0x07, 0x08, 0x07, 0x07, 0x02, 0x01, 0x09, 0x09,
0x0A, 0x0A, 0x08, 0x08, 0x01, 0x01, 0x02, 0x02, 0x05, 0x04, 0x1E, 0x1E, 0x26, 0x37, 0x26, 0x27,
0x36, 0x26, 0x20, 0x20, 0x07, 0x12, 0x01, 0x11, 0x0C, 0x03, 0x03, 0x03, 0x06, 0x13, 0x14, 0x18,
0x18, 0x0E, 0x0E, 0x11, 0x09, 0x05, 0x05, 0x08, 0x07, 0x02, 0x03, 0x02, 0x02, 0x01, 0x01, 0x02,
0x06, 0x06, 0x19, 0x0B, 0x4A, 0x4B, 0x41, 0x26, 0x0B, 0x0B, 0x0E, 0x11, 0x12, 0x12, 0x06, 0x01,
0x01, 0x01, 0x01, 0x0C, 0x0F, 0x05, 0x06, 0x15, 0x08, 0x07, 0x07, 0x02, 0x04, 0x04, 0x05, 0x01,
0x04, 0x03, 0x01, 0x01, 0x02, 0x06, 0x07, 0x22, 0x1C, 0x02, 0x01, 0x03, 0x02, 0x01, 0x02, 0x01,
0x02, 0x02, 0x07, 0x02, 0x03, 0x08, 0x0A, 0x02, 0x02, 0x09, 0x05, 0x01, 0x04, 0x02, 0x03, 0x03,
0x01, 0xFE, 0x84, 0x19, 0x01, 0x02, 0x02, 0x02, 0x01, 0x01, 0x03, 0x04, 0x0B, 0x13, 0x1C, 0x1C,
0x11, 0x0E, 0x03, 0x03, 0x02, 0x05, 0x05, 0x05, 0x0C, 0x0D, 0x38, 0x4E, 0x1C, 0x00, 0x00, 0x00,
0x00, 0x05, 0x00, 0x00, 0xFF, 0xC0, 0x0B, 0xE9, 0x03, 0xC0, 0x01, 0xB1, 0x01, 0xDF, 0x01, 0xF3,
0x02, 0x08, 0x02, 0x3D, 0x00, 0x00, 0x01, 0x31, 0x36, 0x33, 0x32, 0x17, 0x31, 0x32, 0x33, 0x16,
0x33, 0x31, 0x32, 0x17, 0x16, 0x15, 0x31, 0x14, 0x17, 0x16, 0x17, 0x31, 0x16, 0x17, 0x16, 0x37,
0x31, 0x36, 0x37, 0x36, 0x33, 0x31, 0x32, 0x17, 0x16, 0x17, 0x31, 0x16, 0x37, 0x36, 0x37, 0x31,
0x36, 0x37, 0x36, 0x33, 0x31, 0x32, 0x17, 0x16, 0x17, 0x31, 0x16, 0x15, 0x16, 0x07, 0x31, 0x06,
0x07, 0x06, 0x23, 0x31, 0x22, 0x27, 0x26, 0x27, 0x31, 0x26, 0x27, 0x26, 0x23, 0x31, 0x23, 0x15,
0x14, 0x17, 0x16, 0x17, 0x31, 0x16, 0x33, 0x16, 0x17, 0x31, 0x32, 0x17, 0x16, 0x15, 0x31, 0x14,
0x17, 0x16, 0x17, 0x31, 0x16, 0x17, 0x31, 0x32, 0x21, 0x20, 0x37, 0x31, 0x36, 0x35, 0x31, 0x34,
0x37, 0x36, 0x33, 0x31, 0x32, 0x17, 0x16, 0x15, 0x31, 0x14, 0x17, 0x16, 0x33, 0x31, 0x32, 0x17,
0x16, 0x15, 0x31, 0x14, 0x07, 0x06, 0x23, 0x31, 0x22, 0x07, 0x06, 0x07, 0x31, 0x06, 0x23, 0x22,
0x27, 0x31, 0x26, 0x27, 0x26, 0x21, 0x31, 0x21, 0x15, 0x14, 0x07, 0x06, 0x23, 0x31, 0x22, 0x07,
0x06, 0x15, 0x31, 0x14, 0x07, 0x06, 0x07, 0x31, 0x22, 0x17, 0x16, 0x33, 0x31, 0x16, 0x37, 0x36,
0x37, 0x31, 0x36, 0x33, 0x32, 0x17, 0x31, 0x16, 0x33, 0x32, 0x37, 0x31, 0x36, 0x33, 0x36, 0x17,
0x31, 0x16, 0x17, 0x31, 0x16, 0x33, 0x16, 0x37, 0x31, 0x36, 0x37, 0x31, 0x36, 0x37, 0x36, 0x33,
0x31, 0x16, 0x17, 0x16, 0x17, 0x31, 0x16, 0x15, 0x06, 0x07, 0x31, 0x06, 0x07, 0x06, 0x27, 0x31,
0x26, 0x27, 0x31, 0x26, 0x23, 0x26, 0x23, 0x31, 0x22, 0x15, 0x31, 0x14, 0x23, 0x06, 0x23, 0x31,
0x26, 0x07, 0x06, 0x07, 0x31, 0x06, 0x23, 0x26, 0x27, 0x31, 0x26, 0x27, 0x26, 0x27, 0x31, 0x27,
0x05, 0x07, 0x06, 0x07, 0x06, 0x23, 0x31, 0x23, 0x15, 0x14, 0x07, 0x06, 0x07, 0x31, 0x06, 0x27,
0x26, 0x35, 0x31, 0x35, 0x23, 0x22, 0x07, 0x06, 0x07, 0x31, 0x07, 0x23, 0x22, 0x27, 0x26, 0x27,
0x31, 0x27, 0x07, 0x06, 0x07, 0x06, 0x07, 0x31, 0x07, 0x27, 0x26, 0x27, 0x26, 0x27, 0x31, 0x26,
0x27, 0x26, 0x07, 0x31, 0x06, 0x27, 0x26, 0x27, 0x31, 0x26, 0x27, 0x26, 0x27, 0x31, 0x27, 0x23,
0x22, 0x07, 0x06, 0x07, 0x31, 0x06, 0x07, 0x06, 0x07, 0x31, 0x0F, 0x01, 0x06, 0x07, 0x06, 0x07,
0x31, 0x06, 0x07, 0x06, 0x27, 0x31, 0x26, 0x35, 0x31, 0x36, 0x37, 0x36, 0x37, 0x31, 0x36, 0x37,
0x31, 0x37, 0x33, 0x32, 0x17, 0x16, 0x17, 0x31, 0x16, 0x33, 0x36, 0x37, 0x31, 0x36, 0x37, 0x36,
0x33, 0x31, 0x33, 0x17, 0x33, 0x32, 0x37, 0x36, 0x37, 0x31, 0x36, 0x37, 0x36, 0x35, 0x31, 0x35,
0x33, 0x32, 0x37, 0x36, 0x37, 0x31, 0x36, 0x37, 0x36, 0x33, 0x31, 0x37, 0x35, 0x07, 0x06, 0x07,
0x06, 0x23, 0x31, 0x07, 0x35, 0x37, 0x36, 0x17, 0x16, 0x17, 0x31, 0x16, 0x17, 0x16, 0x37, 0x31,
0x36, 0x33, 0x32, 0x15, 0x31, 0x14, 0x37, 0x36, 0x37, 0x31, 0x36, 0x37, 0x36, 0x33, 0x31, 0x32,
0x37, 0x36, 0x35, 0x31, 0x34, 0x37, 0x36, 0x37, 0x07, 0x31, 0x14, 0x17, 0x16, 0x17, 0x31, 0x16,
0x33, 0x32, 0x37, 0x31, 0x36, 0x37, 0x36, 0x35, 0x31, 0x34, 0x27, 0x26, 0x23, 0x31, 0x22, 0x07,
0x06, 0x07, 0x31, 0x06, 0x07, 0x06, 0x23, 0x31, 0x22, 0x27, 0x26, 0x27, 0x31, 0x26, 0x27, 0x26,
0x23, 0x31, 0x22, 0x07, 0x06, 0x15, 0x05, 0x31, 0x14, 0x17, 0x16, 0x33, 0x31, 0x32, 0x37, 0x36,
0x35, 0x31, 0x34, 0x27, 0x26, 0x23, 0x31, 0x22, 0x07, 0x06, 0x05, 0x31, 0x06, 0x07, 0x06, 0x07,
0x31, 0x06, 0x17, 0x16, 0x17, 0x31, 0x16, 0x37, 0x36, 0x37, 0x31, 0x36, 0x27, 0x26, 0x07, 0x17,
0x31, 0x06, 0x07, 0x06, 0x07, 0x31, 0x06, 0x17, 0x16, 0x17, 0x31, 0x16, 0x33, 0x32, 0x37, 0x31,
0x36, 0x37, 0x36, 0x27, 0x31, 0x26, 0x27, 0x26, 0x23, 0x31, 0x23, 0x15, 0x14, 0x17, 0x16, 0x17,
0x31, 0x16, 0x15, 0x16, 0x23, 0x31, 0x22, 0x27, 0x26, 0x27, 0x31, 0x34, 0x27, 0x26, 0x23, 0x31,
0x22, 0x07, 0x06, 0x07, 0x04, 0x82, 0x05, 0x04, 0x05, 0x03, 0x02, 0x04, 0x04, 0x03, 0x03, 0x01,
0x02, 0x02, 0x03, 0x05, 0x09, 0x0D, 0x0D, 0x03, 0x02, 0x06, 0x06, 0x07, 0x08, 0x06, 0x06, 0x01,
0x04, 0x18, 0x19, 0x37, 0x2A, 0x18, 0x18, 0x14, 0x1A, 0x06, 0x06, 0x02, 0x02, 0x01, 0x03, 0x02,
0x08, 0x09, 0x19, 0x18, 0x16, 0x16, 0x26, 0x1A, 0x19, 0x1A, 0x09, 0x16, 0x01, 0x02, 0x04, 0x0B,
0x09, 0x0A, 0x0D, 0x08, 0x04, 0x05, 0x08, 0x09, 0x15, 0x18, 0xEA, 0xE9, 0x01, 0x0E, 0x01, 0x0F,
0xDE, 0xDD, 0x09, 0x0A, 0x0F, 0x0F, 0x0A, 0x0A, 0x0F, 0x10, 0x1A, 0x2E, 0x08, 0x09, 0x08, 0x08,
0x2D, 0x24, 0x0B, 0x0B, 0x07, 0x0A, 0x12, 0x13, 0x0B, 0x07, 0x40, 0x40, 0xFE, 0x99, 0xFE, 0x1C,
0x01, 0x02, 0x04, 0x03, 0x02, 0x02, 0x04, 0x04, 0x05, 0x05, 0x0E, 0x0E, 0x1A, 0x1F, 0x11, 0x11,
0x05, 0x05, 0x03, 0x03, 0x03, 0x06, 0x10, 0x11, 0x05, 0x03, 0x07, 0x07, 0x0B, 0x0F, 0x21, 0x21,
0x22, 0x23, 0x1B, 0x1B, 0x02, 0x03, 0x08, 0x09, 0x0A, 0x0D, 0x07, 0x07, 0x04, 0x04, 0x01, 0x06,
0x05, 0x06, 0x06, 0x0E, 0x0D, 0x23, 0x22, 0x24, 0x24, 0x1B, 0x1B, 0x24, 0x25, 0x3B, 0x57, 0x1A,
0x1A, 0x0D, 0x0F, 0x05, 0x05, 0x0B, 0x06, 0x07, 0x07, 0x04, 0x09, 0xFE, 0xC1, 0x3D, 0x1D, 0x15,
0x16, 0x0A, 0x14, 0x08, 0x08, 0x43, 0x48, 0x08, 0x08, 0x10, 0x09, 0x07, 0x08, 0x0A, 0x12, 0x35,
0x23, 0x0B, 0x0B, 0x08, 0x0C, 0x0A, 0x04, 0x04, 0x05, 0x03, 0x04, 0x23, 0x11, 0x10, 0x11, 0x0F,
0x1B, 0x25, 0x25, 0x13, 0x0C, 0x07, 0x07, 0x0F, 0x0A, 0x0B, 0x0C, 0x07, 0x10, 0x37, 0x1C, 0x0E,
0x0E, 0x02, 0x01, 0x02, 0x03, 0x03, 0x05, 0x59, 0x2F, 0x1D, 0x1D, 0x12, 0x10, 0x09, 0x0A, 0x02,
0x01, 0x01, 0x01, 0x01, 0x02, 0x02, 0x01, 0x03, 0x37, 0x17, 0x12, 0x12, 0x02, 0x02, 0x04, 0x05,
0x04, 0x04, 0x24, 0x25, 0x40, 0x84, 0x1A, 0x86, 0x45, 0x23, 0x24, 0x06, 0x08, 0x02, 0x02, 0x27,
0x12, 0x0A, 0x0B, 0x01, 0x01, 0x0B, 0x0B, 0x13, 0x28, 0x28, 0x11, 0x22, 0x23, 0x21, 0x4E, 0x3C,
0x1E, 0x1C, 0x1C, 0x1C, 0x1F, 0x0D, 0x0D, 0x03, 0x05, 0x14, 0x14, 0x0B, 0x0C, 0x04, 0x03, 0x03,
0x04, 0x03, 0x03, 0x01, 0x02, 0x02, 0x02, 0x06, 0x38, 0x01, 0x02, 0x03, 0x03, 0x3A, 0x3B, 0x0A,
0x02, 0x01, 0x01, 0x01, 0x02, 0x0B, 0x06, 0x05, 0x06, 0x01, 0x01, 0x0B, 0x0C, 0x0F, 0x0F, 0x0B,
0x0C, 0x01, 0x01, 0x05, 0x05, 0x06, 0x0A, 0x01, 0x02, 0x07, 0x3E, 0x01, 0x02, 0x02, 0x02, 0x01,
0x01, 0x01, 0x01, 0x02, 0x02, 0x01, 0x02, 0xF7, 0x43, 0x17, 0x0C, 0x0D, 0x02, 0x01, 0x02, 0x02,
0x09, 0x21, 0x2D, 0x2D, 0x03, 0x02, 0x1B, 0x1B, 0x24, 0xBE, 0x02, 0x02, 0x02, 0x02, 0x02, 0x06,
0x06, 0x0C, 0x0B, 0x27, 0x27, 0x05, 0x0C, 0x03, 0x03, 0x09, 0x06, 0x05, 0x05, 0x18, 0x20, 0x02,
0x03, 0x0A, 0x0B, 0x01, 0x09, 0x0E, 0x09, 0x09, 0x01, 0x02, 0x02, 0x09, 0x05, 0x05, 0x05, 0x02,
0x02, 0x8D, 0x01, 0x01, 0x01, 0x04, 0x05, 0x08, 0x09, 0x06, 0x06, 0x04, 0x07, 0x01, 0x02, 0x05,
0x02, 0x01, 0x02, 0x01, 0x02, 0x02, 0x06, 0x03, 0x03, 0x0E, 0x0B, 0x04, 0x04, 0x01, 0x02, 0x08,
0x0A, 0x31, 0x32, 0x07, 0x04, 0x01, 0x02, 0x03, 0x04, 0x09, 0x07, 0x04, 0x05, 0x17, 0x0D, 0x05,
0x05, 0x01, 0x01, 0x01, 0x01, 0x02, 0x02, 0x03, 0x03, 0x02, 0x02, 0x02, 0x02, 0x01, 0x01, 0x02,
0x02, 0x02, 0x01, 0x01, 0x01, 0x01, 0x02, 0x02, 0x01, 0x02, 0x03, 0x04, 0x12, 0x13, 0x03, 0x04,
0x01, 0x02, 0x06, 0x09, 0x09, 0x07, 0x01, 0x01, 0x27, 0x18, 0x07, 0x08, 0x01, 0x02, 0x01, 0x02,
0x02, 0x02, 0x01, 0x01, 0x01, 0x01, 0x01, 0x02, 0x03, 0x03, 0x03, 0x06, 0x05, 0x03, 0x01, 0x02,
0x02, 0x02, 0x01, 0x01, 0x01, 0x01, 0x01, 0x02, 0x01, 0x01, 0x01, 0x02, 0x03, 0x05, 0x06, 0x03,
0x03, 0x06, 0x04, 0x01, 0x01, 0x02, 0x02, 0x01, 0x01, 0x01, 0x02, 0x02, 0x01, 0x02, 0x01, 0x01,
0x05, 0x06, 0x01, 0x06, 0x04, 0x07, 0x08, 0x07, 0x12, 0x07, 0x16, 0x0B, 0x06, 0x06, 0x1B, 0x19,
0x03, 0x04, 0x05, 0x06, 0x02, 0x02, 0x19, 0x1B, 0x03, 0x04, 0x0B, 0x13, 0x02, 0x02, 0x06, 0x09,
0x1F, 0x0D, 0x14, 0x14, 0x0F, 0x25, 0x01, 0x01, 0x03, 0x03, 0x05, 0x0B, 0x05, 0x06, 0x03, 0x02,
0x02, 0x03, 0x0B, 0x07, 0x0B, 0x0B, 0x08, 0x15, 0x01, 0x02, 0x03, 0x02, 0x08, 0x09, 0x0A, 0x17,
0x04, 0x01, 0x03, 0x03, 0x05, 0x04, 0x01, 0x01, 0x02, 0x02, 0x27, 0x27, 0x30, 0x31, 0x2C, 0x2C,
0x0B, 0x15, 0x01, 0x02, 0x01, 0x02, 0x01, 0x02, 0x02, 0x01, 0x02, 0x1C, 0x01, 0x02, 0x03, 0x03,
0x05, 0x05, 0x11, 0x18, 0x01, 0x02, 0x02, 0x03, 0x01, 0x02, 0x01, 0x32, 0x04, 0x02, 0x01, 0x01,
0x01, 0x53, 0x02, 0x01, 0x02, 0x02, 0x04, 0x04, 0x01, 0x01, 0x04, 0x05, 0x05, 0x05, 0x01, 0x01,
0x06, 0x03, 0x02, 0x02, 0x04, 0x05, 0x09, 0x0B, 0x04, 0x04, 0x01, 0x8B, 0x0B, 0x06, 0x07, 0x01,
0x01, 0x01, 0x01, 0x07, 0x07, 0x09, 0x11, 0x03, 0x03, 0x01, 0x01, 0x02, 0x02, 0x01, 0x02, 0x01,
0x02, 0x02, 0x02, 0x01, 0x01, 0x03, 0x03, 0x10, 0x44, 0x04, 0x03, 0x04, 0x03, 0x04, 0x04, 0x05,
0x03, 0x04, 0x03, 0x04, 0x79, 0x07, 0x0E, 0x0E, 0x15, 0x10, 0x06, 0x06, 0x09, 0x1E, 0x14, 0x14,
0x2F, 0x19, 0x0B, 0x0C, 0x0C, 0x03, 0x02, 0x08, 0x08, 0x09, 0x13, 0x0E, 0x0F, 0x03, 0x03, 0x03,
0x08, 0x16, 0x17, 0x12, 0x09, 0x02, 0x02, 0x19, 0x12, 0x05, 0x05, 0x07, 0x07, 0x01, 0x01, 0x0C,
0x0D, 0x15, 0x10, 0x03, 0x04, 0x01, 0x02, 0x03, 0x00, 0x10, 0x00, 0x00, 0xFF, 0xC0, 0x0A, 0x32,
0x03, 0xC0, 0x01, 0x45, 0x01, 0x54, 0x01, 0x64, 0x01, 0x78, 0x01, 0x8C, 0x01, 0xA1, 0x01, 0xB0,
0x01, 0xBF, 0x01, 0xD3, 0x01, 0xE7, 0x02, 0x20, 0x02, 0x3F, 0x02, 0x4E, 0x02, 0x79, 0x02, 0x89,
0x02, 0xD2, 0x00, 0x00, 0x01, 0x31, 0x36, 0x37, 0x36, 0x33, 0x31, 0x32, 0x17, 0x16, 0x07, 0x31,
0x07, 0x37, 0x36, 0x37, 0x36, 0x33, 0x31, 0x37, 0x17, 0x16, 0x07, 0x06, 0x27, 0x31, 0x26, 0x07,
0x06, 0x15, 0x31, 0x14, 0x07, 0x06, 0x27, 0x31, 0x26, 0x27, 0x26, 0x27, 0x31, 0x26, 0x23, 0x22,
0x07, 0x31, 0x06, 0x17, 0x16, 0x33, 0x31, 0x32, 0x17, 0x16, 0x17, 0x31, 0x16, 0x15, 0x06, 0x07,
0x31, 0x07, 0x23, 0x22, 0x27, 0x26, 0x35, 0x31, 0x34, 0x27, 0x26, 0x21, 0x31, 0x21, 0x15, 0x14,
0x07, 0x06, 0x23, 0x31, 0x23, 0x27, 0x26, 0x27, 0x26, 0x35, 0x31, 0x34, 0x27, 0x26, 0x27, 0x31,
0x26, 0x27, 0x26, 0x27, 0x31, 0x27, 0x15, 0x14, 0x07, 0x06, 0x07, 0x31, 0x06, 0x07, 0x06, 0x07,
0x31, 0x06, 0x07, 0x06, 0x27, 0x31, 0x26, 0x37, 0x36, 0x37, 0x31, 0x36, 0x35, 0x34, 0x27, 0x31,
0x26, 0x07, 0x06, 0x07, 0x31, 0x06, 0x07, 0x06, 0x07, 0x31, 0x06, 0x27, 0x26, 0x27, 0x31, 0x26,
0x27, 0x26, 0x07, 0x31, 0x06, 0x07, 0x06, 0x07, 0x31, 0x06, 0x07, 0x06, 0x17, 0x31, 0x16, 0x07,
0x06, 0x07, 0x31, 0x06, 0x27, 0x26, 0x27, 0x31, 0x26, 0x27, 0x26, 0x27, 0x31, 0x26, 0x37, 0x36,
0x37, 0x31, 0x36, 0x37, 0x36, 0x27, 0x31, 0x26, 0x27, 0x26, 0x27, 0x31, 0x27, 0x23, 0x22, 0x07,
0x06, 0x07, 0x31, 0x06, 0x07, 0x06, 0x27, 0x31, 0x26, 0x07, 0x31, 0x06, 0x07, 0x06, 0x07, 0x31,
0x06, 0x07, 0x31, 0x06, 0x07, 0x06, 0x07, 0x31, 0x07, 0x37, 0x36, 0x35, 0x34, 0x27, 0x31, 0x27,
0x05, 0x04, 0x37, 0x36, 0x37, 0x31, 0x36, 0x33, 0x16, 0x17, 0x31, 0x16, 0x17, 0x16, 0x37, 0x31,
0x36, 0x37, 0x36, 0x33, 0x31, 0x32, 0x37, 0x36, 0x35, 0x31, 0x34, 0x37, 0x36, 0x37, 0x31, 0x36,
0x37, 0x36, 0x27, 0x31, 0x26, 0x35, 0x26, 0x37, 0x31, 0x36, 0x37, 0x36, 0x17, 0x31, 0x16, 0x37,
0x36, 0x37, 0x31, 0x37, 0x21, 0x27, 0x26, 0x27, 0x26, 0x23, 0x31, 0x22, 0x27, 0x26, 0x27, 0x31,
0x34, 0x37, 0x36, 0x33, 0x31, 0x32, 0x17, 0x16, 0x15, 0x31, 0x14, 0x17, 0x16, 0x37, 0x31, 0x36,
0x33, 0x16, 0x17, 0x31, 0x16, 0x33, 0x36, 0x37, 0x31, 0x36, 0x33, 0x32, 0x17, 0x31, 0x16, 0x17,
0x16, 0x17, 0x31, 0x15, 0x25, 0x37, 0x36, 0x37, 0x36, 0x37, 0x05, 0x31, 0x16, 0x33, 0x32, 0x37,
0x31, 0x36, 0x23, 0x26, 0x23, 0x31, 0x22, 0x23, 0x06, 0x17, 0x31, 0x32, 0x33, 0x32, 0x33, 0x31,
0x36, 0x27, 0x26, 0x23, 0x31, 0x22, 0x07, 0x06, 0x17, 0x05, 0x31, 0x14, 0x17, 0x16, 0x33, 0x31,
0x32, 0x37, 0x36, 0x35, 0x31, 0x34, 0x27, 0x26, 0x23, 0x31, 0x22, 0x07, 0x06, 0x17, 0x31, 0x14,
0x17, 0x16, 0x33, 0x31, 0x32, 0x37, 0x36, 0x27, 0x31, 0x26, 0x27, 0x26, 0x23, 0x31, 0x30, 0x07,
0x06, 0x05, 0x31, 0x06, 0x17, 0x16, 0x37, 0x31, 0x36, 0x37, 0x36, 0x35, 0x31, 0x34, 0x27, 0x26,
0x27, 0x31, 0x22, 0x07, 0x06, 0x07, 0x17, 0x31, 0x06, 0x17, 0x16, 0x37, 0x31, 0x36, 0x27, 0x26,
0x23, 0x31, 0x22, 0x07, 0x06, 0x17, 0x31, 0x06, 0x17, 0x16, 0x37, 0x31, 0x36, 0x37, 0x36, 0x27,
0x31, 0x26, 0x23, 0x06, 0x05, 0x31, 0x06, 0x17, 0x16, 0x33, 0x31, 0x32, 0x37, 0x36, 0x27, 0x31,
0x26, 0x27, 0x26, 0x23, 0x31, 0x22, 0x07, 0x06, 0x05, 0x31, 0x14, 0x17, 0x16, 0x33, 0x31, 0x32,
0x37, 0x36, 0x35, 0x31, 0x34, 0x27, 0x26, 0x23, 0x31, 0x22, 0x07, 0x06, 0x05, 0x31, 0x07, 0x17,
0x16, 0x17, 0x16, 0x07, 0x31, 0x06, 0x07, 0x06, 0x39, 0x01, 0x32, 0x37, 0x31, 0x36, 0x37, 0x36,
0x37, 0x31, 0x36, 0x37, 0x31, 0x36, 0x37, 0x36, 0x27, 0x31, 0x26, 0x07, 0x06, 0x07, 0x31, 0x06,
0x23, 0x26, 0x27, 0x31, 0x26, 0x37, 0x36, 0x37, 0x31, 0x37, 0x07, 0x06, 0x23, 0x31, 0x22, 0x23,
0x06, 0x23, 0x31, 0x22, 0x07, 0x05, 0x31, 0x06, 0x07, 0x06, 0x17, 0x31, 0x16, 0x33, 0x36, 0x37,
0x31, 0x36, 0x37, 0x36, 0x35, 0x31, 0x34, 0x37, 0x36, 0x37, 0x31, 0x36, 0x27, 0x26, 0x23, 0x31,
0x22, 0x07, 0x06, 0x07, 0x25, 0x31, 0x14, 0x17, 0x16, 0x33, 0x31, 0x16, 0x37, 0x36, 0x27, 0x31,
0x26, 0x23, 0x06, 0x07, 0x31, 0x14, 0x07, 0x31, 0x06, 0x07, 0x06, 0x07, 0x31, 0x22, 0x07, 0x31,
0x22, 0x07, 0x06, 0x17, 0x31, 0x16, 0x17, 0x31, 0x16, 0x17, 0x16, 0x33, 0x31, 0x32, 0x37, 0x31,
0x36, 0x37, 0x36, 0x37, 0x31, 0x36, 0x27, 0x26, 0x23, 0x31, 0x22, 0x07, 0x06, 0x15, 0x05, 0x31,
0x06, 0x15, 0x06, 0x15, 0x31, 0x14, 0x37, 0x36, 0x37, 0x31, 0x36, 0x27, 0x26, 0x07, 0x07, 0x31,
0x06, 0x07, 0x06, 0x23, 0x31, 0x22, 0x07, 0x06, 0x17, 0x31, 0x16, 0x17, 0x16, 0x17, 0x31, 0x16,
0x17, 0x16, 0x27, 0x31, 0x26, 0x27, 0x26, 0x27, 0x31, 0x26, 0x27, 0x26, 0x23, 0x31, 0x22, 0x27,
0x26, 0x27, 0x31, 0x26, 0x15, 0x06, 0x15, 0x31, 0x06, 0x07, 0x06, 0x23, 0x31, 0x22, 0x15, 0x14,
0x17, 0x31, 0x16, 0x17, 0x16, 0x37, 0x31, 0x36, 0x37, 0x36, 0x37, 0x31, 0x36, 0x37, 0x36, 0x37,
0x31, 0x37, 0x23, 0x22, 0x07, 0x06, 0x07, 0x09, 0x76, 0x05, 0x05, 0x06, 0x06, 0x12, 0x03, 0x04,
0x03, 0x03, 0x19, 0x09, 0x15, 0x16, 0x14, 0x30, 0x02, 0x01, 0x08, 0x09, 0x30, 0x3B, 0x0C, 0x0C,
0x03, 0x03, 0x0D, 0x08, 0x07, 0x07, 0x02, 0x03, 0x0B, 0x0C, 0x07, 0x08, 0x01, 0x02, 0x0C, 0x08,
0x03, 0x04, 0x02, 0x04, 0x01, 0x05, 0x07, 0x2D, 0x20, 0x07, 0x07, 0x2E, 0x2F, 0xFE, 0xF3, 0xFE,
0x96, 0x03, 0x03, 0x0A, 0x0F, 0x03, 0x01, 0x01, 0x01, 0x02, 0x02, 0x09, 0x05, 0x08, 0x08, 0x07,
0x0F, 0x02, 0x02, 0x04, 0x03, 0x05, 0x05, 0x04, 0x07, 0x04, 0x05, 0x02, 0x01, 0x01, 0x02, 0x03,
0x05, 0x06, 0x0A, 0x09, 0x0A, 0x03, 0x03, 0x0F, 0x10, 0x36, 0x37, 0x14, 0x15, 0x09, 0x07, 0x0F,
0x0F, 0x07, 0x02, 0x0C, 0x0D, 0x0F, 0x19, 0x05, 0x05, 0x04, 0x05, 0x06, 0x07, 0x17, 0x11, 0x0B,
0x0C, 0x1D, 0x1D, 0x08, 0x08, 0x01, 0x02, 0x08, 0x09, 0x15, 0x1B, 0x05, 0x06, 0x05, 0x02, 0x03,
0x03, 0x01, 0x04, 0x1C, 0x0C, 0x11, 0x11, 0x0D, 0x0C, 0x09, 0x0A, 0x01, 0x01, 0x42, 0x43, 0x65,
0x65, 0x78, 0x77, 0x69, 0x0A, 0x10, 0x10, 0x0E, 0x20, 0x01, 0x02, 0x02, 0x04, 0x01, 0x62, 0x01,
0x08, 0x2D, 0x2E, 0x05, 0x07, 0x0D, 0x0D, 0x07, 0x05, 0x02, 0x03, 0x07, 0x04, 0x0C, 0x0C, 0x0E,
0x16, 0x05, 0x05, 0x03, 0x04, 0x05, 0x08, 0x01, 0x02, 0x04, 0x04, 0x01, 0x04, 0x05, 0x04, 0x04,
0x0C, 0x08, 0x05, 0x05, 0x0D, 0x12, 0x02, 0x94, 0x01, 0x01, 0x02, 0x03, 0x02, 0x04, 0x02, 0x02,
0x01, 0x01, 0x01, 0x02, 0x02, 0x01, 0x02, 0x01, 0x02, 0x03, 0x03, 0x0F, 0x10, 0x13, 0x1E, 0x0C,
0x0D, 0x12, 0x12, 0x06, 0x07, 0x0B, 0x0A, 0x02, 0x02, 0x01, 0x01, 0xF1, 0x03, 0x01, 0x03, 0x04,
0x04, 0xFD, 0x62, 0x02, 0x03, 0x03, 0x01, 0x01, 0x02, 0x02, 0x03, 0x04, 0x01, 0x01, 0x25, 0x04,
0x04, 0x05, 0x03, 0x04, 0x02, 0x03, 0x07, 0x06, 0x02, 0x03, 0x03, 0x02, 0x72, 0x01, 0x02, 0x02,
0x02, 0x01, 0x02, 0x01, 0x02, 0x02, 0x02, 0x01, 0x02, 0x17, 0x01, 0x02, 0x02, 0x02, 0x01, 0x01,
0x02, 0x01, 0x01, 0x02, 0x01, 0x01, 0x01, 0xFE, 0x71, 0x04, 0x08, 0x08, 0x13, 0x10, 0x04, 0x05,
0x04, 0x05, 0x12, 0x0F, 0x06, 0x06, 0x02, 0x81, 0x04, 0x08, 0x08, 0x11, 0x1E, 0x02, 0x02, 0x1E,
0x0C, 0x06, 0x06, 0x7A, 0x06, 0x09, 0x0A, 0x12, 0x11, 0x06, 0x06, 0x06, 0x05, 0x16, 0x16, 0xFA,
0x65, 0x04, 0x02, 0x02, 0x09, 0x0A, 0x01, 0x02, 0x04, 0x02, 0x02, 0x03, 0x02, 0x01, 0x03, 0x03,
0x06, 0x7F, 0x08, 0x08, 0x0C, 0x0B, 0x08, 0x08, 0x08, 0x08, 0x0B, 0x0C, 0x08, 0x08, 0xF7, 0x34,
0x5B, 0x02, 0x04, 0x01, 0x01, 0x03, 0x02, 0x01, 0x01, 0x01, 0x1B, 0x1B, 0x2E, 0x2F, 0x3F, 0x3E,
0x47, 0xEB, 0x35, 0x35, 0x03, 0x04, 0x0B, 0x0B, 0x18, 0x0A, 0x04, 0x04, 0x06, 0x0A, 0x01, 0x02,
0x0E, 0x11, 0xE2, 0x2E, 0x30, 0x31, 0x2B, 0x2B, 0x22, 0x22, 0x13, 0x02, 0x16, 0x08, 0x04, 0x04,
0x02, 0x02, 0x07, 0x08, 0x17, 0x0C, 0x03, 0x03, 0x01, 0x01, 0x02, 0x08, 0x04, 0x04, 0x0D, 0x0C,
0x05, 0x06, 0x0C, 0x06, 0xB6, 0x07, 0x08, 0x0B, 0x12, 0x06, 0x07, 0x05, 0x03, 0x18, 0x19, 0xDD,
0x2E, 0x2F, 0x4B, 0x4C, 0x62, 0x61, 0x66, 0x31, 0x1A, 0x1A, 0x05, 0x03, 0x65, 0x66, 0x7A, 0x7B,
0x68, 0x67, 0x07, 0x06, 0x03, 0x04, 0x01, 0x02, 0x03, 0x03, 0x10, 0x09, 0x06, 0x07, 0xFD, 0x0A,
0x02, 0x01, 0x05, 0x05, 0x01, 0x01, 0x02, 0x02, 0x05, 0xE3, 0x01, 0x03, 0x04, 0x04, 0x08, 0x03,
0x03, 0x05, 0x03, 0x04, 0x05, 0x09, 0x0E, 0x01, 0x01, 0x0C, 0x0F, 0x0C, 0x0D, 0x06, 0x06, 0x03,
0x03, 0x09, 0x05, 0x04, 0x05, 0x01, 0x01, 0x01, 0x01, 0x01, 0x02, 0x01, 0x05, 0x05, 0x08, 0x12,
0x13, 0x38, 0x1C, 0x16, 0x16, 0x03, 0x08, 0x02, 0x02, 0x02, 0x01, 0x34, 0x16, 0x0F, 0x10, 0x01,
0x02, 0xC9, 0x06, 0x03, 0x03, 0x0D, 0x0E, 0x3F, 0x4C, 0x03, 0x01, 0x01, 0x01, 0x01, 0x21, 0x20,
0x05, 0x05, 0x04, 0x05, 0x01, 0x01, 0x09, 0x06, 0x01, 0x01, 0x02, 0x01, 0x03, 0x03, 0x03, 0x06,
0x07, 0x09, 0x05, 0x06, 0x02, 0x03, 0x08, 0x12, 0x44, 0x44, 0x0E, 0x12, 0x01, 0x02, 0x07, 0x06,
0x01, 0x02, 0x0C, 0x07, 0x02, 0x02, 0x1C, 0x0C, 0x0E, 0x0F, 0x0A, 0x0F, 0x04, 0x04, 0x02, 0x01,
0x02, 0x02, 0x01, 0x04, 0x15, 0x0A, 0x08, 0x08, 0x05, 0x04, 0x08, 0x09, 0x09, 0x11, 0x06, 0x07,
0x03, 0x01, 0x06, 0x06, 0x07, 0x0D, 0x03, 0x04, 0x04, 0x07, 0x01, 0x01, 0x08, 0x0B, 0x03, 0x04,
0x03, 0x03, 0x04, 0x04, 0x0E, 0x09, 0x02, 0x02, 0x08, 0x03, 0x22, 0x22, 0x2D, 0x49, 0x14, 0x15,
0x0A, 0x11, 0x06, 0x07, 0x03, 0x02, 0x02, 0x03, 0x0C, 0x0B, 0x05, 0x06, 0x09, 0x07, 0x20, 0x21,
0x44, 0x55, 0x16, 0x17, 0x06, 0x04, 0x09, 0x0A, 0x09, 0x16, 0x02, 0x02, 0x03, 0x02, 0x01, 0x01,
0x01, 0x01, 0x11, 0x11, 0x1B, 0x1B, 0x21, 0x21, 0x1D, 0x03, 0x02, 0x02, 0x01, 0x01, 0x1E, 0x6C,
0x42, 0x42, 0x1C, 0x2C, 0x02, 0x01, 0x01, 0x01, 0x07, 0x0A, 0x01, 0x0A, 0x06, 0x01, 0x01, 0x04,
0x02, 0x02, 0x02, 0x01, 0x02, 0x07, 0x04, 0x06, 0x07, 0x06, 0x08, 0x03, 0x04, 0x02, 0x03, 0x03,
0x03, 0x09, 0x0C, 0x01, 0x02, 0x06, 0x03, 0x01, 0x02, 0x0C, 0x11, 0x0A, 0x04, 0x03, 0x03, 0x03,
0x04, 0x06, 0x05, 0x04, 0x04, 0x02, 0x03, 0x03, 0x03, 0x01, 0x02, 0x01, 0x01, 0x01, 0x02, 0x03,
0x01, 0x06, 0x06, 0x05, 0x04, 0x04, 0x05, 0x0D, 0x14, 0x01, 0x12, 0x07, 0x08, 0x09, 0x05, 0x12,
0x01, 0x01, 0x01, 0x01, 0x01, 0x02, 0x01, 0x01, 0x01, 0x01, 0x01, 0x01, 0x54, 0x02, 0x01, 0x02,
0x01, 0x02, 0x02, 0x02, 0x01, 0x02, 0x01, 0x02, 0x02, 0x02, 0x01, 0x02, 0x01, 0x02, 0x02, 0x02,
0x01, 0x02, 0x01, 0x02, 0x1B, 0x0A, 0x04, 0x05, 0x02, 0x02, 0x02, 0x02, 0x06, 0x06, 0x02, 0x02,
0x01, 0x01, 0x01, 0x04, 0x01, 0x09, 0x04, 0x04, 0x01, 0x02, 0x0B, 0x0B, 0x02, 0x02, 0x03, 0x08,
0x05, 0x05, 0x01, 0x01, 0x04, 0x05, 0x08, 0x06, 0x01, 0x19, 0x04, 0x01, 0x02, 0x01, 0x02, 0x04,
0x03, 0x02, 0x02, 0x02, 0x02, 0x13, 0x02, 0x01, 0x02, 0x01, 0x02, 0x02, 0x02, 0x01, 0x02, 0x01,
0x02, 0x26, 0x01, 0x11, 0x21, 0x31, 0x31, 0x24, 0x16, 0x10, 0x10, 0x06, 0x07, 0x0B, 0x0C, 0x0F,
0x10, 0x11, 0x3B, 0x0F, 0x0F, 0x05, 0x07, 0x01, 0x01, 0x0A, 0x04, 0x01, 0x06, 0x09, 0x08, 0x08,
0x13, 0x17, 0x01, 0x01, 0x01, 0x01, 0x15, 0x0C, 0x09, 0x09, 0x03, 0x06, 0x01, 0x08, 0x04, 0x04,
0x04, 0x0B, 0x07, 0x06, 0x06, 0x01, 0x05, 0x03, 0x04, 0x04, 0x04, 0x11, 0x15, 0x02, 0x02, 0x02,
0x01, 0x01, 0x02, 0x05, 0x03, 0x01, 0x16, 0x01, 0x02, 0x01, 0x01, 0x02, 0x01, 0x01, 0x03, 0x03,
0x05, 0x03, 0x02, 0x03, 0x01, 0x01, 0x03, 0x02, 0x04, 0x05, 0x07, 0x0A, 0x01, 0x02, 0x01, 0x01,
0x02, 0x11, 0x01, 0x04, 0x05, 0x04, 0x0C, 0x02, 0x03, 0x0B, 0x09, 0x03, 0x03, 0x05, 0x34, 0x02,
0x01, 0x02, 0x0F, 0x10, 0x13, 0x0B, 0x06, 0x07, 0x05, 0x09, 0x01, 0x02, 0x02, 0x03, 0x0F, 0x0F,
0x17, 0x13, 0x04, 0x05, 0x02, 0x02, 0x02, 0x02, 0x04, 0x05, 0x09, 0x09, 0x06, 0x07, 0x19, 0x1A,
0x0B, 0x10, 0x04, 0x04, 0x03, 0x01, 0x02, 0x02, 0x02, 0x03, 0x0C, 0x0C, 0x2E, 0x31, 0x01, 0x02,
0x01, 0x00, 0x00, 0x00, 0x00, 0x10, 0x00, 0x00, 0xFF, 0xC0, 0x03, 0x74, 0x03, 0xC0, 0x00, 0x58,
0x00, 0x81, 0x00, 0x90, 0x00, 0x94, 0x00, 0xA2, 0x00, 0xB9, 0x00, 0xCF, 0x00, 0xD5, 0x00, 0xF1,
0x01, 0x08, 0x01, 0x17, 0x01, 0x1D, 0x01, 0x30, 0x01, 0x42, 0x01, 0x55, 0x01, 0x6C, 0x00, 0x00,
0x01, 0x31, 0x36, 0x17, 0x16, 0x17, 0x31, 0x16, 0x17, 0x16, 0x17, 0x31, 0x16, 0x17, 0x16, 0x17,
0x31, 0x16, 0x17, 0x16, 0x15, 0x31, 0x15, 0x21, 0x17, 0x16, 0x17, 0x16, 0x15, 0x31, 0x15, 0x33,
0x32, 0x17, 0x16, 0x15, 0x31, 0x14, 0x07, 0x06, 0x07, 0x31, 0x06, 0x07, 0x06, 0x23, 0x31, 0x23,
0x11, 0x07, 0x21, 0x27, 0x35, 0x27, 0x26, 0x27, 0x26, 0x23, 0x31, 0x22, 0x27, 0x26, 0x27, 0x31,
0x26, 0x27, 0x26, 0x27, 0x31, 0x26, 0x27, 0x31, 0x26, 0x35, 0x34, 0x37, 0x31, 0x36, 0x37, 0x31,
0x36, 0x37, 0x36, 0x37, 0x31, 0x36, 0x37, 0x36, 0x37, 0x17, 0x31, 0x06, 0x07, 0x06, 0x07, 0x31,
0x06, 0x07, 0x06, 0x07, 0x31, 0x06, 0x17, 0x16, 0x33, 0x31, 0x33, 0x11, 0x37, 0x36, 0x37, 0x36,
0x33, 0x31, 0x33, 0x35, 0x34, 0x37, 0x36, 0x37, 0x31, 0x36, 0x27, 0x26, 0x27, 0x31, 0x26, 0x27,
0x26, 0x07, 0x17, 0x31, 0x06, 0x15, 0x06, 0x17, 0x31, 0x17, 0x21, 0x35, 0x27, 0x26, 0x07, 0x06,
0x07, 0x17, 0x11, 0x21, 0x11, 0x07, 0x31, 0x14, 0x17, 0x16, 0x33, 0x31, 0x32, 0x37, 0x36, 0x27,
0x31, 0x2F, 0x01, 0x17, 0x31, 0x06, 0x15, 0x06, 0x17, 0x31, 0x16, 0x17, 0x16, 0x17, 0x31, 0x16,
0x37, 0x36, 0x27, 0x31, 0x2F, 0x01, 0x26, 0x07, 0x06, 0x07, 0x17, 0x31, 0x06, 0x15, 0x06, 0x17,
0x31, 0x16, 0x17, 0x16, 0x17, 0x31, 0x16, 0x37, 0x36, 0x27, 0x31, 0x2F, 0x01, 0x26, 0x07, 0x06,
0x07, 0x31, 0x17, 0x33, 0x35, 0x27, 0x17, 0x31, 0x06, 0x15, 0x06, 0x17, 0x31, 0x16, 0x17, 0x16,
0x17, 0x31, 0x16, 0x33, 0x36, 0x37, 0x31, 0x36, 0x37, 0x36, 0x27, 0x31, 0x2F, 0x01, 0x26, 0x07,
0x06, 0x07, 0x33, 0x31, 0x06, 0x15, 0x06, 0x17, 0x31, 0x16, 0x17, 0x16, 0x33, 0x31, 0x32, 0x37,
0x36, 0x27, 0x31, 0x2F, 0x01, 0x26, 0x07, 0x06, 0x07, 0x07, 0x31, 0x06, 0x07, 0x06, 0x15, 0x31,
0x15, 0x37, 0x35, 0x27, 0x26, 0x23, 0x06, 0x07, 0x17, 0x31, 0x17, 0x33, 0x35, 0x27, 0x17, 0x31,
0x06, 0x17, 0x16, 0x17, 0x31, 0x16, 0x17, 0x16, 0x37, 0x31, 0x37, 0x35, 0x27, 0x26, 0x23, 0x06,
0x15, 0x07, 0x31, 0x06, 0x07, 0x06, 0x15, 0x31, 0x15, 0x3F, 0x01, 0x36, 0x27, 0x26, 0x27, 0x31,
0x26, 0x23, 0x26, 0x17, 0x31, 0x06, 0x07, 0x06, 0x17, 0x31, 0x17, 0x33, 0x37, 0x36, 0x27, 0x26,
0x27, 0x31, 0x26, 0x27, 0x26, 0x07, 0x17, 0x31, 0x06, 0x07, 0x06, 0x17, 0x31, 0x14, 0x17, 0x16,
0x37, 0x31, 0x3F, 0x01, 0x36, 0x27, 0x26, 0x27, 0x31, 0x26, 0x27, 0x26, 0x07, 0x01, 0x10, 0x22,
0x46, 0x47, 0x23, 0x0C, 0x03, 0x04, 0x02, 0x01, 0x01, 0x02, 0x02, 0x01, 0x01, 0x01, 0x01, 0x3C,
0x0A, 0x07, 0x01, 0x02, 0x0C, 0x13, 0x02, 0x03, 0x01, 0x01, 0x06, 0x03, 0x05, 0x06, 0x04, 0x0A,
0x15, 0xFD, 0xEE, 0x15, 0x0A, 0x04, 0x08, 0x09, 0x07, 0x12, 0x0C, 0x0C, 0x0F, 0x0E, 0x09, 0x0A,
0x04, 0x02, 0x01, 0x01, 0x01, 0x01, 0x02, 0x06, 0x11, 0x11, 0x1D, 0x0F, 0x0B, 0x0B, 0x16, 0x0F,
0x1F, 0x1D, 0x1D, 0x0F, 0x12, 0x05, 0x05, 0x02, 0x03, 0x14, 0x15, 0x3E, 0x17, 0x09, 0x07, 0x0E,
0x0E, 0x45, 0x5F, 0x01, 0x01, 0x02, 0x06, 0x04, 0x05, 0x0B, 0x1A, 0x3C, 0x3D, 0x28, 0x53, 0x01,
0x01, 0x01, 0x01, 0x01, 0x78, 0xBB, 0x72, 0x25, 0x25, 0x01, 0x4E, 0x01, 0x2C, 0xF8, 0x04, 0x05,
0x11, 0x0D, 0x04, 0x05, 0x01, 0x01, 0x2E, 0x52, 0x01, 0x01, 0x01, 0x01, 0x02, 0x03, 0x0C, 0x11,
0x06, 0x06, 0x01, 0x01, 0x15, 0x0C, 0x05, 0x05, 0x01, 0x4F, 0x01, 0x01, 0x01, 0x01, 0x03, 0x03,
0x0C, 0x11, 0x06, 0x06, 0x01, 0x01, 0x15, 0x0C, 0x05, 0x05, 0xA2, 0x01, 0x2C, 0x2E, 0x52, 0x01,
0x01, 0x01, 0x01, 0x02, 0x02, 0x0A, 0x05, 0x07, 0x07, 0x04, 0x06, 0x01, 0x02, 0x01, 0x01, 0x15,
0x0C, 0x05, 0x05, 0x01, 0x50, 0x03, 0x01, 0x03, 0x02, 0x04, 0x05, 0x09, 0x12, 0x04, 0x05, 0x01,
0x01, 0x15, 0x0A, 0x06, 0x06, 0x01, 0x9F, 0x01, 0x01, 0x01, 0x2E, 0x14, 0x08, 0x07, 0x07, 0x01,
0x4E, 0x01, 0x2C, 0x2E, 0x50, 0x02, 0x01, 0x01, 0x03, 0x02, 0x07, 0x07, 0x08, 0x13, 0x17, 0x09,
0x07, 0x07, 0x9B, 0x02, 0x01, 0x02, 0x2E, 0x01, 0x01, 0x01, 0x01, 0x03, 0x04, 0x0E, 0x0E, 0x4A,
0x03, 0x01, 0x01, 0x01, 0x01, 0x2C, 0x01, 0x01, 0x01, 0x01, 0x02, 0x04, 0x0E, 0x0F, 0x06, 0x4F,
0x03, 0x01, 0x02, 0x02, 0x05, 0x05, 0x0D, 0x17, 0x01, 0x01, 0x01, 0x01, 0x02, 0x04, 0x0E, 0x0F,
0x07, 0x03, 0x2E, 0x0A, 0x07, 0x08, 0x11, 0x06, 0x04, 0x04, 0x0A, 0x07, 0x05, 0x05, 0x01, 0x01,
0x05, 0x05, 0x05, 0x0E, 0x0A, 0x07, 0x0B, 0x0B, 0x37, 0x4A, 0x0B, 0x0C, 0x53, 0x48, 0x0F, 0x10,
0x03, 0x02, 0x01, 0x01, 0xFE, 0x91, 0x19, 0x14, 0xF0, 0x04, 0x02, 0x01, 0x01, 0x06, 0x07, 0x10,
0x10, 0x1B, 0x1C, 0x26, 0x12, 0x2B, 0x2B, 0x30, 0x30, 0x2B, 0x2A, 0x10, 0x2E, 0x21, 0x22, 0x16,
0x0B, 0x05, 0x06, 0x06, 0x0B, 0x04, 0x13, 0x14, 0x1B, 0x21, 0x24, 0x24, 0x66, 0xB3, 0x3D, 0x3E,
0x01, 0xDF, 0x08, 0x07, 0x01, 0x01, 0x0D, 0x06, 0x05, 0x05, 0x02, 0x05, 0x0A, 0x0B, 0x05, 0x0C,
0x07, 0x07, 0x05, 0xA4, 0x02, 0x10, 0x11, 0x14, 0x32, 0x6C, 0x01, 0x01, 0x01, 0x01, 0x03, 0xDB,
0xFE, 0xA0, 0x01, 0x60, 0x37, 0x11, 0x04, 0x04, 0x06, 0x06, 0x0F, 0x0F, 0x02, 0x05, 0x03, 0x06,
0x06, 0x07, 0x0B, 0x02, 0x02, 0x01, 0x01, 0x05, 0x05, 0x10, 0x10, 0x01, 0x01, 0x01, 0x01, 0x03,
0x02, 0x03, 0x06, 0x06, 0x06, 0x0A, 0x02, 0x02, 0x01, 0x01, 0x05, 0x05, 0x10, 0x10, 0x01, 0x01,
0x01, 0x01, 0x5F, 0x15, 0x28, 0x02, 0x05, 0x03, 0x06, 0x06, 0x07, 0x0A, 0x02, 0x03, 0x01, 0x01,
0x01, 0x01, 0x01, 0x03, 0x04, 0x0D, 0x13, 0x01, 0x01, 0x01, 0x01, 0x03, 0x04, 0x0A, 0x0B, 0x07,
0x04, 0x01, 0x02, 0x04, 0x05, 0x0F, 0x12, 0x01, 0x01, 0x01, 0x01, 0x03, 0x49, 0x02, 0x06, 0x07,
0x08, 0x13, 0x02, 0x28, 0x01, 0x01, 0x01, 0x01, 0x13, 0x15, 0x28, 0x02, 0x03, 0x10, 0x09, 0x0A,
0x03, 0x01, 0x01, 0x01, 0x01, 0x01, 0x28, 0x01, 0x01, 0x01, 0x02, 0x4C, 0x01, 0x05, 0x06, 0x0A,
0x13, 0x02, 0x12, 0x08, 0x05, 0x06, 0x02, 0x02, 0x01, 0x03, 0x02, 0x05, 0x06, 0x08, 0x12, 0x0F,
0x07, 0x06, 0x06, 0x02, 0x05, 0x01, 0x01, 0x04, 0x01, 0x02, 0x09, 0x09, 0x0F, 0x03, 0x01, 0x01,
0x01, 0x01, 0x0F, 0x07, 0x06, 0x06, 0x02, 0x05, 0x01, 0x01, 0x05, 0x00, 0x00, 0x03, 0x00, 0x00,
0xFF, 0xC0, 0x04, 0x4B, 0x03, 0xC0, 0x00, 0xD6, 0x00, 0xEA, 0x01, 0x18, 0x00, 0x00, 0x01, 0x31,
0x34, 0x33, 0x16, 0x17, 0x31, 0x16, 0x17, 0x16, 0x37, 0x31, 0x32, 0x17, 0x16, 0x17, 0x31, 0x16,
0x17, 0x16, 0x33, 0x31, 0x32, 0x17, 0x16, 0x15, 0x31, 0x14, 0x17, 0x16, 0x17, 0x31, 0x17, 0x15,
0x07, 0x06, 0x07, 0x06, 0x15, 0x31, 0x14, 0x07, 0x06, 0x07, 0x31, 0x22, 0x07, 0x06, 0x17, 0x31,
0x16, 0x17, 0x16, 0x15, 0x31, 0x14, 0x07, 0x06, 0x23, 0x31, 0x22, 0x07, 0x06, 0x15, 0x31, 0x14,
0x17, 0x16, 0x17, 0x31, 0x16, 0x17, 0x16, 0x07, 0x31, 0x06, 0x17, 0x16, 0x17, 0x31, 0x16, 0x17,
0x16, 0x07, 0x31, 0x06, 0x07, 0x06, 0x27, 0x31, 0x34, 0x27, 0x31, 0x26, 0x27, 0x26, 0x27, 0x31,
0x26, 0x27, 0x31, 0x26, 0x07, 0x06, 0x15, 0x31, 0x15, 0x07, 0x06, 0x07, 0x06, 0x27, 0x31, 0x26,
0x07, 0x06, 0x07, 0x31, 0x06, 0x07, 0x06, 0x15, 0x31, 0x14, 0x17, 0x16, 0x17, 0x31, 0x17, 0x07,
0x06, 0x07, 0x06, 0x07, 0x31, 0x06, 0x27, 0x26, 0x35, 0x31, 0x34, 0x27, 0x26, 0x23, 0x31, 0x22,
0x27, 0x26, 0x37, 0x31, 0x36, 0x37, 0x31, 0x36, 0x37, 0x36, 0x37, 0x31, 0x36, 0x37, 0x31, 0x36,
0x37, 0x36, 0x35, 0x31, 0x34, 0x27, 0x26, 0x27, 0x31, 0x26, 0x37, 0x36, 0x37, 0x31, 0x36, 0x37,
0x36, 0x37, 0x31, 0x36, 0x35, 0x26, 0x27, 0x31, 0x26, 0x27, 0x26, 0x23, 0x31, 0x22, 0x27, 0x26,
0x37, 0x31, 0x36, 0x17, 0x16, 0x17, 0x31, 0x16, 0x37, 0x36, 0x37, 0x31, 0x36, 0x37, 0x36, 0x37,
0x31, 0x36, 0x37, 0x36, 0x35, 0x07, 0x31, 0x16, 0x17, 0x16, 0x33, 0x31, 0x32, 0x37, 0x36, 0x35,
0x31, 0x36, 0x27, 0x26, 0x23, 0x31, 0x22, 0x07, 0x06, 0x05, 0x31, 0x06, 0x07, 0x06, 0x07, 0x31,
0x06, 0x17, 0x16, 0x17, 0x31, 0x16, 0x15, 0x16, 0x23, 0x31, 0x22, 0x27, 0x26, 0x27, 0x31, 0x26,
0x27, 0x26, 0x07, 0x31, 0x06, 0x07, 0x06, 0x17, 0x31, 0x16, 0x37, 0x36, 0x37, 0x31, 0x36, 0x27,
0x26, 0x27, 0x31, 0x26, 0x27, 0x26, 0x07, 0x01, 0x0D, 0x06, 0x06, 0x04, 0x02, 0x4B, 0x4B, 0x98,
0xCB, 0x31, 0x31, 0x01, 0x01, 0x04, 0x04, 0x05, 0x04, 0x03, 0x04, 0x19, 0x1A, 0x29, 0x5B, 0x57,
0x4C, 0x13, 0x13, 0x0A, 0x0B, 0x35, 0x1F, 0x0D, 0x0D, 0x08, 0x12, 0x0D, 0x0E, 0x09, 0x0A, 0x0E,
0x0D, 0x09, 0x0A, 0x14, 0x15, 0x2B, 0x0C, 0x08, 0x08, 0x02, 0x01, 0x01, 0x01, 0x03, 0x03, 0x01,
0x01, 0x01, 0x06, 0x3D, 0x3E, 0x04, 0x11, 0x10, 0x14, 0x15, 0x13, 0x13, 0x06, 0x07, 0x06, 0x07,
0x2A, 0x25, 0x1B, 0x1B, 0x19, 0x18, 0x0C, 0x0D, 0x10, 0x16, 0x14, 0x14, 0x03, 0x03, 0x0B, 0x10,
0x11, 0x0C, 0x13, 0x14, 0x3E, 0x45, 0x0C, 0x0D, 0x03, 0x03, 0x06, 0x0E, 0x02, 0x03, 0x09, 0x04,
0x0C, 0x0B, 0x0D, 0x0D, 0x0D, 0x0C, 0x08, 0x05, 0x04, 0x05, 0x0C, 0x0D, 0x0C, 0x0C, 0x01, 0x02,
0x10, 0x07, 0x08, 0x08, 0x04, 0x06, 0x01, 0x06, 0x04, 0x05, 0x05, 0x03, 0x0A, 0x06, 0x06, 0x04,
0x04, 0x0C, 0x0D, 0x07, 0x05, 0x02, 0x03, 0x08, 0x06, 0x07, 0x08, 0x0A, 0x08, 0x05, 0x06, 0x5E,
0x01, 0x02, 0x02, 0x03, 0x02, 0x02, 0x03, 0x01, 0x02, 0x02, 0x04, 0x04, 0x02, 0x03, 0x01, 0x63,
0x01, 0x02, 0x03, 0x02, 0x06, 0x05, 0x05, 0x0D, 0x0A, 0x01, 0x09, 0x0D, 0x0C, 0x0C, 0x03, 0x08,
0x09, 0x0A, 0x14, 0x10, 0x09, 0x0A, 0x04, 0x08, 0x42, 0x43, 0x11, 0x09, 0x02, 0x03, 0x0C, 0x0D,
0x0D, 0x0D, 0x04, 0x02, 0xB6, 0x05, 0x01, 0x06, 0x03, 0x01, 0x02, 0x01, 0x01, 0x02, 0x06, 0x04,
0x03, 0x03, 0x01, 0x02, 0x02, 0x03, 0x02, 0x02, 0x01, 0x02, 0x35, 0x02, 0x01, 0x03, 0x03, 0x0C,
0x16, 0x04, 0x04, 0x01, 0x01, 0x02, 0x02, 0x04, 0x07, 0x08, 0x05, 0x03, 0x01, 0x02, 0x01, 0x01,
0x01, 0x03, 0x48, 0x49, 0x91, 0x29, 0x1F, 0x1F, 0x02, 0x02, 0x02, 0x03, 0x01, 0x01, 0x03, 0x04,
0x04, 0x0E, 0x0A, 0x0B, 0x0D, 0x03, 0x3B, 0x3B, 0x4A, 0x4A, 0x44, 0x44, 0x16, 0x1A, 0x0A, 0x0B,
0x27, 0x2A, 0x0E, 0x0C, 0x01, 0x01, 0x09, 0x08, 0x06, 0x07, 0x1E, 0x2B, 0x38, 0x39, 0x13, 0x12,
0x04, 0x04, 0x02, 0x02, 0x0C, 0x07, 0x02, 0x03, 0x01, 0x02, 0x01, 0x02, 0x09, 0x06, 0x03, 0x03,
0x13, 0x13, 0x21, 0x11, 0x1E, 0x1E, 0x1F, 0x20, 0x1B, 0x1A, 0x0B, 0x08, 0x0A, 0x0B, 0x06, 0x0E,
0x15, 0x15, 0x06, 0x07, 0x08, 0x08, 0x07, 0x03, 0x07, 0x07, 0x07, 0x0B, 0x04, 0x05, 0x06, 0x04,
0x03, 0x03, 0x09, 0x0A, 0x0B, 0x0C, 0x01, 0x02, 0x0E, 0x0B, 0x01, 0x02, 0x11, 0x0C, 0x06, 0x07,
0x03, 0x03, 0x03, 0x03, 0x02, 0x32, 0x03, 0x01, 0x02, 0x01, 0x02, 0x03, 0x03, 0x01, 0x02, 0x01,
0x02, 0x7F, 0x04, 0x07, 0x07, 0x06, 0x0F, 0x12, 0x12, 0x0A, 0x09, 0x01, 0x02, 0x0C, 0x0C, 0x10,
0x27, 0x07, 0x08, 0x11, 0x0C, 0x12, 0x13, 0x0E, 0x20, 0x01, 0x01, 0x21, 0x11, 0x17, 0x18, 0x0C,
0x0D, 0x01, 0x01, 0x0B, 0x00, 0x02, 0x00, 0x00, 0xFF, 0xC0, 0x05, 0xAC, 0x03, 0xC0, 0x00, 0xD3,
0x01, 0x15, 0x00, 0x00, 0x01, 0x31, 0x36, 0x17, 0x16, 0x15, 0x31, 0x14, 0x17, 0x16, 0x33, 0x31,
0x32, 0x17, 0x16, 0x15, 0x31, 0x14, 0x07, 0x06, 0x07, 0x31, 0x0F, 0x01, 0x06, 0x07, 0x06, 0x23,
0x31, 0x22, 0x07, 0x06, 0x07, 0x31, 0x06, 0x07, 0x06, 0x27, 0x31, 0x22, 0x23, 0x06, 0x07, 0x31,
0x06, 0x07, 0x06, 0x07, 0x31, 0x06, 0x07, 0x06, 0x07, 0x31, 0x06, 0x17, 0x16, 0x17, 0x31, 0x16,
0x17, 0x16, 0x07, 0x31, 0x06, 0x07, 0x06, 0x23, 0x31, 0x06, 0x07, 0x06, 0x07, 0x31, 0x06, 0x07,
0x06, 0x17, 0x31, 0x16, 0x17, 0x16, 0x07, 0x31, 0x06, 0x07, 0x31, 0x06, 0x07, 0x06, 0x23, 0x31,
0x22, 0x27, 0x31, 0x26, 0x27, 0x26, 0x23, 0x31, 0x22, 0x27, 0x26, 0x35, 0x31, 0x34, 0x37, 0x36,
0x37, 0x31, 0x36, 0x37, 0x36, 0x35, 0x31, 0x34, 0x27, 0x26, 0x27, 0x31, 0x26, 0x27, 0x26, 0x07,
0x31, 0x06, 0x23, 0x26, 0x35, 0x31, 0x34, 0x37, 0x36, 0x37, 0x31, 0x36, 0x37, 0x36, 0x27, 0x31,
0x26, 0x27, 0x26, 0x23, 0x31, 0x22, 0x27, 0x26, 0x37, 0x31, 0x37, 0x17, 0x16, 0x17, 0x16, 0x35,
0x31, 0x34, 0x37, 0x36, 0x33, 0x31, 0x32, 0x37, 0x36, 0x35, 0x31, 0x34, 0x33, 0x36, 0x17, 0x31,
0x16, 0x17, 0x16, 0x37, 0x31, 0x36, 0x37, 0x36, 0x33, 0x31, 0x32, 0x33, 0x16, 0x17, 0x31, 0x16,
0x17, 0x31, 0x16, 0x17, 0x16, 0x17, 0x31, 0x16, 0x33, 0x31, 0x32, 0x37, 0x36, 0x37, 0x31, 0x36,
0x37, 0x36, 0x37, 0x31, 0x36, 0x37, 0x36, 0x37, 0x05, 0x31, 0x06, 0x07, 0x06, 0x07, 0x31, 0x06,
0x17, 0x16, 0x17, 0x31, 0x16, 0x15, 0x14, 0x23, 0x31, 0x22, 0x27, 0x26, 0x37, 0x31, 0x36, 0x35,
0x26, 0x23, 0x31, 0x22, 0x07, 0x06, 0x15, 0x31, 0x14, 0x17, 0x16, 0x17, 0x31, 0x16, 0x17, 0x16,
0x37, 0x31, 0x36, 0x37, 0x36, 0x37, 0x31, 0x36, 0x37, 0x36, 0x35, 0x31, 0x34, 0x27, 0x26, 0x27,
0x31, 0x26, 0x27, 0x26, 0x35, 0x31, 0x34, 0x23, 0x26, 0x07, 0x05, 0x6D, 0x0D, 0x09, 0x0A, 0x03,
0x04, 0x09, 0x0B, 0x02, 0x02, 0x04, 0x04, 0x0B, 0x13, 0x1C, 0x0C, 0x0F, 0x0F, 0x0A, 0x0D, 0x05,
0x06, 0x02, 0x02, 0x0F, 0x10, 0x44, 0x28, 0x1D, 0x1E, 0x01, 0x01, 0x1D, 0x1E, 0x28, 0x68, 0x16,
0x17, 0x04, 0x05, 0x01, 0x02, 0x07, 0x04, 0x01, 0x01, 0x02, 0x02, 0x1E, 0x1E, 0x29, 0x61, 0x0F,
0x0F, 0x0D, 0x09, 0x01, 0x01, 0x05, 0x04, 0x01, 0x01, 0x01, 0x03, 0x24, 0x25, 0x2A, 0x2B, 0x24,
0x23, 0x01, 0x01, 0x05, 0x05, 0x06, 0x0B, 0x02, 0x02, 0x03, 0x03, 0x03, 0x09, 0x0F, 0x10, 0x0F,
0x10, 0x14, 0x10, 0x0E, 0x0F, 0x23, 0x17, 0x10, 0x10, 0x0D, 0x0D, 0x12, 0x1E, 0x0E, 0x0F, 0x08,
0x01, 0x09, 0x09, 0x0A, 0x20, 0x01, 0x02, 0x1B, 0x1F, 0x0E, 0x0B, 0x05, 0x05, 0x1A, 0x1B, 0x07,
0x04, 0x02, 0x03, 0x09, 0x09, 0x16, 0x0E, 0x08, 0x08, 0x0F, 0x3E, 0x21, 0x21, 0x23, 0x16, 0x10,
0x11, 0x01, 0x01, 0x27, 0x26, 0x30, 0x30, 0x2B, 0x2B, 0x0A, 0x02, 0x2D, 0x2E, 0x3E, 0x6B, 0x3C,
0x3C, 0x05, 0x02, 0x05, 0x05, 0x06, 0xFD, 0x80, 0x12, 0x07, 0x07, 0x03, 0x05, 0x04, 0x05, 0x0B,
0x06, 0x05, 0x12, 0x14, 0x15, 0x09, 0x01, 0x01, 0x02, 0x06, 0x07, 0x07, 0x04, 0x04, 0x06, 0x0B,
0x0B, 0x0B, 0x31, 0x1C, 0x16, 0x17, 0x03, 0x03, 0x02, 0x03, 0x03, 0x03, 0x07, 0x05, 0x03, 0x04,
0x07, 0x08, 0x31, 0x02, 0xD4, 0x09, 0x02, 0x03, 0x0D, 0x06, 0x02, 0x03, 0x06, 0x06, 0x1F, 0x1A,
0x13, 0x13, 0x1D, 0x31, 0x04, 0x02, 0x01, 0x01, 0x02, 0x03, 0x06, 0x08, 0x02, 0x02, 0x01, 0x01,
0x01, 0x01, 0x01, 0x02, 0x01, 0x02, 0x04, 0x04, 0x12, 0x18, 0x19, 0x19, 0x0D, 0x07, 0x06, 0x06,
0x01, 0x01, 0x01, 0x02, 0x02, 0x0C, 0x0D, 0x5C, 0x3D, 0x15, 0x15, 0x16, 0x0F, 0x0B, 0x0B, 0x02,
0x02, 0x03, 0x02, 0x01, 0x02, 0x02, 0x03, 0x01, 0x02, 0x07, 0x07, 0x25, 0x16, 0x16, 0x16, 0x0A,
0x17, 0x4A, 0x4B, 0x11, 0x16, 0x19, 0x19, 0x0A, 0x08, 0x02, 0x02, 0x01, 0x01, 0x01, 0x02, 0x01,
0x05, 0x06, 0x05, 0x0A, 0x0B, 0x0B, 0x08, 0x02, 0x01, 0x01, 0x0A, 0x0A, 0x21, 0x28, 0x0C, 0x0B,
0x01, 0x02, 0x08, 0x08, 0x1E, 0x1E, 0x05, 0x05, 0x0B, 0x15, 0x01, 0x13, 0x0D, 0x02, 0x03, 0x02,
0x09, 0x03, 0x04, 0x01, 0x01, 0x01, 0x02, 0x02, 0x02, 0x02, 0x01, 0x01, 0x01, 0x02, 0x01, 0x03,
0x05, 0x06, 0x07, 0x02, 0x04, 0x05, 0x04, 0xF8, 0x02, 0x03, 0x03, 0x09, 0x0D, 0x17, 0x17, 0x10,
0x0A, 0x03, 0x03, 0x22, 0x22, 0x0E, 0x02, 0x01, 0x02, 0x11, 0x11, 0x0F, 0x08, 0x0A, 0x0A, 0x07,
0x0D, 0x02, 0x02, 0x01, 0x01, 0x02, 0x03, 0x02, 0x03, 0x0B, 0x0B, 0x0E, 0x13, 0x09, 0x0A, 0x06,
0x05, 0x06, 0x07, 0x05, 0x09, 0x01, 0x03, 0x00, 0x00, 0x04, 0x00, 0x00, 0xFF, 0xC0, 0x02, 0xBD,
0x03, 0xC0, 0x00, 0x52, 0x00, 0xC6, 0x01, 0x18, 0x01, 0x6A, 0x00, 0x00, 0x13, 0x31, 0x15, 0x27,
0x07, 0x06, 0x17, 0x16, 0x17, 0x31, 0x17, 0x07, 0x06, 0x07, 0x06, 0x15, 0x31, 0x14, 0x17, 0x16,
0x17, 0x31, 0x17, 0x37, 0x36, 0x37, 0x36, 0x33, 0x31, 0x32, 0x17, 0x16, 0x15, 0x31, 0x14, 0x17,
0x16, 0x33, 0x31, 0x33, 0x35, 0x17, 0x37, 0x27, 0x26, 0x27, 0x26, 0x35, 0x31, 0x34, 0x37, 0x36,
0x37, 0x31, 0x36, 0x37, 0x36, 0x27, 0x31, 0x26, 0x23, 0x26, 0x07, 0x31, 0x06, 0x07, 0x06, 0x23,
0x31, 0x22, 0x27, 0x26, 0x35, 0x31, 0x34, 0x27, 0x26, 0x23, 0x31, 0x22, 0x07, 0x06, 0x15, 0x05,
0x31, 0x14, 0x07, 0x06, 0x23, 0x31, 0x22, 0x07, 0x06, 0x07, 0x31, 0x06, 0x07, 0x06, 0x17, 0x31,
0x16, 0x07, 0x06, 0x23, 0x31, 0x22, 0x07, 0x06, 0x17, 0x31, 0x16, 0x17, 0x16, 0x07, 0x31, 0x06,
0x07, 0x06, 0x07, 0x31, 0x06, 0x15, 0x16, 0x17, 0x31, 0x16, 0x33, 0x32, 0x37, 0x31, 0x36, 0x37,
0x36, 0x27, 0x31, 0x26, 0x27, 0x26, 0x35, 0x31, 0x34, 0x37, 0x36, 0x37, 0x31, 0x36, 0x35, 0x26,
0x27, 0x31, 0x26, 0x27, 0x26, 0x35, 0x31, 0x34, 0x17, 0x16, 0x17, 0x31, 0x17, 0x11, 0x07, 0x06,
0x07, 0x06, 0x07, 0x31, 0x06, 0x33, 0x16, 0x37, 0x31, 0x36, 0x37, 0x36, 0x37, 0x31, 0x36, 0x37,
0x36, 0x35, 0x31, 0x35, 0x27, 0x26, 0x27, 0x26, 0x35, 0x31, 0x34, 0x27, 0x26, 0x23, 0x31, 0x22,
0x07, 0x06, 0x15, 0x17, 0x31, 0x14, 0x07, 0x06, 0x27, 0x31, 0x26, 0x07, 0x06, 0x07, 0x31, 0x06,
0x17, 0x16, 0x17, 0x31, 0x17, 0x07, 0x06, 0x07, 0x06, 0x17, 0x31, 0x16, 0x33, 0x32, 0x37, 0x31,
0x36, 0x17, 0x16, 0x15, 0x31, 0x14, 0x17, 0x16, 0x33, 0x31, 0x32, 0x37, 0x36, 0x35, 0x31, 0x35,
0x17, 0x16, 0x33, 0x36, 0x37, 0x31, 0x36, 0x27, 0x26, 0x27, 0x31, 0x27, 0x37, 0x36, 0x37, 0x36,
0x27, 0x31, 0x26, 0x23, 0x26, 0x07, 0x31, 0x06, 0x27, 0x26, 0x35, 0x31, 0x34, 0x27, 0x26, 0x23,
0x31, 0x22, 0x07, 0x06, 0x15, 0x05, 0x31, 0x14, 0x07, 0x06, 0x27, 0x31, 0x26, 0x07, 0x06, 0x07,
0x31, 0x06, 0x17, 0x16, 0x17, 0x31, 0x17, 0x07, 0x06, 0x07, 0x06, 0x17, 0x31, 0x16, 0x33, 0x36,
0x37, 0x31, 0x36, 0x17, 0x16, 0x15, 0x31, 0x14, 0x17, 0x16, 0x33, 0x31, 0x32, 0x37, 0x36, 0x35,
0x31, 0x35, 0x17, 0x16, 0x37, 0x36, 0x37, 0x31, 0x36, 0x27, 0x26, 0x27, 0x31, 0x27, 0x37, 0x36,
0x37, 0x36, 0x27, 0x31, 0x26, 0x27, 0x26, 0x07, 0x31, 0x06, 0x27, 0x26, 0x35, 0x31, 0x34, 0x27,
0x26, 0x23, 0x31, 0x22, 0x07, 0x06, 0x15, 0x9E, 0x39, 0x0B, 0x0C, 0x02, 0x03, 0x18, 0x1D, 0x1D,
0x0B, 0x08, 0x09, 0x03, 0x04, 0x04, 0x0C, 0x17, 0x0A, 0x08, 0x08, 0x02, 0x02, 0x01, 0x02, 0x03,
0x03, 0x13, 0x19, 0x3D, 0x19, 0x1D, 0x0C, 0x08, 0x09, 0x08, 0x09, 0x0C, 0x14, 0x02, 0x03, 0x08,
0x09, 0x06, 0x06, 0x15, 0x09, 0x08, 0x08, 0x02, 0x02, 0x01, 0x02, 0x03, 0x04, 0x12, 0x13, 0x03,
0x03, 0x01, 0x10, 0x05, 0x05, 0x1C, 0x0F, 0x10, 0x10, 0x06, 0x0F, 0x04, 0x05, 0x0A, 0x10, 0x04,
0x05, 0x10, 0x1D, 0x0B, 0x0B, 0x14, 0x0E, 0x03, 0x04, 0x01, 0x01, 0x02, 0x03, 0x0B, 0x10, 0x01,
0x11, 0x12, 0x49, 0x49, 0x11, 0x0F, 0x01, 0x01, 0x0E, 0x08, 0x02, 0x02, 0x02, 0x02, 0x08, 0x0D,
0x01, 0x0D, 0x06, 0x04, 0x05, 0x0B, 0x0B, 0x15, 0x2B, 0x15, 0x09, 0x08, 0x08, 0x01, 0x02, 0x03,
0x03, 0x08, 0x07, 0x09, 0x09, 0x05, 0x08, 0x02, 0x02, 0x32, 0x15, 0x0E, 0x0F, 0x02, 0x03, 0x06,
0x05, 0x02, 0x03, 0xB3, 0x09, 0x09, 0x07, 0x06, 0x0A, 0x0A, 0x06, 0x05, 0x02, 0x03, 0x0F, 0x17,
0x13, 0x0F, 0x03, 0x03, 0x08, 0x04, 0x04, 0x04, 0x0B, 0x12, 0x05, 0x05, 0x03, 0x03, 0x0C, 0x0B,
0x03, 0x03, 0x16, 0x0F, 0x04, 0x04, 0x06, 0x07, 0x01, 0x02, 0x12, 0x12, 0x15, 0x0F, 0x01, 0x02,
0x08, 0x07, 0x05, 0x06, 0x09, 0x10, 0x03, 0x04, 0x03, 0x03, 0x0B, 0x0C, 0x03, 0x03, 0xFE, 0x12,
0x09, 0x09, 0x07, 0x06, 0x0A, 0x0B, 0x06, 0x04, 0x02, 0x03, 0x0F, 0x17, 0x13, 0x0F, 0x03, 0x03,
0x08, 0x04, 0x04, 0x04, 0x0B, 0x12, 0x05, 0x05, 0x03, 0x03, 0x0B, 0x0C, 0x03, 0x03, 0x16, 0x0F,
0x04, 0x04, 0x06, 0x07, 0x02, 0x02, 0x11, 0x12, 0x15, 0x0F, 0x01, 0x01, 0x08, 0x06, 0x05, 0x06,
0x09, 0x10, 0x03, 0x04, 0x03, 0x03, 0x0C, 0x0B, 0x03, 0x03, 0x02, 0xD0, 0x20, 0x1D, 0x10, 0x11,
0x06, 0x06, 0x0D, 0x10, 0x11, 0x07, 0x06, 0x06, 0x02, 0x01, 0x06, 0x07, 0x07, 0x12, 0x0F, 0x06,
0x04, 0x04, 0x09, 0x0A, 0x0D, 0x18, 0x04, 0x04, 0x46, 0x22, 0x2A, 0x0F, 0x06, 0x05, 0x05, 0x01,
0x02, 0x05, 0x06, 0x06, 0x0C, 0x05, 0x05, 0x0F, 0x12, 0x01, 0x0D, 0x06, 0x04, 0x05, 0x09, 0x0A,
0x0E, 0x18, 0x04, 0x04, 0x04, 0x04, 0x19, 0x35, 0x10, 0x03, 0x03, 0x01, 0x01, 0x02, 0x04, 0x0C,
0x0C, 0x08, 0x0B, 0x1F, 0x20, 0x1D, 0x1D, 0x16, 0x0E, 0x2B, 0x2B, 0x7D, 0x60, 0x18, 0x18, 0x0F,
0x16, 0x12, 0x12, 0x0B, 0x0C, 0x0C, 0x0A, 0x15, 0x15, 0x15, 0x0C, 0x20, 0x20, 0x70, 0x6F, 0x20,
0x20, 0x0D, 0x13, 0x17, 0x18, 0x09, 0x04, 0x06, 0x06, 0x05, 0x06, 0x07, 0x08, 0x15, 0x2B, 0xFE,
0xDE, 0x05, 0x02, 0x03, 0x03, 0x03, 0x03, 0x01, 0x02, 0x02, 0x02, 0x03, 0x01, 0x03, 0x18, 0x18,
0x68, 0x97, 0x57, 0x24, 0x1F, 0x1F, 0x08, 0x09, 0x05, 0x05, 0x05, 0x05, 0x0B, 0x16, 0x10, 0x05,
0x05, 0x0C, 0x09, 0x02, 0x03, 0x0B, 0x09, 0x04, 0x05, 0x08, 0x0C, 0x0A, 0x08, 0x08, 0x09, 0x0C,
0x06, 0x08, 0x0C, 0x02, 0x03, 0x15, 0x10, 0x04, 0x05, 0x04, 0x05, 0x10, 0x1A, 0x0B, 0x08, 0x01,
0x0B, 0x0C, 0x03, 0x03, 0x0A, 0x09, 0x11, 0x0B, 0x04, 0x05, 0x08, 0x07, 0x01, 0x04, 0x09, 0x02,
0x02, 0x12, 0x0E, 0x04, 0x04, 0x04, 0x04, 0x0E, 0xF3, 0x10, 0x05, 0x05, 0x0C, 0x08, 0x02, 0x02,
0x0B, 0x09, 0x05, 0x05, 0x07, 0x0C, 0x0A, 0x08, 0x08, 0x09, 0x0D, 0x06, 0x01, 0x07, 0x0D, 0x02,
0x03, 0x15, 0x11, 0x04, 0x04, 0x04, 0x04, 0x11, 0x19, 0x0B, 0x08, 0x01, 0x01, 0x0A, 0x0D, 0x03,
0x03, 0x09, 0x09, 0x11, 0x0C, 0x04, 0x05, 0x08, 0x06, 0x01, 0x01, 0x05, 0x08, 0x02, 0x02, 0x12,
0x0E, 0x03, 0x04, 0x03, 0x04, 0x0E, 0x00, 0x00, 0x00, 0x08, 0x00, 0x00, 0xFF, 0xC0, 0x09, 0xAE,
0x03, 0xC0, 0x00, 0xAD, 0x00, 0xBC, 0x00, 0xEC, 0x01, 0x01, 0x01, 0xAF, 0x01, 0xBE, 0x01, 0xEE,
0x02, 0x02, 0x00, 0x00, 0x01, 0x31, 0x36, 0x33, 0x32, 0x17, 0x31, 0x16, 0x17, 0x16, 0x05, 0x31,
0x05, 0x37, 0x36, 0x37, 0x36, 0x17, 0x31, 0x16, 0x17, 0x16, 0x17, 0x31, 0x16, 0x17, 0x16, 0x33,
0x31, 0x33, 0x07, 0x06, 0x07, 0x06, 0x07, 0x31, 0x07, 0x15, 0x16, 0x15, 0x14, 0x15, 0x31, 0x14,
0x07, 0x06, 0x23, 0x31, 0x22, 0x07, 0x06, 0x07, 0x31, 0x06, 0x07, 0x06, 0x23, 0x31, 0x22, 0x27,
0x26, 0x27, 0x31, 0x26, 0x23, 0x22, 0x07, 0x31, 0x06, 0x07, 0x06, 0x23, 0x31, 0x22, 0x07, 0x06,
0x07, 0x31, 0x0F, 0x01, 0x06, 0x07, 0x06, 0x27, 0x31, 0x26, 0x23, 0x22, 0x07, 0x31, 0x06, 0x07,
0x06, 0x07, 0x31, 0x06, 0x07, 0x06, 0x07, 0x31, 0x06, 0x07, 0x06, 0x27, 0x31, 0x26, 0x27, 0x26,
0x27, 0x31, 0x26, 0x23, 0x22, 0x07, 0x31, 0x06, 0x27, 0x26, 0x27, 0x31, 0x26, 0x27, 0x26, 0x35,
0x31, 0x34, 0x37, 0x36, 0x37, 0x31, 0x36, 0x37, 0x36, 0x27, 0x31, 0x26, 0x27, 0x26, 0x27, 0x31,
0x26, 0x27, 0x26, 0x37, 0x31, 0x36, 0x37, 0x36, 0x37, 0x31, 0x36, 0x35, 0x34, 0x27, 0x31, 0x26,
0x37, 0x36, 0x17, 0x31, 0x16, 0x37, 0x36, 0x37, 0x31, 0x36, 0x37, 0x36, 0x33, 0x31, 0x32, 0x37,
0x36, 0x37, 0x07, 0x31, 0x06, 0x17, 0x16, 0x33, 0x31, 0x32, 0x37, 0x36, 0x35, 0x31, 0x34, 0x27,
0x26, 0x05, 0x31, 0x06, 0x17, 0x16, 0x17, 0x31, 0x16, 0x07, 0x06, 0x27, 0x31, 0x26, 0x27, 0x26,
0x37, 0x31, 0x36, 0x27, 0x26, 0x23, 0x31, 0x22, 0x07, 0x06, 0x15, 0x31, 0x14, 0x17, 0x16, 0x17,
0x31, 0x16, 0x33, 0x16, 0x37, 0x31, 0x36, 0x37, 0x36, 0x35, 0x31, 0x34, 0x27, 0x26, 0x23, 0x31,
0x23, 0x01, 0x31, 0x14, 0x17, 0x16, 0x33, 0x31, 0x32, 0x37, 0x36, 0x37, 0x31, 0x36, 0x27, 0x26,
0x23, 0x31, 0x22, 0x07, 0x06, 0x15, 0x01, 0x31, 0x36, 0x33, 0x32, 0x17, 0x31, 0x16, 0x17, 0x16,
0x05, 0x31, 0x05, 0x37, 0x36, 0x37, 0x36, 0x17, 0x31, 0x16, 0x17, 0x16, 0x17, 0x31, 0x16, 0x17,
0x16, 0x33, 0x31, 0x33, 0x07, 0x06, 0x07, 0x06, 0x07, 0x31, 0x07, 0x17, 0x14, 0x15, 0x14, 0x15,
0x31, 0x14, 0x07, 0x06, 0x23, 0x31, 0x22, 0x07, 0x06, 0x07, 0x31, 0x06, 0x07, 0x06, 0x23, 0x31,
0x22, 0x27, 0x26, 0x27, 0x31, 0x26, 0x23, 0x22, 0x07, 0x31, 0x06, 0x07, 0x06, 0x23, 0x31, 0x22,
0x07, 0x06, 0x07, 0x31, 0x0F, 0x01, 0x06, 0x07, 0x06, 0x27, 0x31, 0x26, 0x23, 0x06, 0x07, 0x31,
0x06, 0x07, 0x06, 0x07, 0x31, 0x06, 0x07, 0x06, 0x07, 0x31, 0x06, 0x07, 0x06, 0x27, 0x31, 0x26,
0x27, 0x26, 0x27, 0x31, 0x26, 0x23, 0x22, 0x07, 0x31, 0x06, 0x27, 0x26, 0x27, 0x31, 0x26, 0x27,
0x26, 0x35, 0x31, 0x34, 0x37, 0x36, 0x37, 0x31, 0x36, 0x37, 0x36, 0x27, 0x31, 0x26, 0x27, 0x26,
0x27, 0x31, 0x26, 0x27, 0x26, 0x37, 0x31, 0x36, 0x37, 0x36, 0x37, 0x31, 0x36, 0x35, 0x34, 0x27,
0x31, 0x26, 0x37, 0x36, 0x17, 0x31, 0x16, 0x37, 0x36, 0x37, 0x31, 0x36, 0x37, 0x36, 0x33, 0x31,
0x32, 0x37, 0x36, 0x37, 0x07, 0x31, 0x06, 0x17, 0x16, 0x33, 0x31, 0x32, 0x37, 0x36, 0x35, 0x31,
0x34, 0x27, 0x26, 0x05, 0x31, 0x06, 0x17, 0x16, 0x17, 0x31, 0x16, 0x07, 0x06, 0x27, 0x31, 0x26,
0x27, 0x26, 0x37, 0x31, 0x36, 0x27, 0x26, 0x23, 0x31, 0x22, 0x07, 0x06, 0x15, 0x31, 0x14, 0x17,
0x16, 0x17, 0x31, 0x16, 0x33, 0x16, 0x37, 0x31, 0x36, 0x37, 0x36, 0x35, 0x31, 0x34, 0x27, 0x26,
0x23, 0x31, 0x23, 0x01, 0x31, 0x14, 0x17, 0x16, 0x33, 0x31, 0x32, 0x37, 0x36, 0x37, 0x31, 0x36,
0x27, 0x26, 0x23, 0x31, 0x22, 0x07, 0x06, 0x01, 0x8A, 0x04, 0x05, 0x06, 0x09, 0x06, 0x32, 0x32,
0x01, 0x17, 0x01, 0x78, 0x0C, 0x07, 0x06, 0x06, 0x0A, 0x07, 0x07, 0x07, 0x03, 0x04, 0x07, 0x07,
0x0C, 0x17, 0x02, 0x01, 0x03, 0x04, 0x10, 0x15, 0x01, 0x0A, 0x0A, 0x13, 0x19, 0x07, 0x08, 0x02,
0x02, 0x08, 0x08, 0x1C, 0x12, 0x0E, 0x0E, 0x04, 0x04, 0x03, 0x04, 0x04, 0x04, 0x19, 0x1A, 0x32,
0x56, 0x0D, 0x0D, 0x04, 0x03, 0x34, 0x2B, 0x2E, 0x2F, 0x24, 0x11, 0x0A, 0x0A, 0x0B, 0x0C, 0x08,
0x08, 0x13, 0x12, 0x05, 0x06, 0x01, 0x01, 0x0D, 0x0D, 0x52, 0x24, 0x1C, 0x1D, 0x03, 0x03, 0x03,
0x04, 0x02, 0x05, 0x0A, 0x0B, 0x13, 0x10, 0x04, 0x04, 0x1B, 0x1B, 0x26, 0x11, 0x02, 0x02, 0x0B,
0x08, 0x10, 0x10, 0x1B, 0x1A, 0x01, 0x02, 0x19, 0x13, 0x07, 0x07, 0x12, 0x06, 0x06, 0x0A, 0x07,
0x07, 0x1A, 0x0D, 0x07, 0x08, 0x04, 0x04, 0x08, 0x08, 0x07, 0x0A, 0x05, 0x06, 0x02, 0x68, 0x06,
0x02, 0x02, 0x07, 0x04, 0x03, 0x03, 0x05, 0x06, 0x01, 0x82, 0x01, 0x09, 0x0A, 0x12, 0x13, 0x07,
0x08, 0x14, 0x10, 0x17, 0x17, 0x05, 0x04, 0x08, 0x09, 0x08, 0x16, 0x13, 0x14, 0x12, 0x12, 0x16,
0x18, 0x27, 0x28, 0x1A, 0x1B, 0x12, 0x12, 0x19, 0x1A, 0x2F, 0x20, 0xFE, 0x4D, 0x02, 0x02, 0x02,
0x03, 0x03, 0x03, 0x02, 0x01, 0x01, 0x02, 0x05, 0x04, 0x03, 0x03, 0x05, 0x31, 0x04, 0x05, 0x06,
0x09, 0x06, 0x32, 0x33, 0x01, 0x16, 0x01, 0x78, 0x0C, 0x07, 0x06, 0x06, 0x0A, 0x07, 0x07, 0x07,
0x03, 0x04, 0x07, 0x07, 0x0C, 0x17, 0x02, 0x01, 0x03, 0x04, 0x10, 0x15, 0x01, 0x09, 0x0A, 0x14,
0x19, 0x07, 0x08, 0x02, 0x02, 0x08, 0x08, 0x1C, 0x12, 0x0E, 0x0E, 0x03, 0x05, 0x03, 0x04, 0x04,
0x04, 0x19, 0x1A, 0x32, 0x56, 0x0C, 0x0D, 0x05, 0x03, 0x34, 0x2B, 0x2E, 0x2F, 0x24, 0x11, 0x0A,
0x0A, 0x0B, 0x0C, 0x08, 0x08, 0x13, 0x12, 0x05, 0x06, 0x01, 0x01, 0x0D, 0x0D, 0x52, 0x24, 0x1C,
0x1D, 0x03, 0x03, 0x03, 0x04, 0x02, 0x05, 0x0A, 0x0B, 0x13, 0x10, 0x04, 0x04, 0x1B, 0x1B, 0x27,
0x10, 0x02, 0x02, 0x0A, 0x09, 0x10, 0x10, 0x1B, 0x1A, 0x01, 0x02, 0x19, 0x13, 0x07, 0x08, 0x11,
0x06, 0x06, 0x0A, 0x07, 0x07, 0x1A, 0x0D, 0x07, 0x08, 0x04, 0x04, 0x08, 0x08, 0x07, 0x0A, 0x05,
0x06, 0x02, 0x68, 0x06, 0x02, 0x02, 0x07, 0x04, 0x03, 0x03, 0x05, 0x06, 0x01, 0x82, 0x01, 0x09,
0x0A, 0x13, 0x12, 0x07, 0x08, 0x13, 0x11, 0x17, 0x17, 0x05, 0x04, 0x08, 0x09, 0x08, 0x16, 0x13,
0x14, 0x12, 0x12, 0x16, 0x18, 0x27, 0x28, 0x1A, 0x1B, 0x12, 0x12, 0x19, 0x19, 0x30, 0x20, 0xFE,
0x4D, 0x02, 0x02, 0x02, 0x03, 0x03, 0x03, 0x02, 0x01, 0x01, 0x02, 0x05, 0x04, 0x03, 0x03, 0x02,
0xD5, 0x0D, 0x0D, 0x0A, 0x02, 0x02, 0x01, 0x01, 0x10, 0x09, 0x02, 0x03, 0x03, 0x02, 0x05, 0x05,
0x05, 0x07, 0x03, 0x03, 0x23, 0x19, 0x05, 0x05, 0x01, 0x02, 0x29, 0x11, 0x0E, 0x0E, 0x04, 0x04,
0x02, 0x02, 0x02, 0x03, 0x08, 0x09, 0x02, 0x02, 0x02, 0x02, 0x04, 0x04, 0x04, 0x04, 0x02, 0x02,
0x09, 0x0A, 0x40, 0x37, 0x11, 0x0D, 0x02, 0x03, 0x09, 0x04, 0x05, 0x06, 0x10, 0x11, 0x38, 0x35,
0x1A, 0x1B, 0x24, 0x3D, 0x08, 0x08, 0x07, 0x03, 0x04, 0x04, 0x02, 0x03, 0x03, 0x09, 0x03, 0x03,
0x11, 0x0E, 0x09, 0x09, 0x14, 0x1E, 0x4B, 0x4B, 0x4E, 0x20, 0x15, 0x15, 0x18, 0x15, 0x0A, 0x0B,
0x05, 0x04, 0x08, 0x09, 0x06, 0x04, 0x09, 0x09, 0x26, 0x0E, 0x08, 0x09, 0x11, 0x1B, 0x09, 0x0A,
0x04, 0x02, 0x01, 0x01, 0x06, 0x04, 0x03, 0x03, 0x03, 0x04, 0x06, 0x25, 0x06, 0x04, 0x05, 0x01,
0x02, 0x03, 0x06, 0x03, 0x04, 0xDB, 0x20, 0x15, 0x16, 0x0A, 0x09, 0x03, 0x03, 0x09, 0x08, 0x20,
0x21, 0x08, 0x06, 0x0D, 0x0E, 0x18, 0x19, 0x1B, 0x11, 0x12, 0x13, 0x07, 0x07, 0x01, 0x07, 0x08,
0x13, 0x13, 0x16, 0x28, 0x15, 0x16, 0xFE, 0x41, 0x02, 0x02, 0x02, 0x02, 0x02, 0x02, 0x03, 0x02,
0x02, 0x02, 0x02, 0x03, 0x02, 0x96, 0x0D, 0x0D, 0x0A, 0x02, 0x02, 0x01, 0x01, 0x10, 0x09, 0x02,
0x03, 0x03, 0x02, 0x05, 0x05, 0x05, 0x07, 0x03, 0x03, 0x23, 0x19, 0x05, 0x05, 0x01, 0x02, 0x29,
0x11, 0x0E, 0x0E, 0x04, 0x04, 0x02, 0x02, 0x02, 0x03, 0x08, 0x09, 0x02, 0x02, 0x02, 0x02, 0x04,
0x04, 0x04, 0x04, 0x02, 0x02, 0x09, 0x0A, 0x40, 0x37, 0x10, 0x0E, 0x02, 0x03, 0x09, 0x05, 0x01,
0x05, 0x06, 0x10, 0x11, 0x38, 0x35, 0x1A, 0x1B, 0x24, 0x3D, 0x08, 0x08, 0x07, 0x03, 0x04, 0x04,
0x02, 0x03, 0x03, 0x09, 0x03, 0x03, 0x11, 0x0E, 0x09, 0x09, 0x14, 0x1E, 0x4B, 0x4B, 0x4E, 0x20,
0x15, 0x15, 0x18, 0x15, 0x0A, 0x0B, 0x05, 0x04, 0x08, 0x09, 0x06, 0x04, 0x09, 0x09, 0x26, 0x0E,
0x08, 0x09, 0x11, 0x1B, 0x09, 0x0A, 0x04, 0x02, 0x01, 0x01, 0x06, 0x04, 0x03, 0x03, 0x03, 0x04,
0x06, 0x25, 0x06, 0x04, 0x05, 0x01, 0x02, 0x03, 0x06, 0x03, 0x04, 0xDB, 0x20, 0x15, 0x16, 0x0A,
0x09, 0x03, 0x03, 0x09, 0x08, 0x20, 0x21, 0x08, 0x06, 0x0D, 0x0E, 0x18, 0x18, 0x1C, 0x11, 0x12,
0x13, 0x07, 0x07, 0x01, 0x07, 0x08, 0x13, 0x13, 0x17, 0x27, 0x15, 0x16, 0xFE, 0x41, 0x02, 0x02,
0x02, 0x02, 0x02, 0x02, 0x03, 0x02, 0x02, 0x02, 0x02, 0x00, 0x00, 0x00, 0x00, 0x03, 0x00, 0x00,
0xFF, 0xC0, 0x08, 0xB8, 0x03, 0xC0, 0x01, 0x46, 0x01, 0xBC, 0x02, 0x23, 0x00, 0x00, 0x01, 0x31,
0x36, 0x33, 0x36, 0x17, 0x31, 0x32, 0x17, 0x31, 0x16, 0x17, 0x16, 0x17, 0x31, 0x16, 0x17, 0x31,
0x04, 0x17, 0x16, 0x17, 0x31, 0x16, 0x17, 0x16, 0x07, 0x31, 0x06, 0x15, 0x16, 0x33, 0x31, 0x32,
0x17, 0x16, 0x17, 0x31, 0x16, 0x17, 0x16, 0x33, 0x31, 0x32, 0x17, 0x16, 0x15, 0x31, 0x14, 0x33,
0x36, 0x37, 0x31, 0x36, 0x17, 0x16, 0x15, 0x31, 0x16, 0x07, 0x06, 0x23, 0x31, 0x22, 0x27, 0x26,
0x27, 0x31, 0x26, 0x27, 0x31, 0x26, 0x27, 0x26, 0x07, 0x31, 0x06, 0x15, 0x31, 0x14, 0x07, 0x06,
0x23, 0x31, 0x22, 0x07, 0x06, 0x07, 0x31, 0x06, 0x23, 0x06, 0x27, 0x31, 0x26, 0x07, 0x06, 0x07,
0x31, 0x06, 0x07, 0x06, 0x23, 0x31, 0x22, 0x27, 0x26, 0x27, 0x31, 0x26, 0x27, 0x26, 0x07, 0x31,
0x06, 0x07, 0x06, 0x07, 0x31, 0x06, 0x07, 0x06, 0x07, 0x31, 0x06, 0x07, 0x06, 0x07, 0x31, 0x06,
0x07, 0x06, 0x23, 0x31, 0x22, 0x27, 0x26, 0x27, 0x31, 0x26, 0x27, 0x26, 0x27, 0x31, 0x26, 0x35,
0x36, 0x37, 0x31, 0x36, 0x37, 0x36, 0x37, 0x31, 0x36, 0x37, 0x36, 0x27, 0x31, 0x26, 0x27, 0x26,
0x23, 0x31, 0x22, 0x07, 0x06, 0x07, 0x31, 0x06, 0x07, 0x06, 0x07, 0x31, 0x06, 0x07, 0x06, 0x07,
0x31, 0x06, 0x23, 0x22, 0x27, 0x31, 0x26, 0x17, 0x16, 0x17, 0x31, 0x16, 0x17, 0x16, 0x17, 0x31,
0x16, 0x17, 0x16, 0x15, 0x31, 0x14, 0x07, 0x31, 0x06, 0x07, 0x06, 0x07, 0x31, 0x06, 0x27, 0x31,
0x26, 0x27, 0x26, 0x27, 0x31, 0x26, 0x27, 0x26, 0x27, 0x31, 0x2F, 0x01, 0x26, 0x07, 0x06, 0x15,
0x31, 0x14, 0x07, 0x06, 0x23, 0x31, 0x22, 0x07, 0x06, 0x07, 0x31, 0x06, 0x23, 0x22, 0x27, 0x31,
0x26, 0x27, 0x26, 0x23, 0x31, 0x22, 0x07, 0x06, 0x07, 0x31, 0x06, 0x07, 0x06, 0x23, 0x31, 0x22,
0x07, 0x06, 0x07, 0x31, 0x06, 0x07, 0x06, 0x23, 0x31, 0x23, 0x27, 0x26, 0x27, 0x26, 0x27, 0x31,
0x26, 0x35, 0x34, 0x37, 0x31, 0x36, 0x37, 0x36, 0x37, 0x31, 0x37, 0x21, 0x17, 0x33, 0x32, 0x37,
0x36, 0x37, 0x31, 0x36, 0x37, 0x36, 0x33, 0x31, 0x32, 0x17, 0x16, 0x17, 0x31, 0x16, 0x17, 0x16,
0x37, 0x31, 0x36, 0x33, 0x32, 0x17, 0x31, 0x16, 0x35, 0x36, 0x27, 0x31, 0x26, 0x35, 0x36, 0x37,
0x31, 0x36, 0x37, 0x36, 0x37, 0x05, 0x31, 0x06, 0x07, 0x31, 0x06, 0x07, 0x06, 0x23, 0x31, 0x06,
0x07, 0x31, 0x0F, 0x01, 0x06, 0x07, 0x06, 0x15, 0x31, 0x14, 0x17, 0x16, 0x37, 0x31, 0x36, 0x33,
0x36, 0x07, 0x31, 0x06, 0x17, 0x16, 0x37, 0x31, 0x3F, 0x01, 0x36, 0x37, 0x36, 0x33, 0x31, 0x32,
0x07, 0x06, 0x07, 0x31, 0x06, 0x07, 0x06, 0x15, 0x31, 0x14, 0x17, 0x16, 0x37, 0x31, 0x36, 0x17,
0x16, 0x17, 0x31, 0x16, 0x17, 0x16, 0x37, 0x31, 0x3F, 0x01, 0x34, 0x37, 0x36, 0x37, 0x31, 0x36,
0x33, 0x36, 0x17, 0x31, 0x16, 0x33, 0x32, 0x37, 0x31, 0x37, 0x0F, 0x01, 0x06, 0x07, 0x06, 0x07,
0x31, 0x06, 0x31, 0x16, 0x37, 0x31, 0x36, 0x37, 0x36, 0x17, 0x31, 0x16, 0x33, 0x32, 0x37, 0x31,
0x37, 0x35, 0x34, 0x27, 0x26, 0x27, 0x31, 0x26, 0x27, 0x26, 0x07, 0x03, 0x31, 0x06, 0x07, 0x06,
0x15, 0x31, 0x06, 0x07, 0x06, 0x07, 0x31, 0x06, 0x07, 0x06, 0x17, 0x31, 0x16, 0x07, 0x06, 0x07,
0x31, 0x06, 0x07, 0x06, 0x15, 0x31, 0x14, 0x07, 0x06, 0x07, 0x31, 0x06, 0x07, 0x06, 0x15, 0x31,
0x14, 0x17, 0x16, 0x37, 0x31, 0x36, 0x37, 0x36, 0x37, 0x31, 0x3F, 0x01, 0x36, 0x37, 0x36, 0x35,
0x31, 0x36, 0x27, 0x26, 0x07, 0x31, 0x06, 0x07, 0x06, 0x15, 0x31, 0x14, 0x07, 0x06, 0x23, 0x31,
0x22, 0x27, 0x26, 0x35, 0x31, 0x34, 0x27, 0x26, 0x07, 0x31, 0x06, 0x07, 0x06, 0x07, 0x31, 0x06,
0x07, 0x06, 0x17, 0x31, 0x16, 0x07, 0x06, 0x27, 0x31, 0x26, 0x27, 0x26, 0x37, 0x31, 0x36, 0x23,
0x06, 0x07, 0x03, 0xE9, 0x05, 0x1A, 0x1B, 0x27, 0x11, 0x29, 0x29, 0x37, 0x38, 0x42, 0x41, 0x43,
0x01, 0x07, 0x30, 0x30, 0x0A, 0x05, 0x02, 0x03, 0x05, 0x02, 0x01, 0x07, 0x03, 0x03, 0x04, 0x01,
0x02, 0x04, 0x04, 0x05, 0x05, 0x03, 0x03, 0x2F, 0x2F, 0x8B, 0x38, 0x0A, 0x0A, 0x01, 0x0A, 0x0A,
0x2C, 0x1A, 0x0F, 0x10, 0x03, 0x02, 0x1E, 0x1D, 0x22, 0x23, 0x1C, 0x1C, 0x03, 0x03, 0x05, 0x04,
0x04, 0x05, 0x02, 0x04, 0x0D, 0x0E, 0x06, 0x05, 0x02, 0x02, 0x04, 0x06, 0x04, 0x04, 0x09, 0x07,
0x06, 0x07, 0x08, 0x02, 0x43, 0x44, 0x2B, 0x49, 0x12, 0x12, 0x42, 0x16, 0x12, 0x12, 0x03, 0x03,
0x16, 0x16, 0x1B, 0x31, 0x10, 0x10, 0x2A, 0x27, 0x0F, 0x0F, 0x1A, 0x1E, 0x10, 0x11, 0x05, 0x01,
0x01, 0x02, 0x05, 0x10, 0x10, 0x16, 0x11, 0x03, 0x03, 0x08, 0x05, 0x0A, 0x0A, 0x24, 0x23, 0x0E,
0x0F, 0x10, 0x18, 0x14, 0x15, 0x0A, 0x06, 0x04, 0x05, 0x0B, 0x0A, 0x04, 0x04, 0x02, 0x04, 0x03,
0x04, 0x08, 0x03, 0x09, 0x0A, 0x0A, 0x09, 0x06, 0x07, 0x1C, 0x1C, 0x21, 0x22, 0x1D, 0x1D, 0x01,
0x02, 0x18, 0x18, 0x07, 0x0D, 0x04, 0x04, 0x02, 0x03, 0x33, 0x2B, 0x1E, 0x1E, 0x06, 0x07, 0x09,
0x04, 0x05, 0x05, 0x02, 0x06, 0x0E, 0x0F, 0x03, 0x02, 0x01, 0x02, 0x01, 0x02, 0x0D, 0x0E, 0x12,
0x13, 0x0E, 0x0F, 0x03, 0x03, 0x04, 0x04, 0x02, 0x04, 0x09, 0x09, 0x22, 0x32, 0x05, 0x05, 0x05,
0x05, 0x07, 0x04, 0x04, 0x03, 0x03, 0x03, 0x01, 0x03, 0x01, 0x01, 0x36, 0x1F, 0x12, 0x08, 0x08,
0x06, 0x07, 0x19, 0x19, 0x7C, 0x6E, 0x21, 0x21, 0x06, 0x05, 0x03, 0x03, 0x02, 0x03, 0x0C, 0x0D,
0x05, 0x03, 0x01, 0x01, 0x01, 0x01, 0x02, 0x04, 0x08, 0x08, 0x12, 0x01, 0xE4, 0x22, 0x28, 0x27,
0x26, 0x27, 0x21, 0x22, 0x17, 0x70, 0x0E, 0x08, 0x02, 0x03, 0x09, 0x09, 0x0F, 0x0B, 0x08, 0x09,
0x03, 0x02, 0x13, 0x14, 0x60, 0x6A, 0x06, 0x04, 0x0C, 0x0D, 0x09, 0x05, 0x01, 0x01, 0x08, 0x04,
0x02, 0x03, 0x07, 0x08, 0x06, 0x03, 0x04, 0x05, 0x03, 0x05, 0x0E, 0x0E, 0x25, 0x3E, 0x02, 0x02,
0x02, 0x02, 0x05, 0x0A, 0x0B, 0x03, 0x02, 0x16, 0x16, 0x2D, 0x58, 0x03, 0x51, 0x39, 0x0C, 0x0C,
0x01, 0x01, 0x01, 0x04, 0x05, 0x0C, 0x0D, 0x04, 0x04, 0x30, 0x30, 0x0E, 0x11, 0x02, 0x02, 0x0A,
0x0C, 0x18, 0x19, 0xDC, 0xFA, 0x02, 0x02, 0x02, 0x01, 0x03, 0x03, 0x07, 0x07, 0x02, 0x02, 0x01,
0x01, 0x02, 0x03, 0x0C, 0x0A, 0x03, 0x04, 0x03, 0x04, 0x07, 0x07, 0x03, 0x04, 0x0A, 0x0B, 0x28,
0x20, 0x11, 0x11, 0x27, 0x3B, 0x34, 0x16, 0x10, 0x10, 0x05, 0x2C, 0x2D, 0x1B, 0x08, 0x02, 0x02,
0x01, 0x02, 0x02, 0x02, 0x01, 0x02, 0x09, 0x09, 0x17, 0x0E, 0x05, 0x05, 0x08, 0x07, 0x01, 0x01,
0x03, 0x05, 0x02, 0x02, 0x07, 0x05, 0x01, 0x02, 0x02, 0x02, 0x06, 0x07, 0x05, 0x03, 0x08, 0x02,
0x01, 0x01, 0x01, 0x01, 0x01, 0x02, 0x01, 0x02, 0x01, 0x06, 0x04, 0x05, 0x13, 0x0B, 0x3B, 0x3B,
0x17, 0x0D, 0x03, 0x03, 0x02, 0x02, 0x03, 0x03, 0x02, 0x02, 0x01, 0x02, 0x02, 0x04, 0x01, 0x06,
0x03, 0x03, 0x03, 0x13, 0x16, 0x04, 0x05, 0x01, 0x01, 0x03, 0x03, 0x02, 0x02, 0x01, 0x01, 0x01,
0x01, 0x02, 0x03, 0x01, 0x02, 0x01, 0x02, 0x02, 0x05, 0x01, 0x04, 0x03, 0x04, 0x04, 0x12, 0x20,
0x08, 0x08, 0x06, 0x06, 0x0E, 0x04, 0x02, 0x03, 0x02, 0x04, 0x0F, 0x0F, 0x72, 0x25, 0x1D, 0x1D,
0x03, 0x03, 0x09, 0x0A, 0x09, 0x12, 0x03, 0x03, 0x02, 0x03, 0x09, 0x0B, 0x0B, 0x0C, 0x0D, 0x04,
0x0E, 0x0E, 0x0F, 0x22, 0x24, 0x25, 0x1C, 0x14, 0x0C, 0x0C, 0x0B, 0x06, 0x01, 0x02, 0x02, 0x02,
0x06, 0x0A, 0x18, 0x19, 0x1E, 0x12, 0x06, 0x06, 0x05, 0x04, 0x03, 0x07, 0x22, 0x23, 0x21, 0x11,
0x1F, 0x1F, 0x1B, 0x1B, 0x14, 0x15, 0x02, 0x02, 0x0B, 0x0B, 0x0C, 0x0C, 0x0A, 0x09, 0x01, 0x03,
0x46, 0x46, 0x19, 0x2F, 0x1B, 0x1B, 0x3C, 0x4F, 0x01, 0x01, 0x06, 0x07, 0x0A, 0x08, 0x05, 0x06,
0x02, 0x03, 0x04, 0x09, 0x09, 0x04, 0x02, 0x03, 0x04, 0x04, 0x06, 0x05, 0x04, 0x04, 0x03, 0x03,
0x04, 0x06, 0x01, 0x02, 0x0F, 0x0F, 0x22, 0x23, 0x3E, 0x2C, 0x13, 0x13, 0x23, 0x16, 0x12, 0x13,
0x06, 0x0C, 0x3C, 0x02, 0x02, 0x06, 0x06, 0x01, 0x02, 0x01, 0x02, 0x04, 0x03, 0x01, 0x01, 0x03,
0x04, 0x05, 0x03, 0x01, 0x01, 0x05, 0x04, 0x13, 0x14, 0x17, 0x2E, 0x13, 0x14, 0x07, 0x4A, 0x01,
0x01, 0x01, 0x01, 0x01, 0x01, 0x01, 0x03, 0x0E, 0x08, 0x07, 0x07, 0x0E, 0x1F, 0x07, 0x08, 0x13,
0x0D, 0x01, 0x0C, 0x0B, 0x02, 0x02, 0x02, 0x03, 0x17, 0x11, 0x10, 0x10, 0x04, 0x05, 0x07, 0x03,
0x05, 0x06, 0x04, 0x0B, 0x09, 0x0A, 0x03, 0x01, 0x01, 0x01, 0x03, 0x04, 0x01, 0x01, 0x02, 0x02,
0x13, 0x07, 0x07, 0x08, 0x02, 0x05, 0x01, 0x05, 0x03, 0x01, 0x04, 0x17, 0x02, 0x02, 0x01, 0x02,
0x06, 0x06, 0x01, 0x03, 0x05, 0x01, 0x01, 0x05, 0x04, 0x04, 0x05, 0x1C, 0x12, 0x06, 0x07, 0x0A,
0x0B, 0x01, 0x01, 0x05, 0xFE, 0xF2, 0x06, 0x0A, 0x0A, 0x0A, 0x0B, 0x09, 0x0A, 0x0A, 0x0A, 0x07,
0x07, 0x09, 0x09, 0x06, 0x06, 0x0A, 0x0B, 0x06, 0x07, 0x0B, 0x09, 0x07, 0x08, 0x09, 0x08, 0x07,
0x08, 0x08, 0x12, 0x04, 0x04, 0x01, 0x02, 0x03, 0x04, 0x0F, 0x16, 0x5D, 0x26, 0x1D, 0x1D, 0x03,
0x13, 0x0D, 0x0D, 0x0D, 0x04, 0x04, 0x05, 0x0C, 0x08, 0x06, 0x06, 0x06, 0x06, 0x08, 0x12, 0x07,
0x07, 0x02, 0x01, 0x03, 0x04, 0x0F, 0x0E, 0x06, 0x07, 0x0A, 0x0D, 0x02, 0x03, 0x0B, 0x08, 0x10,
0x10, 0x10, 0x0B, 0x01, 0x0A, 0x00, 0x00, 0x00, 0x00, 0x02, 0x00, 0x00, 0xFF, 0xC0, 0x04, 0x8D,
0x03, 0xC0, 0x00, 0xDD, 0x01, 0x0F, 0x00, 0x00, 0x13, 0x31, 0x34, 0x37, 0x36, 0x17, 0x31, 0x16,
0x17, 0x16, 0x17, 0x31, 0x16, 0x17, 0x16, 0x33, 0x31, 0x32, 0x17, 0x16, 0x15, 0x31, 0x14, 0x17,
0x16, 0x33, 0x31, 0x32, 0x17, 0x31, 0x32, 0x33, 0x16, 0x17, 0x31, 0x16, 0x17, 0x31, 0x17, 0x37,
0x36, 0x37, 0x36, 0x33, 0x31, 0x32, 0x17, 0x16, 0x17, 0x31, 0x16, 0x17, 0x16, 0x33, 0x31, 0x32,
0x17, 0x16, 0x17, 0x31, 0x16, 0x07, 0x06, 0x07, 0x31, 0x06, 0x07, 0x06, 0x15, 0x31, 0x14, 0x07,
0x06, 0x07, 0x31, 0x06, 0x07, 0x06, 0x07, 0x31, 0x06, 0x07, 0x06, 0x27, 0x31, 0x26, 0x23, 0x22,
0x07, 0x31, 0x06, 0x23, 0x06, 0x35, 0x31, 0x34, 0x27, 0x26, 0x23, 0x31, 0x22, 0x07, 0x06, 0x07,
0x31, 0x06, 0x23, 0x22, 0x27, 0x31, 0x26, 0x23, 0x22, 0x15, 0x31, 0x14, 0x23, 0x26, 0x27, 0x31,
0x26, 0x23, 0x22, 0x07, 0x31, 0x06, 0x23, 0x06, 0x35, 0x31, 0x34, 0x23, 0x22, 0x07, 0x31, 0x06,
0x07, 0x06, 0x23, 0x31, 0x22, 0x07, 0x06, 0x07, 0x31, 0x06, 0x07, 0x06, 0x07, 0x31, 0x06, 0x07,
0x06, 0x07, 0x31, 0x0F, 0x01, 0x06, 0x07, 0x06, 0x15, 0x31, 0x14, 0x07, 0x06, 0x07, 0x31, 0x06,
0x07, 0x06, 0x07, 0x31, 0x06, 0x15, 0x06, 0x17, 0x31, 0x16, 0x17, 0x16, 0x07, 0x31, 0x06, 0x07,
0x06, 0x07, 0x31, 0x06, 0x27, 0x26, 0x27, 0x31, 0x26, 0x37, 0x31, 0x36, 0x37, 0x36, 0x37, 0x31,
0x36, 0x37, 0x31, 0x36, 0x27, 0x26, 0x27, 0x31, 0x26, 0x27, 0x26, 0x37, 0x31, 0x36, 0x37, 0x36,
0x37, 0x31, 0x36, 0x37, 0x36, 0x35, 0x01, 0x31, 0x16, 0x17, 0x16, 0x17, 0x31, 0x16, 0x07, 0x06,
0x27, 0x31, 0x26, 0x27, 0x26, 0x27, 0x31, 0x26, 0x27, 0x26, 0x23, 0x31, 0x22, 0x07, 0x06, 0x07,
0x31, 0x06, 0x15, 0x16, 0x17, 0x31, 0x17, 0x37, 0x36, 0x37, 0x36, 0x37, 0x31, 0x36, 0x27, 0x26,
0x27, 0x31, 0x26, 0x27, 0x26, 0x23, 0x31, 0x23, 0xDA, 0x02, 0x03, 0x0C, 0x07, 0x07, 0x07, 0x03,
0x02, 0x0F, 0x0F, 0x11, 0x1A, 0x09, 0x09, 0x1F, 0x1F, 0x71, 0x24, 0x2E, 0x2F, 0x30, 0x31, 0x2F,
0x2F, 0x25, 0xB6, 0x09, 0x03, 0x04, 0x04, 0x02, 0x0A, 0x09, 0x09, 0x04, 0x03, 0x05, 0x06, 0x08,
0x06, 0x05, 0x06, 0x02, 0x05, 0x01, 0x02, 0x06, 0x03, 0x02, 0x03, 0x08, 0x09, 0x0D, 0x16, 0x05,
0x05, 0x03, 0x04, 0x06, 0x06, 0x09, 0x07, 0x02, 0x03, 0x06, 0x08, 0x0B, 0x0B, 0x02, 0x03, 0x04,
0x03, 0x04, 0x04, 0x01, 0x04, 0x0A, 0x0A, 0x04, 0x03, 0x09, 0x09, 0x0B, 0x0B, 0x08, 0x06, 0x02,
0x03, 0x06, 0x08, 0x0B, 0x0B, 0x0A, 0x0A, 0x03, 0x02, 0x05, 0x05, 0x06, 0x12, 0x0A, 0x0A, 0x0A,
0x07, 0x07, 0x08, 0x09, 0x0D, 0x12, 0x13, 0x55, 0x75, 0x09, 0x04, 0x02, 0x03, 0x02, 0x03, 0x04,
0x04, 0x06, 0x07, 0x06, 0x0A, 0x01, 0x07, 0x05, 0x02, 0x02, 0x01, 0x02, 0x22, 0x22, 0x2E, 0x62,
0x20, 0x20, 0x09, 0x04, 0x03, 0x03, 0x08, 0x09, 0x0D, 0x0C, 0x0F, 0x1F, 0x02, 0x02, 0x2A, 0x2F,
0x06, 0x06, 0x13, 0x0A, 0x07, 0x07, 0x0B, 0x0A, 0x05, 0x05, 0x01, 0x7E, 0x01, 0x04, 0x04, 0x06,
0x0B, 0x04, 0x05, 0x10, 0x08, 0x05, 0x05, 0x04, 0x05, 0x03, 0x04, 0x11, 0x10, 0x04, 0x05, 0x08,
0x08, 0x01, 0x09, 0x0E, 0x5F, 0x52, 0x12, 0x13, 0x05, 0x03, 0x02, 0x02, 0x0B, 0x0B, 0x0C, 0x0C,
0x2C, 0x3F, 0x02, 0xCF, 0x0C, 0x02, 0x02, 0x03, 0x02, 0x02, 0x03, 0x03, 0x02, 0x01, 0x02, 0x02,
0x02, 0x06, 0x06, 0x01, 0x02, 0x01, 0x01, 0x01, 0x01, 0x01, 0x04, 0x14, 0x09, 0x06, 0x06, 0x06,
0x07, 0x0B, 0x07, 0x04, 0x04, 0x03, 0x03, 0x04, 0x0E, 0x2D, 0x2D, 0x06, 0x04, 0x04, 0x05, 0x03,
0x04, 0x02, 0x03, 0x01, 0x01, 0x03, 0x04, 0x10, 0x14, 0x04, 0x05, 0x0B, 0x09, 0x08, 0x0A, 0x01,
0x09, 0x04, 0x03, 0x03, 0x03, 0x03, 0x04, 0x09, 0x09, 0x0A, 0x0A, 0x09, 0x01, 0x0A, 0x08, 0x08,
0x0A, 0x01, 0x09, 0x0A, 0x0A, 0x04, 0x02, 0x03, 0x0D, 0x0E, 0x25, 0x18, 0x10, 0x10, 0x09, 0x0D,
0x03, 0x04, 0x05, 0x09, 0x11, 0x08, 0x0B, 0x0B, 0x08, 0x08, 0x0B, 0x0B, 0x07, 0x07, 0x19, 0x1A,
0x1C, 0x31, 0x0C, 0x0D, 0x0C, 0x06, 0x06, 0x06, 0x01, 0x02, 0x03, 0x04, 0x04, 0x08, 0x04, 0x05,
0x15, 0x0A, 0x1C, 0x1D, 0x26, 0x27, 0x2C, 0x2C, 0x2A, 0x55, 0x15, 0x16, 0x13, 0x15, 0x13, 0x13,
0x48, 0x24, 0x0F, 0x10, 0x0A, 0x08, 0x09, 0x09, 0x08, 0xFE, 0xEF, 0x13, 0x0F, 0x0F, 0x08, 0x0F,
0x02, 0x02, 0x0D, 0x07, 0x0B, 0x0C, 0x14, 0x1C, 0x04, 0x05, 0x04, 0x05, 0x19, 0x19, 0x07, 0x08,
0x0D, 0x13, 0x02, 0x02, 0x08, 0x09, 0x27, 0x14, 0x07, 0x08, 0x0B, 0x0C, 0x02, 0x02, 0x00, 0x00,
0x00, 0x01, 0x00, 0x00, 0xFF, 0xAC, 0x02, 0xE8, 0x03, 0xC0, 0x00, 0x7F, 0x00, 0x00, 0x05, 0x31,
0x26, 0x27, 0x26, 0x37, 0x31, 0x36, 0x37, 0x36, 0x35, 0x31, 0x26, 0x27, 0x26, 0x27, 0x31, 0x26,
0x37, 0x36, 0x33, 0x31, 0x32, 0x37, 0x36, 0x35, 0x31, 0x34, 0x27, 0x26, 0x27, 0x31, 0x26, 0x37,
0x36, 0x37, 0x31, 0x36, 0x37, 0x36, 0x33, 0x31, 0x32, 0x37, 0x36, 0x35, 0x31, 0x34, 0x37, 0x36,
0x33, 0x31, 0x32, 0x17, 0x16, 0x15, 0x31, 0x14, 0x17, 0x16, 0x17, 0x31, 0x17, 0x15, 0x14, 0x07,
0x06, 0x07, 0x31, 0x06, 0x07, 0x06, 0x27, 0x31, 0x22, 0x37, 0x36, 0x37, 0x31, 0x37, 0x11, 0x27,
0x26, 0x27, 0x26, 0x15, 0x31, 0x14, 0x17, 0x16, 0x17, 0x31, 0x16, 0x17, 0x16, 0x07, 0x31, 0x06,
0x07, 0x31, 0x06, 0x07, 0x06, 0x07, 0x31, 0x06, 0x15, 0x31, 0x14, 0x17, 0x16, 0x17, 0x31, 0x16,
0x17, 0x16, 0x07, 0x31, 0x06, 0x07, 0x31, 0x06, 0x07, 0x06, 0x23, 0x31, 0x22, 0x27, 0x01, 0xAA,
0x33, 0x0A, 0x0B, 0x1E, 0x10, 0x03, 0x03, 0x01, 0x02, 0x03, 0x10, 0x1F, 0x0D, 0x0E, 0x2A, 0x0E,
0x07, 0x07, 0x04, 0x04, 0x07, 0x11, 0x03, 0x04, 0x15, 0x0A, 0x17, 0x17, 0x16, 0x28, 0x07, 0x07,
0x03, 0x04, 0x07, 0x06, 0x04, 0x05, 0x1D, 0x1E, 0x26, 0x28, 0x02, 0x03, 0x0E, 0x08, 0x09, 0x09,
0x06, 0x05, 0x04, 0x04, 0x0C, 0x1A, 0x3A, 0x1D, 0x0F, 0x0F, 0x05, 0x06, 0x08, 0x13, 0x01, 0x02,
0x11, 0x07, 0x05, 0x05, 0x03, 0x03, 0x02, 0x01, 0x03, 0x04, 0x0E, 0x12, 0x01, 0x02, 0x10, 0x06,
0x1D, 0x1D, 0x23, 0x24, 0x21, 0x21, 0x0E, 0x51, 0x0D, 0x19, 0x1A, 0x28, 0x15, 0x24, 0x24, 0xAB,
0xAB, 0x22, 0x23, 0x11, 0x21, 0x29, 0x29, 0x0F, 0x10, 0x20, 0x0F, 0x0A, 0x0B, 0x03, 0x06, 0x0F,
0x10, 0x08, 0x04, 0x03, 0x03, 0x04, 0x04, 0x15, 0x0F, 0x07, 0x08, 0x05, 0x05, 0x07, 0x12, 0x3D,
0x3D, 0x3E, 0x42, 0xCD, 0x91, 0x20, 0x20, 0x07, 0x04, 0x03, 0x03, 0x01, 0x03, 0x03, 0x04, 0x0A,
0x01, 0x8C, 0x3A, 0x1D, 0x0A, 0x0B, 0x08, 0x07, 0x08, 0x08, 0x04, 0x0A, 0x21, 0x22, 0x19, 0x0A,
0x1C, 0x1B, 0x2C, 0x2D, 0x3D, 0x3D, 0x4D, 0x5C, 0x1B, 0x1B, 0x12, 0x18, 0x1E, 0x1E, 0x0D, 0x05,
0x04, 0x04, 0x02, 0x02, 0x03, 0x00, 0x00, 0x00, 0x00, 0x06, 0x00, 0x00, 0xFF, 0xC0, 0x0B, 0x9A,
0x03, 0xC0, 0x02, 0x29, 0x02, 0x4D, 0x02, 0x54, 0x02, 0x6E, 0x02, 0x82, 0x02, 0xB0, 0x00, 0x00,
0x01, 0x31, 0x35, 0x1F, 0x01, 0x16, 0x17, 0x16, 0x35, 0x31, 0x34, 0x37, 0x36, 0x33, 0x31, 0x32,
0x17, 0x16, 0x17, 0x31, 0x16, 0x17, 0x16, 0x17, 0x31, 0x16, 0x37, 0x36, 0x37, 0x31, 0x3F, 0x01,
0x17, 0x16, 0x15, 0x06, 0x07, 0x31, 0x07, 0x2F, 0x01, 0x26, 0x27, 0x26, 0x23, 0x31, 0x22, 0x07,
0x06, 0x15, 0x31, 0x14, 0x07, 0x06, 0x23, 0x31, 0x22, 0x07, 0x06, 0x15, 0x31, 0x15, 0x33, 0x16,
0x33, 0x31, 0x32, 0x33, 0x16, 0x17, 0x31, 0x16, 0x17, 0x31, 0x05, 0x35, 0x33, 0x32, 0x17, 0x16,
0x17, 0x31, 0x16, 0x17, 0x16, 0x33, 0x31, 0x32, 0x37, 0x36, 0x37, 0x31, 0x36, 0x33, 0x32, 0x17,
0x31, 0x16, 0x17, 0x31, 0x16, 0x33, 0x32, 0x37, 0x31, 0x36, 0x37, 0x31, 0x36, 0x37, 0x36, 0x17,
0x31, 0x16, 0x33, 0x32, 0x37, 0x31, 0x36, 0x37, 0x36, 0x33, 0x31, 0x32, 0x17, 0x16, 0x17, 0x31,
0x16, 0x07, 0x06, 0x23, 0x31, 0x22, 0x07, 0x06, 0x15, 0x31, 0x14, 0x17, 0x16, 0x33, 0x31, 0x32,
0x17, 0x16, 0x07, 0x31, 0x06, 0x07, 0x06, 0x23, 0x31, 0x22, 0x27, 0x26, 0x27, 0x31, 0x26, 0x23,
0x22, 0x15, 0x31, 0x14, 0x07, 0x06, 0x23, 0x31, 0x22, 0x27, 0x26, 0x35, 0x31, 0x34, 0x27, 0x31,
0x26, 0x23, 0x22, 0x07, 0x31, 0x06, 0x07, 0x31, 0x06, 0x23, 0x22, 0x35, 0x31, 0x34, 0x27, 0x26,
0x23, 0x31, 0x22, 0x07, 0x06, 0x07, 0x31, 0x06, 0x07, 0x06, 0x23, 0x31, 0x23, 0x17, 0x23, 0x35,
0x34, 0x27, 0x26, 0x23, 0x31, 0x22, 0x07, 0x31, 0x22, 0x07, 0x06, 0x07, 0x31, 0x06, 0x07, 0x31,
0x06, 0x07, 0x31, 0x06, 0x07, 0x06, 0x07, 0x31, 0x06, 0x23, 0x31, 0x23, 0x07, 0x06, 0x17, 0x16,
0x17, 0x31, 0x16, 0x17, 0x16, 0x07, 0x31, 0x06, 0x07, 0x31, 0x06, 0x07, 0x06, 0x07, 0x31, 0x06,
0x27, 0x31, 0x26, 0x27, 0x26, 0x27, 0x31, 0x26, 0x27, 0x26, 0x23, 0x31, 0x22, 0x07, 0x06, 0x07,
0x31, 0x06, 0x07, 0x06, 0x23, 0x31, 0x22, 0x27, 0x26, 0x37, 0x31, 0x36, 0x27, 0x26, 0x23, 0x31,
0x23, 0x07, 0x06, 0x07, 0x06, 0x23, 0x31, 0x2F, 0x01, 0x26, 0x27, 0x26, 0x07, 0x31, 0x06, 0x07,
0x06, 0x07, 0x31, 0x06, 0x07, 0x06, 0x07, 0x31, 0x06, 0x07, 0x06, 0x07, 0x31, 0x06, 0x07, 0x06,
0x07, 0x31, 0x06, 0x07, 0x06, 0x07, 0x31, 0x06, 0x07, 0x06, 0x27, 0x31, 0x26, 0x27, 0x26, 0x27,
0x31, 0x27, 0x37, 0x36, 0x37, 0x36, 0x37, 0x31, 0x36, 0x37, 0x36, 0x27, 0x31, 0x26, 0x27, 0x26,
0x27, 0x31, 0x26, 0x27, 0x26, 0x37, 0x31, 0x36, 0x27, 0x26, 0x23, 0x31, 0x22, 0x07, 0x06, 0x07,
0x31, 0x06, 0x07, 0x31, 0x06, 0x07, 0x06, 0x07, 0x31, 0x06, 0x07, 0x31, 0x06, 0x07, 0x06, 0x23,
0x31, 0x22, 0x27, 0x26, 0x27, 0x31, 0x26, 0x35, 0x26, 0x35, 0x31, 0x36, 0x27, 0x26, 0x27, 0x31,
0x26, 0x27, 0x26, 0x37, 0x31, 0x36, 0x37, 0x36, 0x37, 0x31, 0x36, 0x37, 0x36, 0x33, 0x31, 0x32,
0x37, 0x36, 0x37, 0x31, 0x36, 0x37, 0x36, 0x37, 0x31, 0x37, 0x21, 0x17, 0x16, 0x17, 0x16, 0x37,
0x31, 0x36, 0x37, 0x36, 0x37, 0x31, 0x36, 0x37, 0x36, 0x37, 0x31, 0x36, 0x37, 0x36, 0x37, 0x31,
0x3F, 0x01, 0x36, 0x37, 0x36, 0x33, 0x31, 0x32, 0x37, 0x36, 0x37, 0x31, 0x36, 0x33, 0x32, 0x17,
0x31, 0x16, 0x17, 0x16, 0x17, 0x31, 0x16, 0x15, 0x16, 0x07, 0x31, 0x06, 0x17, 0x16, 0x33, 0x31,
0x32, 0x37, 0x36, 0x37, 0x31, 0x34, 0x35, 0x26, 0x23, 0x31, 0x22, 0x07, 0x06, 0x07, 0x31, 0x06,
0x07, 0x06, 0x07, 0x31, 0x06, 0x07, 0x06, 0x07, 0x31, 0x06, 0x27, 0x26, 0x37, 0x31, 0x36, 0x37,
0x36, 0x17, 0x31, 0x16, 0x17, 0x16, 0x17, 0x31, 0x16, 0x17, 0x16, 0x17, 0x31, 0x16, 0x33, 0x36,
0x35, 0x31, 0x34, 0x37, 0x36, 0x17, 0x31, 0x16, 0x17, 0x16, 0x17, 0x31, 0x16, 0x17, 0x16, 0x33,
0x31, 0x32, 0x37, 0x36, 0x37, 0x31, 0x36, 0x37, 0x36, 0x35, 0x07, 0x31, 0x14, 0x17, 0x16, 0x33,
0x31, 0x32, 0x37, 0x36, 0x35, 0x31, 0x34, 0x37, 0x36, 0x33, 0x31, 0x32, 0x17, 0x16, 0x15, 0x31,
0x14, 0x37, 0x36, 0x37, 0x31, 0x36, 0x27, 0x26, 0x23, 0x31, 0x22, 0x07, 0x06, 0x15, 0x15, 0x31,
0x15, 0x33, 0x2F, 0x02, 0x17, 0x31, 0x06, 0x07, 0x06, 0x15, 0x31, 0x14, 0x17, 0x16, 0x33, 0x31,
0x32, 0x37, 0x36, 0x35, 0x31, 0x34, 0x35, 0x34, 0x37, 0x31, 0x36, 0x27, 0x26, 0x07, 0x17, 0x31,
0x14, 0x17, 0x16, 0x33, 0x31, 0x32, 0x37, 0x36, 0x35, 0x31, 0x34, 0x27, 0x26, 0x23, 0x31, 0x22,
0x07, 0x06, 0x03, 0x31, 0x07, 0x17, 0x33, 0x32, 0x37, 0x36, 0x37, 0x31, 0x36, 0x37, 0x36, 0x35,
0x31, 0x34, 0x27, 0x26, 0x23, 0x31, 0x23, 0x07, 0x06, 0x15, 0x06, 0x17, 0x31, 0x16, 0x15, 0x14,
0x23, 0x31, 0x22, 0x27, 0x26, 0x37, 0x31, 0x36, 0x27, 0x26, 0x23, 0x31, 0x22, 0x07, 0x06, 0x07,
0x04, 0xCB, 0x30, 0x02, 0x02, 0x0F, 0x10, 0x03, 0x03, 0x0C, 0x0C, 0x03, 0x04, 0x01, 0x01, 0x06,
0x06, 0x1C, 0x1B, 0x0C, 0x0D, 0x1F, 0x2C, 0xEF, 0x01, 0x01, 0x01, 0x01, 0x02, 0xF2, 0x27, 0x19,
0x0D, 0x0D, 0x18, 0x16, 0x07, 0x07, 0x04, 0x04, 0x09, 0x1A, 0x14, 0x14, 0xB0, 0x48, 0x36, 0x37,
0x4A, 0x4A, 0x70, 0x70, 0xBB, 0x01, 0x4E, 0x12, 0x13, 0x05, 0x05, 0x02, 0x02, 0x01, 0x02, 0x04,
0x03, 0x02, 0x03, 0x01, 0x03, 0x0A, 0x0B, 0x03, 0x01, 0x1B, 0x1C, 0x20, 0x20, 0x1B, 0x1C, 0x01,
0x02, 0x08, 0x09, 0x04, 0x02, 0x0B, 0x0C, 0x02, 0x02, 0x10, 0x11, 0x19, 0x24, 0x0B, 0x0B, 0x02,
0x03, 0x01, 0x01, 0x05, 0x03, 0x02, 0x02, 0x02, 0x02, 0x03, 0x05, 0x01, 0x01, 0x03, 0x02, 0x0B,
0x0B, 0x24, 0x19, 0x10, 0x11, 0x02, 0x02, 0x0E, 0x0E, 0x02, 0x03, 0x04, 0x04, 0x02, 0x03, 0x1B,
0x1C, 0x20, 0x21, 0x1C, 0x1C, 0x02, 0x03, 0x0B, 0x0B, 0x02, 0x03, 0x04, 0x04, 0x03, 0x04, 0x01,
0x01, 0x07, 0x07, 0x09, 0x15, 0x06, 0x3C, 0x01, 0x01, 0x01, 0x01, 0x19, 0x18, 0x29, 0x2A, 0x37,
0x38, 0x3E, 0x3E, 0x42, 0x42, 0x3B, 0x3C, 0x31, 0x31, 0x1C, 0x89, 0x03, 0x02, 0x01, 0x02, 0x04,
0x03, 0x01, 0x02, 0x02, 0x02, 0x1F, 0x1F, 0x24, 0x25, 0x1F, 0x1E, 0x02, 0x01, 0x02, 0x03, 0x02,
0x05, 0x03, 0x04, 0x0B, 0x08, 0x02, 0x03, 0x04, 0x02, 0x02, 0x02, 0x02, 0x02, 0x01, 0x01, 0x01,
0x07, 0x01, 0x01, 0x0E, 0x12, 0x0D, 0x0E, 0x0E, 0x0E, 0x32, 0x34, 0x1B, 0x0B, 0x09, 0x09, 0x01,
0x02, 0x03, 0x03, 0x03, 0x04, 0x04, 0x04, 0x02, 0x03, 0x03, 0x03, 0x01, 0x01, 0x04, 0x05, 0x05,
0x05, 0x04, 0x05, 0x01, 0x02, 0x03, 0x04, 0x0E, 0x0F, 0x1F, 0x20, 0x15, 0x0C, 0x10, 0x06, 0x0C,
0x0D, 0x0B, 0x18, 0x07, 0x07, 0x0A, 0x03, 0x06, 0x06, 0x05, 0x05, 0x02, 0x03, 0x02, 0x01, 0x0E,
0x0E, 0x35, 0x29, 0x1D, 0x1D, 0x0F, 0x0A, 0x2D, 0x2D, 0x44, 0x45, 0x57, 0x56, 0x5B, 0x18, 0x0E,
0x0E, 0x1E, 0x18, 0x0B, 0x0C, 0x02, 0x02, 0x01, 0x01, 0x02, 0x02, 0x08, 0x06, 0x02, 0x02, 0x02,
0x03, 0x07, 0x08, 0x27, 0x16, 0x15, 0x15, 0x08, 0x08, 0x06, 0x06, 0x01, 0x01, 0x06, 0x07, 0x09,
0x16, 0x01, 0x35, 0x1A, 0x12, 0x08, 0x08, 0x11, 0x10, 0x0B, 0x0B, 0x18, 0x0F, 0x0E, 0x0F, 0x05,
0x06, 0x16, 0x16, 0x19, 0x3F, 0x01, 0x01, 0x07, 0x08, 0x0F, 0x07, 0x04, 0x05, 0x01, 0x01, 0x04,
0x05, 0x08, 0x06, 0x07, 0x07, 0x04, 0x05, 0x01, 0x03, 0x03, 0x03, 0x04, 0x06, 0x01, 0x01, 0x01,
0x01, 0x01, 0x01, 0x02, 0x07, 0x08, 0x0A, 0x0C, 0x1E, 0x1E, 0x33, 0x41, 0x36, 0x37, 0x16, 0x09,
0x04, 0x04, 0x02, 0x02, 0x03, 0x04, 0x0D, 0x08, 0x1D, 0x1E, 0x51, 0x4A, 0x23, 0x24, 0x0B, 0x15,
0x08, 0x08, 0x03, 0x04, 0x0D, 0x0C, 0x04, 0x04, 0x01, 0x01, 0x08, 0x08, 0x29, 0x2A, 0x09, 0x0A,
0x08, 0x07, 0x02, 0x03, 0x8A, 0x04, 0x05, 0x0B, 0x09, 0x06, 0x06, 0x07, 0x08, 0x0A, 0x0B, 0x07,
0x08, 0x2B, 0x2C, 0x0A, 0x07, 0x0E, 0x0F, 0x43, 0x41, 0x11, 0x12, 0x3C, 0x01, 0x02, 0x39, 0x56,
0x01, 0x01, 0x01, 0x02, 0x02, 0x07, 0x07, 0x02, 0x03, 0x01, 0x01, 0x09, 0x0A, 0x03, 0x34, 0x01,
0x02, 0x02, 0x01, 0x01, 0x02, 0x01, 0x02, 0x01, 0x02, 0x01, 0x02, 0x6C, 0x10, 0x36, 0x35, 0x21,
0x0B, 0x0B, 0x05, 0x05, 0x0D, 0x0D, 0x10, 0x10, 0x17, 0x36, 0x08, 0x07, 0x01, 0x07, 0x05, 0x04,
0x0C, 0x0D, 0x0D, 0x05, 0x02, 0x01, 0x02, 0x05, 0x04, 0x07, 0x07, 0x08, 0x02, 0xE4, 0x12, 0x03,
0x12, 0x16, 0x0D, 0x0D, 0x14, 0x08, 0x02, 0x02, 0x02, 0x02, 0x07, 0x07, 0x01, 0x02, 0x01, 0x01,
0x02, 0x03, 0x0D, 0x12, 0x01, 0x38, 0x18, 0x15, 0x15, 0x05, 0x0E, 0x05, 0x11, 0x0B, 0x03, 0x03,
0x01, 0x02, 0x04, 0x04, 0x01, 0x02, 0x13, 0x13, 0x19, 0x0B, 0x01, 0x01, 0x01, 0x01, 0x02, 0x03,
0x53, 0x0E, 0x0F, 0x3C, 0x25, 0x0D, 0x0D, 0x02, 0x02, 0x03, 0x07, 0x07, 0x04, 0x02, 0x02, 0x02,
0x02, 0x04, 0x06, 0x01, 0x01, 0x06, 0x04, 0x04, 0x02, 0x01, 0x02, 0x01, 0x02, 0x04, 0x0A, 0x05,
0x06, 0x01, 0x02, 0x01, 0x02, 0x01, 0x02, 0x05, 0x06, 0x09, 0x05, 0x01, 0x02, 0x01, 0x02, 0x02,
0x04, 0x04, 0x02, 0x01, 0x02, 0x01, 0x02, 0x02, 0x02, 0x01, 0x02, 0x02, 0x01, 0x02, 0x05, 0x05,
0x02, 0x01, 0x02, 0x01, 0x02, 0x02, 0x02, 0x01, 0x02, 0x37, 0x15, 0x08, 0x06, 0x06, 0x01, 0x02,
0x02, 0x02, 0x02, 0x02, 0x03, 0x02, 0x02, 0x01, 0x02, 0x01, 0x01, 0x16, 0x09, 0x30, 0x31, 0x3C,
0x41, 0x28, 0x29, 0x02, 0x02, 0x05, 0x06, 0x05, 0x06, 0x04, 0x04, 0x02, 0x01, 0x21, 0x22, 0x2E,
0x6C, 0x17, 0x17, 0x04, 0x04, 0x13, 0x06, 0x03, 0x04, 0x02, 0x03, 0x03, 0x19, 0x04, 0x05, 0x28,
0x29, 0x08, 0x09, 0x01, 0x12, 0x07, 0x05, 0x05, 0x01, 0x01, 0x08, 0x08, 0x0B, 0x0B, 0x0B, 0x0C,
0x05, 0x04, 0x09, 0x09, 0x08, 0x07, 0x0B, 0x0B, 0x07, 0x08, 0x09, 0x0A, 0x06, 0x0A, 0x01, 0x02,
0x01, 0x01, 0x0F, 0x10, 0x11, 0x09, 0x26, 0x0F, 0x15, 0x16, 0x0E, 0x21, 0x1A, 0x1A, 0x12, 0x06,
0x06, 0x06, 0x02, 0x02, 0x03, 0x04, 0x03, 0x04, 0x01, 0x02, 0x02, 0x02, 0x03, 0x02, 0x10, 0x11,
0x1A, 0x1A, 0x22, 0x22, 0x24, 0x0A, 0x02, 0x02, 0x01, 0x01, 0x03, 0x03, 0x14, 0x14, 0x1B, 0x26,
0x1B, 0x1C, 0x2D, 0x27, 0x15, 0x15, 0x07, 0x0B, 0x02, 0x03, 0x06, 0x03, 0x02, 0x03, 0x01, 0x02,
0x01, 0x02, 0x04, 0x05, 0x05, 0x0D, 0x11, 0x0B, 0x02, 0x03, 0x02, 0x02, 0x05, 0x06, 0x13, 0x0C,
0x09, 0x0A, 0x02, 0x02, 0x02, 0x02, 0x01, 0x03, 0x12, 0x10, 0x07, 0x07, 0x01, 0x02, 0x02, 0x02,
0x04, 0x02, 0x03, 0x03, 0x01, 0x02, 0x02, 0x03, 0x08, 0x08, 0x0B, 0x0B, 0x0D, 0x0D, 0x12, 0x12,
0x0D, 0x0D, 0x02, 0x02, 0x03, 0x03, 0x02, 0x03, 0x01, 0x01, 0x03, 0x04, 0x04, 0x02, 0x13, 0x14,
0x28, 0x27, 0x06, 0x07, 0x07, 0x04, 0x02, 0x02, 0x01, 0x01, 0x02, 0x03, 0x03, 0x07, 0x01, 0x09,
0x06, 0x01, 0x02, 0x01, 0x01, 0x02, 0x02, 0x07, 0x08, 0x01, 0x01, 0x01, 0x02, 0x08, 0x07, 0x06,
0x07, 0x0B, 0x72, 0x04, 0x01, 0x02, 0x01, 0x02, 0x02, 0x02, 0x01, 0x01, 0x01, 0x01, 0x02, 0x06,
0x01, 0x01, 0x06, 0x05, 0x01, 0x01, 0x01, 0x01, 0x05, 0x3E, 0x13, 0x12, 0x11, 0x03, 0x04, 0x01,
0x05, 0x06, 0x06, 0x0A, 0x03, 0x03, 0x03, 0x03, 0x08, 0x06, 0x05, 0x05, 0x02, 0x03, 0x01, 0x02,
0x04, 0x0F, 0x08, 0x05, 0x06, 0x05, 0x06, 0x08, 0x08, 0x05, 0x05, 0x05, 0x05, 0xFE, 0xC5, 0x19,
0x25, 0x01, 0x02, 0x05, 0x06, 0x1F, 0x20, 0x06, 0x02, 0x01, 0x02, 0x0E, 0x0C, 0x0F, 0x0F, 0x0E,
0x08, 0x03, 0x03, 0x1D, 0x1D, 0x11, 0x05, 0x02, 0x02, 0x07, 0x07, 0x0C, 0x00, 0x08, 0x00, 0x00,
0xFF, 0xC0, 0x0A, 0x48, 0x03, 0xC0, 0x02, 0x02, 0x02, 0x26, 0x02, 0x33, 0x02, 0x47, 0x02, 0x57,
0x02, 0x67, 0x02, 0x9F, 0x02, 0xB4, 0x00, 0x00, 0x01, 0x31, 0x36, 0x37, 0x36, 0x33, 0x31, 0x36,
0x17, 0x16, 0x17, 0x31, 0x16, 0x17, 0x16, 0x17, 0x31, 0x1F, 0x01, 0x16, 0x37, 0x36, 0x37, 0x31,
0x36, 0x37, 0x36, 0x17, 0x31, 0x16, 0x17, 0x16, 0x33, 0x31, 0x33, 0x17, 0x16, 0x15, 0x14, 0x07,
0x31, 0x07, 0x23, 0x22, 0x07, 0x06, 0x07, 0x31, 0x06, 0x23, 0x06, 0x35, 0x31, 0x34, 0x27, 0x26,
0x27, 0x31, 0x26, 0x23, 0x26, 0x07, 0x31, 0x0F, 0x01, 0x06, 0x07, 0x06, 0x07, 0x31, 0x06, 0x07,
0x06, 0x23, 0x31, 0x06, 0x27, 0x26, 0x35, 0x31, 0x35, 0x0F, 0x01, 0x06, 0x07, 0x06, 0x23, 0x31,
0x22, 0x27, 0x26, 0x27, 0x31, 0x27, 0x23, 0x22, 0x07, 0x06, 0x07, 0x31, 0x06, 0x07, 0x06, 0x07,
0x31, 0x06, 0x07, 0x06, 0x35, 0x31, 0x34, 0x27, 0x26, 0x07, 0x31, 0x06, 0x07, 0x06, 0x07, 0x31,
0x07, 0x17, 0x16, 0x17, 0x31, 0x16, 0x17, 0x16, 0x17, 0x31, 0x16, 0x17, 0x31, 0x16, 0x17, 0x16,
0x15, 0x31, 0x14, 0x07, 0x31, 0x06, 0x07, 0x06, 0x07, 0x31, 0x06, 0x23, 0x31, 0x06, 0x27, 0x26,
0x27, 0x31, 0x26, 0x27, 0x26, 0x27, 0x31, 0x27, 0x07, 0x06, 0x07, 0x06, 0x07, 0x31, 0x06, 0x23,
0x22, 0x35, 0x31, 0x34, 0x27, 0x26, 0x07, 0x31, 0x06, 0x07, 0x06, 0x07, 0x31, 0x0F, 0x01, 0x06,
0x07, 0x06, 0x07, 0x31, 0x06, 0x07, 0x06, 0x07, 0x31, 0x06, 0x07, 0x06, 0x17, 0x31, 0x17, 0x23,
0x22, 0x27, 0x26, 0x27, 0x31, 0x27, 0x37, 0x36, 0x37, 0x36, 0x37, 0x31, 0x36, 0x37, 0x36, 0x27,
0x31, 0x26, 0x27, 0x26, 0x27, 0x31, 0x26, 0x27, 0x26, 0x27, 0x31, 0x26, 0x27, 0x26, 0x23, 0x31,
0x22, 0x07, 0x06, 0x15, 0x31, 0x14, 0x07, 0x06, 0x23, 0x31, 0x22, 0x07, 0x06, 0x07, 0x31, 0x06,
0x07, 0x06, 0x23, 0x31, 0x0F, 0x01, 0x27, 0x26, 0x27, 0x26, 0x27, 0x31, 0x27, 0x07, 0x06, 0x07,
0x06, 0x07, 0x31, 0x06, 0x23, 0x06, 0x27, 0x31, 0x26, 0x27, 0x31, 0x26, 0x27, 0x26, 0x27, 0x31,
0x26, 0x37, 0x31, 0x36, 0x37, 0x36, 0x37, 0x31, 0x36, 0x17, 0x16, 0x17, 0x31, 0x16, 0x17, 0x16,
0x33, 0x31, 0x32, 0x17, 0x16, 0x17, 0x31, 0x16, 0x37, 0x36, 0x27, 0x31, 0x26, 0x37, 0x36, 0x37,
0x31, 0x36, 0x37, 0x36, 0x35, 0x31, 0x36, 0x37, 0x36, 0x33, 0x31, 0x32, 0x37, 0x36, 0x37, 0x31,
0x36, 0x37, 0x36, 0x33, 0x31, 0x32, 0x17, 0x16, 0x17, 0x31, 0x16, 0x17, 0x16, 0x37, 0x31, 0x36,
0x37, 0x31, 0x36, 0x33, 0x32, 0x17, 0x31, 0x16, 0x17, 0x31, 0x16, 0x33, 0x32, 0x35, 0x31, 0x34,
0x37, 0x36, 0x33, 0x31, 0x32, 0x17, 0x16, 0x15, 0x31, 0x14, 0x31, 0x32, 0x37, 0x31, 0x36, 0x33,
0x32, 0x15, 0x31, 0x16, 0x31, 0x32, 0x37, 0x31, 0x36, 0x37, 0x36, 0x33, 0x31, 0x32, 0x17, 0x16,
0x15, 0x31, 0x14, 0x17, 0x16, 0x33, 0x31, 0x32, 0x37, 0x36, 0x35, 0x31, 0x34, 0x37, 0x36, 0x17,
0x31, 0x16, 0x33, 0x32, 0x35, 0x31, 0x34, 0x37, 0x36, 0x33, 0x31, 0x32, 0x17, 0x16, 0x15, 0x31,
0x14, 0x17, 0x16, 0x33, 0x31, 0x32, 0x37, 0x36, 0x35, 0x31, 0x34, 0x37, 0x36, 0x33, 0x31, 0x32,
0x17, 0x16, 0x15, 0x31, 0x14, 0x33, 0x32, 0x37, 0x31, 0x36, 0x33, 0x32, 0x17, 0x31, 0x16, 0x33,
0x32, 0x37, 0x31, 0x36, 0x33, 0x32, 0x17, 0x31, 0x16, 0x33, 0x32, 0x37, 0x31, 0x36, 0x33, 0x32,
0x17, 0x31, 0x16, 0x17, 0x16, 0x33, 0x31, 0x32, 0x37, 0x36, 0x37, 0x31, 0x36, 0x33, 0x32, 0x17,
0x31, 0x16, 0x17, 0x16, 0x33, 0x31, 0x32, 0x17, 0x16, 0x15, 0x31, 0x14, 0x17, 0x16, 0x17, 0x31,
0x16, 0x33, 0x36, 0x37, 0x31, 0x3F, 0x01, 0x36, 0x37, 0x36, 0x37, 0x17, 0x31, 0x06, 0x17, 0x16,
0x33, 0x31, 0x32, 0x37, 0x36, 0x35, 0x31, 0x34, 0x33, 0x36, 0x17, 0x31, 0x16, 0x33, 0x36, 0x35,
0x31, 0x34, 0x27, 0x26, 0x23, 0x31, 0x22, 0x27, 0x26, 0x35, 0x31, 0x34, 0x23, 0x22, 0x07, 0x17,
0x31, 0x14, 0x17, 0x16, 0x17, 0x31, 0x16, 0x35, 0x36, 0x27, 0x31, 0x27, 0x05, 0x31, 0x15, 0x33,
0x32, 0x37, 0x36, 0x37, 0x31, 0x36, 0x37, 0x36, 0x35, 0x31, 0x34, 0x27, 0x26, 0x23, 0x31, 0x23,
0x05, 0x31, 0x16, 0x33, 0x32, 0x37, 0x31, 0x36, 0x23, 0x26, 0x23, 0x31, 0x22, 0x23, 0x06, 0x17,
0x15, 0x31, 0x32, 0x33, 0x32, 0x33, 0x31, 0x36, 0x23, 0x26, 0x23, 0x31, 0x22, 0x23, 0x06, 0x17,
0x05, 0x31, 0x06, 0x07, 0x06, 0x15, 0x31, 0x14, 0x17, 0x16, 0x17, 0x31, 0x16, 0x33, 0x16, 0x37,
0x31, 0x36, 0x37, 0x36, 0x35, 0x31, 0x34, 0x27, 0x26, 0x27, 0x31, 0x26, 0x23, 0x26, 0x07, 0x31,
0x06, 0x15, 0x16, 0x17, 0x31, 0x16, 0x15, 0x06, 0x23, 0x31, 0x22, 0x27, 0x26, 0x27, 0x31, 0x26,
0x27, 0x26, 0x23, 0x31, 0x22, 0x07, 0x06, 0x07, 0x17, 0x31, 0x06, 0x07, 0x06, 0x15, 0x31, 0x14,
0x17, 0x16, 0x37, 0x31, 0x36, 0x37, 0x36, 0x27, 0x31, 0x26, 0x23, 0x22, 0x07, 0x08, 0x79, 0x02,
0x06, 0x07, 0x06, 0x0D, 0x07, 0x07, 0x08, 0x03, 0x05, 0x05, 0x04, 0x0A, 0x2A, 0x3A, 0x33, 0x33,
0x07, 0x08, 0x0F, 0x0F, 0x03, 0x02, 0x12, 0x12, 0x1B, 0x3D, 0x03, 0x01, 0x01, 0x03, 0x3D, 0x1B,
0x12, 0x12, 0x02, 0x02, 0x10, 0x10, 0x04, 0x04, 0x06, 0x09, 0x1E, 0x1F, 0x58, 0x8F, 0x01, 0x01,
0x01, 0x02, 0x02, 0x04, 0x11, 0x11, 0x06, 0x01, 0x01, 0x01, 0x96, 0x01, 0x02, 0x03, 0x03, 0x08,
0x04, 0x03, 0x03, 0x02, 0x02, 0xCA, 0x6A, 0x33, 0x33, 0x06, 0x06, 0x03, 0x03, 0x01, 0x02, 0x08,
0x08, 0x02, 0x02, 0x0B, 0x06, 0x0A, 0x0A, 0x09, 0x14, 0x03, 0x02, 0x06, 0x07, 0x0B, 0x0B, 0x0F,
0x0F, 0x12, 0x06, 0x04, 0x05, 0x17, 0x18, 0x1C, 0x1C, 0x18, 0x19, 0x02, 0x04, 0x0B, 0x0C, 0x19,
0x15, 0x0E, 0x0E, 0x03, 0x03, 0x15, 0x08, 0x08, 0x08, 0x02, 0x03, 0x01, 0x02, 0x02, 0x02, 0x02,
0x03, 0x21, 0x22, 0x2C, 0x6B, 0x0E, 0x06, 0x05, 0x05, 0x02, 0x01, 0x07, 0x07, 0x07, 0x0C, 0x03,
0x03, 0x02, 0x03, 0x1B, 0x18, 0x1E, 0x1F, 0x17, 0x16, 0x0A, 0x07, 0x08, 0x09, 0x1A, 0x1F, 0x05,
0x05, 0x07, 0x01, 0x0A, 0x0B, 0x0D, 0x13, 0x08, 0x08, 0x01, 0x01, 0x0B, 0x0B, 0x2D, 0x1F, 0x12,
0x12, 0x02, 0x02, 0x02, 0x03, 0x13, 0x14, 0x18, 0x32, 0x14, 0x14, 0x18, 0x17, 0x7F, 0x0B, 0x04,
0x07, 0x08, 0x05, 0x0F, 0x25, 0x0F, 0x0B, 0x0C, 0x01, 0x03, 0x0D, 0x0E, 0x03, 0x03, 0x03, 0x04,
0x03, 0x03, 0x02, 0x01, 0x01, 0x03, 0x02, 0x03, 0x0B, 0x08, 0x04, 0x04, 0x02, 0x01, 0x2C, 0x2D,
0x92, 0x9B, 0x28, 0x29, 0x01, 0x03, 0x44, 0x45, 0x02, 0x01, 0x01, 0x01, 0x02, 0x02, 0x02, 0x02,
0x02, 0x04, 0x05, 0x09, 0x0D, 0x16, 0x17, 0x02, 0x04, 0x07, 0x07, 0x0B, 0x0B, 0x07, 0x08, 0x07,
0x02, 0x02, 0x03, 0x02, 0x01, 0x28, 0x27, 0x2F, 0x2F, 0x28, 0x28, 0x01, 0x02, 0x01, 0x01, 0x02,
0x02, 0x03, 0x03, 0x02, 0x02, 0x01, 0x02, 0x02, 0x06, 0x07, 0x01, 0x01, 0x01, 0x01, 0x02, 0x02,
0x02, 0x05, 0x06, 0x07, 0x11, 0x12, 0x44, 0x5B, 0x29, 0x2A, 0x07, 0x08, 0x04, 0x05, 0x08, 0x09,
0x02, 0x02, 0x03, 0x03, 0x02, 0x02, 0x03, 0x04, 0x04, 0x05, 0x03, 0x04, 0x02, 0x02, 0x03, 0x03,
0x02, 0x02, 0x07, 0x08, 0x09, 0x05, 0x02, 0x03, 0x01, 0x02, 0x07, 0x07, 0x09, 0x06, 0x02, 0x03,
0x01, 0x02, 0x07, 0x07, 0x09, 0x06, 0x02, 0x03, 0x01, 0x01, 0x04, 0x04, 0x04, 0x04, 0x04, 0x04,
0x01, 0x01, 0x02, 0x03, 0x06, 0x04, 0x05, 0x06, 0x04, 0x04, 0x02, 0x03, 0x10, 0x10, 0x34, 0x23,
0x34, 0x35, 0x26, 0x5E, 0x0B, 0x05, 0x05, 0x05, 0x02, 0x06, 0x03, 0x01, 0x01, 0x05, 0x03, 0x02,
0x02, 0x02, 0x02, 0x03, 0x03, 0x02, 0x02, 0x01, 0x01, 0x02, 0x02, 0x01, 0x02, 0x06, 0x07, 0x03,
0x2C, 0x01, 0x02, 0x04, 0x09, 0x01, 0x08, 0x08, 0xFE, 0xEF, 0x41, 0x1B, 0x1C, 0x1D, 0x0D, 0x14,
0x05, 0x06, 0x0E, 0x0E, 0x45, 0x60, 0x02, 0x51, 0x08, 0x0C, 0x0C, 0x08, 0x08, 0x06, 0x06, 0x10,
0x10, 0x06, 0x06, 0x08, 0x08, 0x0C, 0x0C, 0x08, 0x08, 0x06, 0x06, 0x10, 0x10, 0x06, 0x06, 0x08,
0xF9, 0xEC, 0x0B, 0x02, 0x02, 0x01, 0x02, 0x06, 0x07, 0x3E, 0x3E, 0x09, 0x04, 0x01, 0x02, 0x01,
0x01, 0x02, 0x05, 0x24, 0x25, 0x05, 0x05, 0x01, 0x05, 0x03, 0x01, 0x04, 0x06, 0x05, 0x06, 0x03,
0x03, 0x04, 0x04, 0x04, 0x02, 0x05, 0x05, 0x06, 0xC3, 0x04, 0x04, 0x04, 0x03, 0x03, 0x04, 0x0B,
0x06, 0x07, 0x08, 0x06, 0x03, 0x03, 0x02, 0x03, 0x17, 0x01, 0x01, 0x01, 0x01, 0x0B, 0x0B, 0x20,
0x0A, 0x11, 0x11, 0x0D, 0x1F, 0x03, 0x04, 0x01, 0x01, 0x06, 0x05, 0x01, 0x01, 0x05, 0x02, 0x01,
0x01, 0x0F, 0x06, 0x09, 0x0A, 0x07, 0x12, 0x01, 0x02, 0x02, 0x04, 0x01, 0x04, 0x02, 0x02, 0x03,
0x03, 0x04, 0x01, 0x03, 0x04, 0x0A, 0x05, 0x04, 0x05, 0x02, 0x04, 0x06, 0x07, 0x01, 0x07, 0x08,
0x0B, 0x19, 0x02, 0x1C, 0x22, 0x0B, 0x0C, 0x03, 0x03, 0x07, 0x0E, 0x01, 0x01, 0x03, 0x02, 0x05,
0x05, 0x05, 0x0D, 0x01, 0x02, 0x0D, 0x09, 0x01, 0x02, 0x03, 0x01, 0x01, 0x02, 0x01, 0x03, 0x40,
0x2C, 0x2D, 0x2D, 0x2D, 0x2D, 0x2B, 0x2C, 0x28, 0x0D, 0x09, 0x0A, 0x01, 0x01, 0x0F, 0x0E, 0x10,
0x11, 0x0F, 0x0E, 0x01, 0x20, 0x21, 0x52, 0x45, 0x49, 0x49, 0x3A, 0x33, 0x02, 0x01, 0x01, 0x02,
0x02, 0x03, 0x03, 0x02, 0x01, 0x01, 0x01, 0x01, 0x02, 0x02, 0x01, 0x03, 0x11, 0x07, 0x0A, 0x0B,
0x07, 0x07, 0x15, 0x16, 0x16, 0x23, 0x0E, 0x0F, 0x0E, 0x16, 0x09, 0x0A, 0x0E, 0x0D, 0x2B, 0x1C,
0x12, 0x13, 0x2A, 0x32, 0x0E, 0x0F, 0x17, 0x02, 0x03, 0x04, 0x03, 0x03, 0x03, 0x03, 0x05, 0x06,
0x01, 0x01, 0x01, 0x01, 0x02, 0x02, 0x01, 0x02, 0x0B, 0x0B, 0x10, 0x20, 0x08, 0x09, 0x01, 0x7E,
0x09, 0x04, 0x06, 0x06, 0x06, 0x0D, 0x1A, 0x0A, 0x0A, 0x0B, 0x04, 0x09, 0x01, 0x09, 0x06, 0x31,
0x32, 0x3B, 0x3B, 0x34, 0x34, 0x0A, 0x13, 0x04, 0x04, 0x02, 0x02, 0x01, 0x01, 0x03, 0x04, 0x01,
0x01, 0x01, 0x02, 0x05, 0x07, 0x01, 0x01, 0x07, 0x03, 0x03, 0x03, 0x01, 0x01, 0x03, 0x04, 0x04,
0x0B, 0x04, 0x05, 0x16, 0x16, 0x10, 0x13, 0x09, 0x09, 0x06, 0x07, 0x10, 0x06, 0x02, 0x03, 0x02,
0x03, 0x01, 0x01, 0x02, 0x01, 0x03, 0x02, 0x03, 0x03, 0x01, 0x02, 0x01, 0x02, 0x03, 0x03, 0x03,
0x06, 0x06, 0x03, 0x03, 0x03, 0x01, 0x02, 0x07, 0x07, 0x06, 0x05, 0x01, 0x02, 0x03, 0x03, 0x06,
0x07, 0x05, 0x05, 0x05, 0x05, 0x04, 0x02, 0x01, 0x02, 0x01, 0x02, 0x02, 0x02, 0x01, 0x01, 0x01,
0x01, 0x02, 0x02, 0x01, 0x02, 0x01, 0x02, 0x02, 0x04, 0x06, 0x03, 0x03, 0x06, 0x06, 0x03, 0x03,
0x06, 0x06, 0x03, 0x03, 0x03, 0x01, 0x02, 0x01, 0x02, 0x03, 0x03, 0x03, 0x03, 0x01, 0x02, 0x02,
0x02, 0x03, 0x04, 0x01, 0x02, 0x01, 0x01, 0x01, 0x01, 0x02, 0x1C, 0x0B, 0x09, 0x09, 0x02, 0x16,
0x09, 0x06, 0x06, 0x01, 0x02, 0x03, 0x02, 0x01, 0x01, 0x01, 0x01, 0x02, 0x02, 0x01, 0x01, 0x02,
0x02, 0x03, 0x07, 0x07, 0x48, 0x0F, 0x06, 0x06, 0x02, 0x03, 0x04, 0x05, 0x16, 0x1B, 0x41, 0x0B,
0x01, 0x01, 0x01, 0x02, 0x02, 0x02, 0x05, 0x06, 0x01, 0x02, 0x1F, 0x01, 0x01, 0x01, 0x01, 0x01,
0x01, 0x2A, 0x01, 0x01, 0x01, 0x01, 0x55, 0x07, 0x05, 0x06, 0x13, 0x10, 0x06, 0x06, 0x03, 0x04,
0x01, 0x03, 0x02, 0x07, 0x08, 0x14, 0x0E, 0x0A, 0x0B, 0x02, 0x02, 0x01, 0x03, 0x03, 0x18, 0x19,
0x05, 0x04, 0x01, 0x01, 0x0A, 0x0A, 0x11, 0x0E, 0x09, 0x09, 0x03, 0x03, 0x04, 0x58, 0x0A, 0x11,
0x11, 0x04, 0x03, 0x01, 0x02, 0x01, 0x02, 0x15, 0x15, 0x08, 0x07, 0x06, 0x00, 0x02, 0x00, 0x00,
0xFF, 0xC0, 0x04, 0xE5, 0x03, 0xC0, 0x00, 0x7F, 0x00, 0xAF, 0x00, 0x00, 0x01, 0x31, 0x36, 0x33,
0x32, 0x17, 0x31, 0x16, 0x17, 0x16, 0x21, 0x31, 0x20, 0x37, 0x36, 0x37, 0x31, 0x36, 0x33, 0x36,
0x17, 0x31, 0x16, 0x17, 0x16, 0x17, 0x31, 0x16, 0x17, 0x16, 0x17, 0x31, 0x14, 0x07, 0x06, 0x07,
0x31, 0x06, 0x07, 0x06, 0x23, 0x31, 0x22, 0x07, 0x06, 0x07, 0x31, 0x06, 0x07, 0x06, 0x17, 0x31,
0x17, 0x27, 0x26, 0x07, 0x06, 0x15, 0x31, 0x14, 0x07, 0x06, 0x07, 0x31, 0x06, 0x07, 0x06, 0x07,
0x31, 0x14, 0x07, 0x06, 0x07, 0x31, 0x06, 0x27, 0x26, 0x27, 0x31, 0x26, 0x27, 0x26, 0x35, 0x31,
0x34, 0x27, 0x26, 0x07, 0x31, 0x06, 0x27, 0x26, 0x27, 0x31, 0x26, 0x37, 0x36, 0x37, 0x31, 0x36,
0x37, 0x36, 0x37, 0x31, 0x36, 0x27, 0x26, 0x27, 0x31, 0x26, 0x27, 0x26, 0x27, 0x31, 0x26, 0x35,
0x26, 0x37, 0x31, 0x36, 0x37, 0x36, 0x37, 0x31, 0x36, 0x37, 0x36, 0x37, 0x05, 0x31, 0x06, 0x17,
0x16, 0x17, 0x31, 0x16, 0x07, 0x06, 0x27, 0x31, 0x26, 0x27, 0x26, 0x27, 0x31, 0x27, 0x07, 0x06,
0x15, 0x06, 0x17, 0x31, 0x16, 0x17, 0x16, 0x37, 0x31, 0x36, 0x37, 0x36, 0x37, 0x31, 0x36, 0x37,
0x36, 0x27, 0x31, 0x26, 0x27, 0x26, 0x23, 0x31, 0x22, 0x07, 0x06, 0x07, 0x01, 0x0E, 0x05, 0x0C,
0x0C, 0x03, 0x02, 0x4D, 0x4D, 0x01, 0x23, 0x01, 0x34, 0x44, 0x45, 0x04, 0x04, 0x03, 0x03, 0x07,
0x04, 0x07, 0x07, 0x06, 0x09, 0x02, 0x02, 0x01, 0x01, 0x02, 0x03, 0x03, 0x22, 0x22, 0x53, 0x7B,
0x1F, 0x1F, 0x0F, 0x0A, 0x01, 0x02, 0x02, 0x03, 0x89, 0x7B, 0x13, 0x13, 0x02, 0x02, 0x05, 0x0A,
0x04, 0x04, 0x01, 0x01, 0x02, 0x02, 0x03, 0x0C, 0x0D, 0x1C, 0x7B, 0x22, 0x23, 0x03, 0x03, 0x06,
0x0C, 0x13, 0x14, 0x03, 0x04, 0x0F, 0x10, 0x17, 0x14, 0x10, 0x11, 0x04, 0x06, 0x17, 0x18, 0x23,
0x0B, 0x09, 0x09, 0x03, 0x03, 0x01, 0x02, 0x02, 0x02, 0x03, 0x09, 0x05, 0x05, 0x05, 0x02, 0x01,
0xA7, 0x0F, 0x04, 0x04, 0x14, 0x13, 0x03, 0x03, 0x16, 0x10, 0x0C, 0x0C, 0x0F, 0x0A, 0x05, 0x01,
0x01, 0x02, 0x05, 0x18, 0x18, 0x41, 0x33, 0x0A, 0x0B, 0x0E, 0x12, 0x01, 0x01, 0x10, 0x0A, 0x0C,
0x0C, 0x26, 0x29, 0x09, 0x0A, 0x0A, 0x02, 0xB6, 0x08, 0x09, 0x06, 0x01, 0x02, 0x01, 0x02, 0x07,
0x07, 0x01, 0x06, 0x03, 0x05, 0x05, 0x02, 0x05, 0x0D, 0x0D, 0x39, 0x24, 0x18, 0x19, 0x04, 0x04,
0x02, 0x02, 0x03, 0x03, 0x0E, 0x09, 0x0B, 0x0C, 0x2E, 0x41, 0x02, 0x02, 0x07, 0x08, 0x33, 0x18,
0x0A, 0x0B, 0x02, 0x04, 0x12, 0x12, 0x32, 0x18, 0x13, 0x14, 0x03, 0x04, 0x01, 0x02, 0x09, 0x25,
0x0C, 0x0C, 0x06, 0x04, 0x01, 0x02, 0x01, 0x04, 0x0C, 0x0D, 0x0C, 0x0D, 0x22, 0x22, 0x1F, 0x1A,
0x23, 0x23, 0x1A, 0x25, 0x23, 0x24, 0x06, 0x01, 0x03, 0x04, 0x04, 0x03, 0x14, 0x14, 0x1E, 0x2C,
0x0B, 0x0B, 0x02, 0x01, 0x03, 0x03, 0x04, 0xDD, 0x13, 0x18, 0x18, 0x11, 0x0F, 0x05, 0x05, 0x07,
0x06, 0x0D, 0x0D, 0x1F, 0x16, 0x11, 0x08, 0x0B, 0x0C, 0x09, 0x19, 0x08, 0x08, 0x02, 0x02, 0x02,
0x03, 0x10, 0x14, 0x1D, 0x1D, 0x10, 0x08, 0x02, 0x03, 0x02, 0x03, 0x0C, 0x00, 0x04, 0x00, 0x00,
0xFF, 0x7F, 0x04, 0x01, 0x03, 0xC0, 0x00, 0x9B, 0x02, 0xE5, 0x03, 0xAE, 0x05, 0x7B, 0x00, 0x00,
0x01, 0x31, 0x16, 0x17, 0x16, 0x17, 0x31, 0x14, 0x17, 0x16, 0x33, 0x31, 0x16, 0x17, 0x16, 0x17,
0x31, 0x16, 0x17, 0x16, 0x17, 0x31, 0x16, 0x17, 0x16, 0x17, 0x31, 0x16, 0x17, 0x16, 0x17, 0x31,
0x16, 0x17, 0x16, 0x17, 0x31, 0x06, 0x07, 0x06, 0x07, 0x31, 0x14, 0x07, 0x06, 0x07, 0x31, 0x06,
0x07, 0x06, 0x07, 0x31, 0x06, 0x07, 0x06, 0x07, 0x31, 0x06, 0x07, 0x06, 0x07, 0x31, 0x06, 0x07,
0x06, 0x07, 0x31, 0x06, 0x07, 0x06, 0x07, 0x31, 0x06, 0x07, 0x06, 0x07, 0x31, 0x06, 0x07, 0x06,
0x07, 0x31, 0x06, 0x07, 0x06, 0x07, 0x31, 0x06, 0x07, 0x06, 0x07, 0x31, 0x22, 0x27, 0x26, 0x27,
0x31, 0x22, 0x23, 0x26, 0x23, 0x31, 0x26, 0x27, 0x26, 0x27, 0x31, 0x26, 0x27, 0x26, 0x27, 0x31,
0x34, 0x35, 0x26, 0x27, 0x31, 0x26, 0x35, 0x34, 0x37, 0x31, 0x36, 0x37, 0x36, 0x37, 0x31, 0x36,
0x37, 0x36, 0x37, 0x31, 0x36, 0x37, 0x36, 0x37, 0x31, 0x36, 0x37, 0x36, 0x37, 0x31, 0x36, 0x37,
0x36, 0x37, 0x31, 0x36, 0x37, 0x36, 0x37, 0x31, 0x36, 0x37, 0x36, 0x37, 0x01, 0x31, 0x16, 0x17,
0x16, 0x17, 0x31, 0x16, 0x17, 0x16, 0x17, 0x31, 0x16, 0x17, 0x16, 0x17, 0x31, 0x16, 0x17, 0x16,
0x17, 0x31, 0x16, 0x17, 0x16, 0x17, 0x31, 0x16, 0x17, 0x16, 0x17, 0x31, 0x16, 0x17, 0x16, 0x17,
0x31, 0x14, 0x07, 0x06, 0x07, 0x31, 0x06, 0x07, 0x06, 0x07, 0x31, 0x22, 0x27, 0x26, 0x27, 0x31,
0x22, 0x23, 0x26, 0x23, 0x31, 0x26, 0x27, 0x26, 0x27, 0x31, 0x06, 0x07, 0x06, 0x07, 0x31, 0x22,
0x07, 0x06, 0x07, 0x31, 0x06, 0x07, 0x06, 0x07, 0x31, 0x16, 0x17, 0x16, 0x17, 0x31, 0x16, 0x17,
0x16, 0x17, 0x31, 0x16, 0x17, 0x16, 0x17, 0x31, 0x16, 0x17, 0x16, 0x17, 0x31, 0x16, 0x17, 0x16,
0x15, 0x31, 0x16, 0x17, 0x16, 0x17, 0x31, 0x06, 0x07, 0x06, 0x07, 0x31, 0x06, 0x07, 0x06, 0x23,
0x31, 0x26, 0x27, 0x26, 0x27, 0x31, 0x26, 0x23, 0x22, 0x23, 0x31, 0x06, 0x07, 0x06, 0x07, 0x31,
0x06, 0x07, 0x06, 0x07, 0x31, 0x06, 0x07, 0x06, 0x07, 0x31, 0x06, 0x23, 0x06, 0x07, 0x31, 0x06,
0x07, 0x06, 0x07, 0x31, 0x06, 0x07, 0x06, 0x07, 0x31, 0x06, 0x07, 0x06, 0x07, 0x31, 0x06, 0x07,
0x06, 0x07, 0x31, 0x06, 0x07, 0x06, 0x07, 0x31, 0x06, 0x07, 0x06, 0x07, 0x31, 0x06, 0x07, 0x06,
0x07, 0x31, 0x06, 0x31, 0x06, 0x07, 0x31, 0x06, 0x07, 0x06, 0x07, 0x31, 0x06, 0x07, 0x06, 0x07,
0x31, 0x06, 0x07, 0x06, 0x07, 0x31, 0x06, 0x07, 0x06, 0x07, 0x31, 0x06, 0x07, 0x06, 0x07, 0x31,
0x06, 0x07, 0x06, 0x23, 0x31, 0x22, 0x23, 0x26, 0x27, 0x31, 0x22, 0x23, 0x22, 0x27, 0x31, 0x22,
0x23, 0x26, 0x23, 0x31, 0x26, 0x31, 0x22, 0x23, 0x31, 0x26, 0x27, 0x26, 0x27, 0x31, 0x26, 0x23,
0x22, 0x07, 0x31, 0x06, 0x31, 0x06, 0x07, 0x31, 0x06, 0x15, 0x06, 0x07, 0x31, 0x06, 0x07, 0x06,
0x07, 0x31, 0x06, 0x31, 0x06, 0x07, 0x31, 0x06, 0x07, 0x06, 0x07, 0x31, 0x06, 0x07, 0x06, 0x07,
0x31, 0x06, 0x07, 0x06, 0x07, 0x31, 0x06, 0x07, 0x06, 0x07, 0x31, 0x06, 0x07, 0x06, 0x07, 0x31,
0x06, 0x07, 0x06, 0x07, 0x31, 0x06, 0x07, 0x06, 0x07, 0x31, 0x06, 0x07, 0x06, 0x07, 0x31, 0x26,
0x27, 0x26, 0x27, 0x31, 0x26, 0x27, 0x26, 0x37, 0x31, 0x36, 0x37, 0x36, 0x37, 0x31, 0x36, 0x37,
0x36, 0x37, 0x31, 0x36, 0x37, 0x36, 0x37, 0x31, 0x36, 0x37, 0x36, 0x37, 0x31, 0x36, 0x37, 0x36,
0x37, 0x31, 0x36, 0x37, 0x36, 0x37, 0x31, 0x36, 0x31, 0x36, 0x37, 0x31, 0x36, 0x37, 0x36, 0x35,
0x31, 0x34, 0x35, 0x26, 0x27, 0x31, 0x34, 0x35, 0x26, 0x35, 0x31, 0x34, 0x35, 0x34, 0x35, 0x31,
0x26, 0x35, 0x34, 0x35, 0x31, 0x34, 0x35, 0x26, 0x35, 0x31, 0x34, 0x35, 0x26, 0x27, 0x31, 0x34,
0x35, 0x34, 0x35, 0x31, 0x26, 0x35, 0x26, 0x35, 0x31, 0x26, 0x35, 0x34, 0x27, 0x31, 0x26, 0x35,
0x36, 0x37, 0x31, 0x36, 0x37, 0x36, 0x37, 0x31, 0x36, 0x37, 0x36, 0x37, 0x31, 0x36, 0x37, 0x36,
0x37, 0x31, 0x36, 0x37, 0x36, 0x37, 0x31, 0x36, 0x37, 0x36, 0x37, 0x31, 0x36, 0x37, 0x36, 0x37,
0x31, 0x36, 0x37, 0x36, 0x35, 0x31, 0x36, 0x37, 0x36, 0x37, 0x31, 0x36, 0x37, 0x36, 0x37, 0x31,
0x36, 0x37, 0x36, 0x37, 0x31, 0x36, 0x37, 0x36, 0x37, 0x31, 0x36, 0x37, 0x36, 0x37, 0x31, 0x36,
0x37, 0x36, 0x37, 0x31, 0x36, 0x37, 0x36, 0x37, 0x31, 0x36, 0x37, 0x36, 0x37, 0x31, 0x36, 0x37,
0x36, 0x37, 0x31, 0x36, 0x37, 0x36, 0x37, 0x31, 0x36, 0x35, 0x34, 0x27, 0x31, 0x26, 0x27, 0x26,
0x27, 0x31, 0x26, 0x37, 0x36, 0x37, 0x31, 0x36, 0x37, 0x36, 0x37, 0x31, 0x36, 0x17, 0x16, 0x17,
0x31, 0x16, 0x17, 0x16, 0x17, 0x31, 0x16, 0x17, 0x16, 0x17, 0x31, 0x16, 0x17, 0x16, 0x17, 0x31,
0x36, 0x37, 0x36, 0x37, 0x31, 0x36, 0x31, 0x34, 0x37, 0x31, 0x36, 0x37, 0x36, 0x37, 0x31, 0x36,
0x37, 0x36, 0x37, 0x31, 0x36, 0x37, 0x36, 0x37, 0x31, 0x26, 0x27, 0x26, 0x27, 0x31, 0x26, 0x27,
0x26, 0x27, 0x31, 0x36, 0x37, 0x36, 0x37, 0x31, 0x36, 0x37, 0x36, 0x37, 0x31, 0x36, 0x31, 0x36,
0x37, 0x31, 0x36, 0x33, 0x32, 0x17, 0x07, 0x31, 0x06, 0x15, 0x06, 0x17, 0x31, 0x16, 0x17, 0x16,
0x17, 0x31, 0x16, 0x17, 0x16, 0x17, 0x31, 0x16, 0x17, 0x16, 0x17, 0x31, 0x06, 0x07, 0x06, 0x07,
0x31, 0x06, 0x07, 0x06, 0x07, 0x31, 0x06, 0x07, 0x06, 0x07, 0x31, 0x06, 0x07, 0x06, 0x07, 0x31,
0x06, 0x07, 0x06, 0x07, 0x31, 0x16, 0x17, 0x16, 0x17, 0x31, 0x16, 0x17, 0x16, 0x15, 0x31, 0x16,
0x17, 0x16, 0x17, 0x31, 0x36, 0x37, 0x36, 0x37, 0x31, 0x36, 0x37, 0x36, 0x37, 0x31, 0x36, 0x37,
0x36, 0x37, 0x31, 0x36, 0x37, 0x36, 0x37, 0x31, 0x36, 0x37, 0x36, 0x37, 0x31, 0x36, 0x37, 0x36,
0x37, 0x31, 0x36, 0x37, 0x36, 0x37, 0x31, 0x16, 0x17, 0x16, 0x17, 0x31, 0x16, 0x17, 0x16, 0x17,
0x31, 0x16, 0x17, 0x16, 0x17, 0x31, 0x16, 0x17, 0x16, 0x17, 0x31, 0x16, 0x15, 0x16, 0x33, 0x31,
0x16, 0x17, 0x16, 0x17, 0x31, 0x36, 0x37, 0x36, 0x37, 0x31, 0x30, 0x31, 0x36, 0x37, 0x31, 0x34,
0x35, 0x26, 0x27, 0x31, 0x26, 0x27, 0x26, 0x27, 0x31, 0x26, 0x35, 0x26, 0x27, 0x31, 0x26, 0x27,
0x26, 0x27, 0x31, 0x26, 0x27, 0x26, 0x27, 0x31, 0x26, 0x27, 0x26, 0x27, 0x31, 0x26, 0x27, 0x26,
0x27, 0x31, 0x26, 0x27, 0x26, 0x27, 0x31, 0x26, 0x27, 0x26, 0x27, 0x31, 0x26, 0x27, 0x26, 0x27,
0x31, 0x26, 0x23, 0x26, 0x35, 0x31, 0x26, 0x27, 0x26, 0x27, 0x31, 0x22, 0x07, 0x06, 0x07, 0x07,
0x31, 0x06, 0x15, 0x06, 0x17, 0x31, 0x16, 0x17, 0x16, 0x17, 0x31, 0x16, 0x31, 0x16, 0x17, 0x31,
0x16, 0x17, 0x16, 0x17, 0x31, 0x06, 0x07, 0x06, 0x07, 0x31, 0x06, 0x23, 0x06, 0x07, 0x31, 0x06,
0x07, 0x06, 0x07, 0x31, 0x06, 0x07, 0x06, 0x07, 0x31, 0x06, 0x07, 0x06, 0x07, 0x31, 0x06, 0x07,
0x06, 0x07, 0x31, 0x06, 0x07, 0x06, 0x07, 0x31, 0x06, 0x07, 0x06, 0x07, 0x31, 0x06, 0x31, 0x06,
0x07, 0x31, 0x06, 0x07, 0x06, 0x07, 0x31, 0x06, 0x07, 0x06, 0x07, 0x31, 0x06, 0x07, 0x06, 0x07,
0x31, 0x06, 0x07, 0x06, 0x07, 0x31, 0x06, 0x07, 0x06, 0x07, 0x31, 0x06, 0x07, 0x06, 0x07, 0x31,
0x06, 0x07, 0x06, 0x07, 0x31, 0x06, 0x07, 0x06, 0x07, 0x31, 0x06, 0x07, 0x06, 0x07, 0x31, 0x06,
0x07, 0x06, 0x07, 0x31, 0x06, 0x07, 0x06, 0x07, 0x31, 0x14, 0x15, 0x16, 0x17, 0x31, 0x14, 0x15,
0x16, 0x15, 0x31, 0x14, 0x15, 0x16, 0x17, 0x31, 0x14, 0x15, 0x14, 0x15, 0x31, 0x16, 0x17, 0x16,
0x17, 0x31, 0x06, 0x31, 0x06, 0x07, 0x31, 0x06, 0x07, 0x06, 0x07, 0x31, 0x06, 0x07, 0x06, 0x07,
0x31, 0x06, 0x07, 0x06, 0x07, 0x31, 0x06, 0x07, 0x06, 0x07, 0x31, 0x06, 0x07, 0x06, 0x07, 0x31,
0x06, 0x07, 0x06, 0x07, 0x31, 0x06, 0x07, 0x06, 0x07, 0x31, 0x06, 0x07, 0x06, 0x07, 0x31, 0x06,
0x15, 0x06, 0x07, 0x31, 0x14, 0x15, 0x16, 0x17, 0x31, 0x36, 0x37, 0x36, 0x37, 0x31, 0x36, 0x37,
0x36, 0x37, 0x31, 0x36, 0x37, 0x36, 0x37, 0x31, 0x36, 0x37, 0x36, 0x37, 0x31, 0x36, 0x37, 0x36,
0x37, 0x31, 0x36, 0x37, 0x36, 0x37, 0x31, 0x36, 0x37, 0x36, 0x37, 0x31, 0x36, 0x37, 0x36, 0x37,
0x31, 0x36, 0x37, 0x36, 0x37, 0x31, 0x16, 0x33, 0x16, 0x33, 0x31, 0x16, 0x33, 0x16, 0x17, 0x31,
0x32, 0x33, 0x16, 0x33, 0x31, 0x16, 0x17, 0x16, 0x17, 0x31, 0x16, 0x31, 0x32, 0x33, 0x31, 0x16,
0x17, 0x16, 0x17, 0x31, 0x32, 0x33, 0x32, 0x33, 0x31, 0x32, 0x33, 0x16, 0x33, 0x31, 0x32, 0x33,
0x32, 0x17, 0x31, 0x32, 0x37, 0x36, 0x37, 0x31, 0x36, 0x37, 0x36, 0x37, 0x31, 0x36, 0x37, 0x36,
0x37, 0x31, 0x36, 0x37, 0x36, 0x37, 0x31, 0x36, 0x37, 0x36, 0x37, 0x31, 0x36, 0x37, 0x36, 0x37,
0x31, 0x36, 0x37, 0x36, 0x37, 0x31, 0x36, 0x37, 0x36, 0x37, 0x31, 0x36, 0x37, 0x36, 0x37, 0x31,
0x36, 0x37, 0x36, 0x37, 0x31, 0x36, 0x37, 0x36, 0x37, 0x31, 0x36, 0x37, 0x36, 0x37, 0x31, 0x16,
0x17, 0x16, 0x17, 0x31, 0x16, 0x17, 0x16, 0x17, 0x31, 0x36, 0x37, 0x36, 0x37, 0x31, 0x36, 0x35,
0x36, 0x27, 0x31, 0x26, 0x35, 0x26, 0x27, 0x31, 0x26, 0x27, 0x26, 0x27, 0x31, 0x26, 0x27, 0x26,
0x27, 0x31, 0x26, 0x27, 0x26, 0x27, 0x31, 0x26, 0x27, 0x26, 0x27, 0x31, 0x26, 0x27, 0x26, 0x27,
0x31, 0x26, 0x27, 0x26, 0x27, 0x31, 0x26, 0x27, 0x26, 0x27, 0x31, 0x26, 0x27, 0x26, 0x27, 0x31,
0x26, 0x27, 0x26, 0x27, 0x31, 0x26, 0x27, 0x26, 0x27, 0x31, 0x26, 0x27, 0x26, 0x27, 0x31, 0x26,
0x27, 0x26, 0x27, 0x31, 0x26, 0x27, 0x26, 0x27, 0x31, 0x26, 0x27, 0x26, 0x27, 0x31, 0x26, 0x27,
0x26, 0x27, 0x31, 0x26, 0x27, 0x26, 0x23, 0x31, 0x06, 0x07, 0x06, 0x07, 0x01, 0xE8, 0x06, 0x04,
0x04, 0x05, 0x01, 0x01, 0x01, 0x02, 0x02, 0x03, 0x03, 0x02, 0x01, 0x02, 0x02, 0x05, 0x04, 0x05,
0x05, 0x04, 0x05, 0x05, 0x05, 0x09, 0x09, 0x0A, 0x09, 0x02, 0x03, 0x04, 0x05, 0x01, 0x01, 0x01,
0x02, 0x02, 0x03, 0x03, 0x02, 0x01, 0x02, 0x02, 0x11, 0x10, 0x11, 0x10, 0x0D, 0x0C, 0x0C, 0x0C,
0x09, 0x08, 0x09, 0x09, 0x05, 0x05, 0x05, 0x05, 0x05, 0x04, 0x05, 0x05, 0x02, 0x02, 0x02, 0x01,
0x0E, 0x04, 0x04, 0x0B, 0x07, 0x06, 0x07, 0x07, 0x01, 0x01, 0x02, 0x02, 0x0E, 0x0E, 0x0F, 0x0B,
0x07, 0x03, 0x04, 0x01, 0x01, 0x01, 0x03, 0x06, 0x04, 0x05, 0x05, 0x05, 0x02, 0x02, 0x02, 0x02,
0x05, 0x05, 0x05, 0x05, 0x05, 0x05, 0x06, 0x05, 0x0B, 0x0A, 0x0A, 0x0A, 0x0C, 0x0B, 0x0C, 0x0B,
0x18, 0x17, 0x18, 0x18, 0x01, 0x64, 0x10, 0x0E, 0x0F, 0x0E, 0x01, 0x01, 0x01, 0x01, 0x06, 0x05,
0x06, 0x06, 0x06, 0x06, 0x06, 0x06, 0x04, 0x04, 0x05, 0x05, 0x02, 0x02, 0x02, 0x03, 0x20, 0x05,
0x06, 0x01, 0x04, 0x05, 0x0C, 0x0B, 0x0C, 0x0C, 0x0F, 0x05, 0x05, 0x05, 0x05, 0x01, 0x01, 0x01,
0x02, 0x0E, 0x0A, 0x0B, 0x0A, 0x07, 0x07, 0x08, 0x07, 0x01, 0x01, 0x01, 0x01, 0x08, 0x07, 0x08,
0x08, 0x02, 0x04, 0x05, 0x05, 0x02, 0x02, 0x02, 0x02, 0x03, 0x03, 0x03, 0x03, 0x02, 0x03, 0x03,
0x03, 0x01, 0x01, 0x01, 0x0D, 0x06, 0x07, 0x01, 0x01, 0x05, 0x06, 0x0B, 0x0D, 0x0F, 0x0F, 0x12,
0x08, 0x08, 0x08, 0x07, 0x03, 0x01, 0x01, 0x03, 0x04, 0x02, 0x02, 0x03, 0x01, 0x01, 0x01, 0x01,
0x01, 0x01, 0x01, 0x02, 0x01, 0x01, 0x01, 0x01, 0x04, 0x04, 0x04, 0x04, 0x03, 0x03, 0x03, 0x03,
0x05, 0x05, 0x06, 0x05, 0x0A, 0x0A, 0x0B, 0x0B, 0x02, 0x01, 0x02, 0x02, 0x03, 0x03, 0x04, 0x03,
0x09, 0x08, 0x09, 0x09, 0x01, 0x01, 0x01, 0x0E, 0x0E, 0x0E, 0x0E, 0x0E, 0x0E, 0x0F, 0x0F, 0x09,
0x08, 0x09, 0x09, 0x06, 0x06, 0x06, 0x07, 0x03, 0x03, 0x04, 0x04, 0x16, 0x07, 0x07, 0x11, 0x06,
0x06, 0x07, 0x07, 0x02, 0x02, 0x02, 0x02, 0x05, 0x04, 0x05, 0x04, 0x03, 0x01, 0x03, 0x0B, 0x0B,
0x0C, 0x0B, 0x08, 0x02, 0x03, 0x07, 0x03, 0x01, 0x03, 0x01, 0x01, 0x01, 0x01, 0x01, 0x01, 0x02,
0x01, 0x01, 0x02, 0x02, 0x02, 0x03, 0x02, 0x04, 0x04, 0x04, 0x03, 0x0B, 0x0A, 0x0B, 0x0B, 0x06,
0x06, 0x07, 0x07, 0x02, 0x02, 0x03, 0x03, 0x03, 0x03, 0x04, 0x04, 0x01, 0x01, 0x01, 0x01, 0x09,
0x0B, 0x0B, 0x0D, 0x0C, 0x09, 0x0A, 0x08, 0x0A, 0x02, 0x03, 0x02, 0x05, 0x11, 0x12, 0x0D, 0x05,
0x06, 0x06, 0x05, 0x07, 0x07, 0x08, 0x07, 0x06, 0x05, 0x06, 0x06, 0x02, 0x02, 0x03, 0x02, 0x03,
0x03, 0x03, 0x03, 0x02, 0x01, 0x01, 0x04, 0x02, 0x02, 0x01, 0x01, 0x01, 0x01, 0x01, 0x01, 0x01,
0x01, 0x01, 0x01, 0x01, 0x05, 0x01, 0x09, 0x07, 0x07, 0x08, 0x08, 0x03, 0x03, 0x03, 0x03, 0x06,
0x06, 0x07, 0x06, 0x09, 0x09, 0x0A, 0x09, 0x0F, 0x0E, 0x0F, 0x0F, 0x0F, 0x0E, 0x0E, 0x0F, 0x01,
0x01, 0x01, 0x09, 0x09, 0x09, 0x09, 0x03, 0x03, 0x04, 0x03, 0x02, 0x02, 0x02, 0x01, 0x0B, 0x0B,
0x0B, 0x0A, 0x06, 0x05, 0x06, 0x05, 0x04, 0x03, 0x04, 0x04, 0x03, 0x04, 0x04, 0x04, 0x01, 0x01,
0x02, 0x01, 0x01, 0x01, 0x01, 0x01, 0x01, 0x01, 0x01, 0x01, 0x02, 0x01, 0x01, 0x02, 0x02, 0x02,
0x05, 0x01, 0x01, 0x05, 0x08, 0x0C, 0x0C, 0x10, 0x12, 0x10, 0x10, 0x0F, 0x0B, 0x09, 0x09, 0x09,
0x02, 0x02, 0x03, 0x02, 0x05, 0x05, 0x05, 0x05, 0x07, 0x06, 0x07, 0x06, 0x02, 0x02, 0x02, 0x02,
0x03, 0x03, 0x02, 0x01, 0x02, 0x02, 0x04, 0x04, 0x05, 0x04, 0x05, 0x04, 0x05, 0x06, 0x0C, 0x05,
0x06, 0x01, 0x01, 0x04, 0x05, 0x09, 0x01, 0x01, 0x02, 0x01, 0x02, 0x01, 0x02, 0x11, 0x15, 0x15,
0x12, 0x34, 0x04, 0x01, 0x01, 0x06, 0x0B, 0x0B, 0x0A, 0x02, 0x01, 0x02, 0x02, 0x04, 0x04, 0x05,
0x04, 0x07, 0x08, 0x08, 0x09, 0x01, 0x01, 0x02, 0x01, 0x04, 0x03, 0x04, 0x04, 0x04, 0x03, 0x04,
0x04, 0x07, 0x07, 0x08, 0x07, 0x03, 0x04, 0x04, 0x04, 0x01, 0x01, 0x01, 0x02, 0x02, 0x02, 0x02,
0x05, 0x04, 0x04, 0x04, 0x02, 0x01, 0x01, 0x02, 0x01, 0x01, 0x02, 0x01, 0x02, 0x01, 0x02, 0x01,
0x04, 0x04, 0x04, 0x04, 0x04, 0x04, 0x04, 0x04, 0x08, 0x08, 0x08, 0x08, 0x06, 0x05, 0x05, 0x04,
0x01, 0x01, 0x01, 0x01, 0x04, 0x03, 0x04, 0x04, 0x02, 0x03, 0x03, 0x03, 0x01, 0x01, 0x01, 0x06,
0x05, 0x05, 0x08, 0x07, 0x03, 0x03, 0x04, 0x01, 0x01, 0x01, 0x04, 0x02, 0x01, 0x01, 0x01, 0x02,
0x01, 0x02, 0x06, 0x06, 0x07, 0x07, 0x01, 0x01, 0x02, 0x02, 0x04, 0x05, 0x05, 0x04, 0x06, 0x05,
0x05, 0x06, 0x02, 0x02, 0x02, 0x02, 0x07, 0x06, 0x07, 0x06, 0x04, 0x04, 0x05, 0x04, 0x01, 0x01,
0x01, 0x06, 0x05, 0x06, 0x08, 0x04, 0x04, 0x04, 0x04, 0xD2, 0x03, 0x01, 0x02, 0x03, 0x04, 0x05,
0x05, 0x02, 0x01, 0x01, 0x02, 0x02, 0x03, 0x02, 0x02, 0x04, 0x05, 0x04, 0x01, 0x01, 0x01, 0x01,
0x03, 0x03, 0x03, 0x03, 0x02, 0x02, 0x02, 0x02, 0x05, 0x05, 0x06, 0x05, 0x09, 0x08, 0x09, 0x08,
0x03, 0x03, 0x03, 0x03, 0x02, 0x01, 0x02, 0x02, 0x01, 0x01, 0x02, 0x04, 0x03, 0x04, 0x04, 0x07,
0x08, 0x08, 0x08, 0x04, 0x04, 0x04, 0x04, 0x02, 0x02, 0x02, 0x02, 0x0E, 0x0E, 0x0E, 0x0E, 0x0D,
0x0D, 0x0E, 0x0E, 0x0A, 0x0B, 0x0B, 0x0A, 0x06, 0x05, 0x06, 0x06, 0x05, 0x05, 0x06, 0x05, 0x02,
0x02, 0x02, 0x02, 0x0C, 0x02, 0x03, 0x06, 0x01, 0x01, 0x01, 0x01, 0x01, 0x02, 0x04, 0x04, 0x05,
0x01, 0x01, 0x01, 0x0F, 0x10, 0x10, 0x10, 0x07, 0x07, 0x08, 0x08, 0x07, 0x06, 0x07, 0x07, 0x03,
0x03, 0x04, 0x04, 0x04, 0x03, 0x04, 0x04, 0x02, 0x01, 0x01, 0x01, 0x01, 0x01, 0x01, 0x01, 0x01,
0x01, 0x01, 0x01, 0x03, 0x01, 0x01, 0x01, 0x01, 0x06, 0x03, 0x04, 0x05, 0x01, 0x01, 0x01, 0x01,
0x01, 0x01, 0x01, 0x02, 0x01, 0x01, 0x01, 0x02, 0x04, 0x04, 0x04, 0x04, 0x03, 0x02, 0x03, 0x03,
0x07, 0x06, 0x07, 0x07, 0x07, 0x07, 0x08, 0x08, 0x0F, 0x0F, 0x10, 0x10, 0x02, 0x01, 0x02, 0x01,
0x02, 0x02, 0x02, 0x02, 0x01, 0x01, 0x01, 0x01, 0x08, 0x08, 0x08, 0x09, 0x02, 0x01, 0x02, 0x09,
0x08, 0x09, 0x09, 0x01, 0x01, 0x01, 0x01, 0x02, 0x02, 0x02, 0x02, 0x03, 0x02, 0x03, 0x02, 0x08,
0x06, 0x06, 0x06, 0x03, 0x02, 0x02, 0x02, 0x02, 0x01, 0x01, 0x02, 0x03, 0x03, 0x04, 0x04, 0x03,
0x04, 0x04, 0x04, 0x06, 0x06, 0x07, 0x07, 0x09, 0x09, 0x0A, 0x0A, 0x0F, 0x0F, 0x10, 0x10, 0x0E,
0x0F, 0x0F, 0x0F, 0x01, 0x01, 0x01, 0x01, 0x05, 0x04, 0x05, 0x05, 0x26, 0x26, 0x27, 0x26, 0x07,
0x04, 0x05, 0x05, 0x06, 0x06, 0x07, 0x08, 0x08, 0x05, 0x05, 0x06, 0x04, 0x01, 0x01, 0x02, 0x01,
0x03, 0x01, 0x01, 0x01, 0x01, 0x01, 0x01, 0x01, 0x01, 0x01, 0x01, 0x01, 0x02, 0x04, 0x04, 0x04,
0x04, 0x01, 0x01, 0x02, 0x02, 0x04, 0x04, 0x04, 0x04, 0x03, 0x02, 0x03, 0x02, 0x09, 0x09, 0x09,
0x09, 0x09, 0x08, 0x09, 0x08, 0x07, 0x07, 0x08, 0x07, 0x04, 0x04, 0x05, 0x04, 0x04, 0x04, 0x04,
0x04, 0x02, 0x01, 0x02, 0x01, 0x02, 0x02, 0x02, 0x02, 0x01, 0x01, 0x02, 0x01, 0x06, 0x05, 0x06,
0x08, 0x07, 0x05, 0x05, 0x04, 0x01, 0xDA, 0x03, 0x03, 0x04, 0x04, 0x01, 0x01, 0x01, 0x03, 0x02,
0x03, 0x03, 0x01, 0x02, 0x02, 0x02, 0x04, 0x05, 0x05, 0x04, 0x05, 0x05, 0x05, 0x05, 0x09, 0x09,
0x0A, 0x09, 0x06, 0x04, 0x04, 0x04, 0x01, 0x01, 0x01, 0x01, 0x02, 0x02, 0x03, 0x03, 0x02, 0x01,
0x02, 0x02, 0x11, 0x11, 0x11, 0x11, 0x0C, 0x0C, 0x0D, 0x0C, 0x09, 0x09, 0x09, 0x08, 0x05, 0x05,
0x06, 0x05, 0x05, 0x05, 0x05, 0x05, 0x02, 0x01, 0x02, 0x02, 0x0E, 0x02, 0x03, 0x01, 0x01, 0x01,
0x01, 0x01, 0x01, 0x03, 0x04, 0x0A, 0x0A, 0x0C, 0x0D, 0x0C, 0x03, 0x03, 0x03, 0x03, 0x16, 0x05,
0x06, 0x09, 0x05, 0x05, 0x05, 0x05, 0x02, 0x01, 0x02, 0x02, 0x05, 0x05, 0x05, 0x05, 0x05, 0x05,
0x06, 0x05, 0x0A, 0x0A, 0x0A, 0x0A, 0x0B, 0x0B, 0x0C, 0x0B, 0x17, 0x17, 0x18, 0x17, 0x01, 0x9C,
0x0C, 0x0E, 0x0E, 0x0E, 0x02, 0x01, 0x01, 0x01, 0x06, 0x05, 0x06, 0x06, 0x05, 0x06, 0x06, 0x06,
0x05, 0x04, 0x05, 0x04, 0x02, 0x02, 0x03, 0x02, 0x20, 0x0A, 0x0A, 0x19, 0x10, 0x0B, 0x0C, 0x0C,
0x0A, 0x03, 0x04, 0x01, 0x01, 0x01, 0x02, 0x01, 0x06, 0x0B, 0x0B, 0x0B, 0x06, 0x06, 0x07, 0x07,
0x01, 0x01, 0x01, 0x08, 0x07, 0x08, 0x08, 0x06, 0x05, 0x05, 0x04, 0x02, 0x02, 0x02, 0x02, 0x03,
0x02, 0x03, 0x03, 0x03, 0x03, 0x03, 0x02, 0x01, 0x01, 0x01, 0x01, 0x0D, 0x0E, 0x0F, 0x12, 0x10,
0x0D, 0x0D, 0x0C, 0x0C, 0x05, 0x06, 0x01, 0x02, 0x03, 0x04, 0x03, 0x02, 0x02, 0x02, 0x02, 0x01,
0x01, 0x01, 0x02, 0x01, 0x01, 0x01, 0x01, 0x02, 0x01, 0x02, 0x04, 0x04, 0x04, 0x04, 0x03, 0x03,
0x03, 0x03, 0x05, 0x05, 0x06, 0x06, 0x0A, 0x0B, 0x0B, 0x0A, 0x02, 0x01, 0x02, 0x02, 0x03, 0x03,
0x04, 0x04, 0x08, 0x09, 0x09, 0x09, 0x01, 0x01, 0x01, 0x0E, 0x0E, 0x0F, 0x0E, 0x0F, 0x0E, 0x0F,
0x0F, 0x09, 0x09, 0x09, 0x09, 0x06, 0x06, 0x06, 0x06, 0x04, 0x03, 0x04, 0x04, 0x18, 0x04, 0x04,
0x01, 0x01, 0x01, 0x01, 0x01, 0x02, 0x02, 0x02, 0x03, 0x01, 0x01, 0x02, 0x01, 0x03, 0x01, 0x01,
0x01, 0x01, 0x01, 0x01, 0x01, 0x01, 0x02, 0x01, 0x02, 0x02, 0x02, 0x03, 0x02, 0x04, 0x04, 0x04,
0x03, 0x0B, 0x0B, 0x0B, 0x0B, 0x06, 0x06, 0x07, 0x07, 0x02, 0x03, 0x03, 0x02, 0x04, 0x03, 0x04,
0x03, 0x01, 0x01, 0x01, 0x01, 0x0A, 0x04, 0x05, 0x01, 0x01, 0x04, 0x04, 0x09, 0x0C, 0x0C, 0x0C,
0x0F, 0x12, 0x10, 0x10, 0x0C, 0x06, 0x05, 0x06, 0x06, 0x07, 0x07, 0x07, 0x06, 0x06, 0x06, 0x06,
0x05, 0x02, 0x02, 0x03, 0x02, 0x03, 0x03, 0x03, 0x03, 0x01, 0x01, 0x01, 0x04, 0x03, 0x03, 0x06,
0x03, 0x03, 0x04, 0x03, 0x01, 0x01, 0x02, 0x02, 0x01, 0x01, 0x01, 0x01, 0x02, 0x01, 0x01, 0x02,
0x01, 0x01, 0x02, 0x01, 0x03, 0x02, 0x03, 0x03, 0x01, 0x01, 0x01, 0x01, 0x05, 0x04, 0x05, 0x04,
0x03, 0x03, 0x03, 0x03, 0x22, 0x08, 0x08, 0x0E, 0x08, 0x07, 0x08, 0x08, 0x03, 0x03, 0x03, 0x02,
0x07, 0x06, 0x06, 0x06, 0x09, 0x09, 0x09, 0x09, 0x0F, 0x0E, 0x0F, 0x0E, 0x0E, 0x0E, 0x0E, 0x0E,
0x01, 0x01, 0x01, 0x01, 0x09, 0x08, 0x09, 0x09, 0x03, 0x03, 0x04, 0x03, 0x02, 0x01, 0x02, 0x02,
0x0A, 0x0A, 0x0B, 0x0B, 0x05, 0x05, 0x06, 0x05, 0x04, 0x03, 0x04, 0x03, 0x04, 0x04, 0x04, 0x03,
0x02, 0x01, 0x01, 0x01, 0x01, 0x01, 0x01, 0x01, 0x01, 0x01, 0x01, 0x01, 0x02, 0x01, 0x01, 0x03,
0x05, 0x04, 0x05, 0x05, 0x0E, 0x0E, 0x0F, 0x0E, 0x0F, 0x0A, 0x0B, 0x05, 0x05, 0x02, 0x03, 0x08,
0x08, 0x09, 0x09, 0x0A, 0x02, 0x02, 0x02, 0x02, 0x05, 0x05, 0x06, 0x05, 0x06, 0x06, 0x06, 0x06,
0x01, 0x01, 0x01, 0x03, 0x02, 0x03, 0x03, 0x02, 0x01, 0x02, 0x02, 0x04, 0x04, 0x05, 0x04, 0x06,
0x05, 0x06, 0x04, 0x0C, 0x0E, 0x0E, 0x11, 0x0D, 0x0B, 0x0C, 0x0A, 0x01, 0x01, 0x01, 0x01, 0x02,
0x01, 0x01, 0x0C, 0x0A, 0x2C, 0x06, 0x05, 0x05, 0x06, 0x0C, 0x0A, 0x0A, 0x0A, 0x02, 0x01, 0x02,
0x02, 0x04, 0x04, 0x05, 0x04, 0x09, 0x08, 0x09, 0x08, 0x01, 0x01, 0x02, 0x01, 0x04, 0x03, 0x04,
0x04, 0x04, 0x03, 0x04, 0x04, 0x07, 0x07, 0x08, 0x07, 0x06, 0x04, 0x05, 0x04, 0x01, 0x01, 0x01,
0x01, 0x01, 0x02, 0x02, 0x02, 0x02, 0x03, 0x04, 0x04, 0x01, 0x01, 0x02, 0x01, 0x02, 0x01, 0x02,
0x01, 0x02, 0x01, 0x02, 0x01, 0x04, 0x04, 0x04, 0x04, 0x04, 0x04, 0x04, 0x04, 0x08, 0x08, 0x08,
0x08, 0x03, 0x04, 0x04, 0x05, 0x01, 0x01, 0x01, 0x01, 0x03, 0x04, 0x04, 0x04, 0x03, 0x02, 0x03,
0x03, 0x01, 0x01, 0x01, 0x06, 0x03, 0x04, 0x01, 0x01, 0x02, 0x03, 0x05, 0x01, 0x01, 0x07, 0x05,
0x05, 0x06, 0x01, 0x01, 0x01, 0x01, 0x02, 0x01, 0x01, 0x02, 0x06, 0x07, 0x07, 0x06, 0x02, 0x01,
0x01, 0x02, 0x05, 0x04, 0x05, 0x04, 0x06, 0x05, 0x05, 0x06, 0x02, 0x02, 0x02, 0x02, 0x07, 0x06,
0x07, 0x07, 0x05, 0x04, 0x05, 0x05, 0x01, 0x01, 0x01, 0x06, 0x03, 0x04, 0x03, 0x02, 0x02, 0x02,
0x89, 0x07, 0x05, 0x05, 0x08, 0x07, 0x05, 0x05, 0x05, 0x01, 0x01, 0x02, 0x02, 0x02, 0x02, 0x02,
0x06, 0x04, 0x05, 0x05, 0x01, 0x01, 0x01, 0x03, 0x03, 0x03, 0x03, 0x02, 0x02, 0x02, 0x02, 0x05,
0x05, 0x06, 0x05, 0x09, 0x08, 0x09, 0x08, 0x03, 0x03, 0x03, 0x03, 0x02, 0x01, 0x02, 0x02, 0x01,
0x01, 0x01, 0x04, 0x04, 0x05, 0x04, 0x08, 0x08, 0x08, 0x08, 0x03, 0x04, 0x04, 0x04, 0x02, 0x02,
0x03, 0x02, 0x0D, 0x0E, 0x0E, 0x0D, 0x0E, 0x0D, 0x0D, 0x0D, 0x0B, 0x0A, 0x0B, 0x0B, 0x05, 0x05,
0x06, 0x06, 0x05, 0x05, 0x06, 0x05, 0x02, 0x02, 0x02, 0x02, 0x0A, 0x04, 0x04, 0x0E, 0x06, 0x05,
0x05, 0x06, 0x03, 0x03, 0x04, 0x03, 0x03, 0x03, 0x04, 0x03, 0x01, 0x02, 0x02, 0x02, 0x11, 0x10,
0x11, 0x11, 0x01, 0x01, 0x01, 0x0F, 0x10, 0x10, 0x0F, 0x08, 0x07, 0x08, 0x08, 0x06, 0x07, 0x07,
0x06, 0x04, 0x03, 0x04, 0x03, 0x04, 0x04, 0x04, 0x04, 0x01, 0x01, 0x01, 0x02, 0x01, 0x01, 0x01,
0x01, 0x01, 0x01, 0x01, 0x01, 0x02, 0x01, 0x02, 0x04, 0x01, 0x01, 0x01, 0x01, 0x01, 0x01, 0x02,
0x05, 0x01, 0x01, 0x01, 0x01, 0x01, 0x01, 0x01, 0x02, 0x01, 0x01, 0x01, 0x02, 0x04, 0x04, 0x04,
0x04, 0x03, 0x02, 0x03, 0x03, 0x07, 0x06, 0x07, 0x07, 0x08, 0x07, 0x08, 0x07, 0x10, 0x0F, 0x10,
0x10, 0x01, 0x01, 0x01, 0x01, 0x01, 0x01, 0x03, 0x02, 0x02, 0x01, 0x01, 0x02, 0x01, 0x01, 0x02,
0x01, 0x01, 0x01, 0x01, 0x05, 0x03, 0x02, 0x02, 0x03, 0x01, 0x01, 0x02, 0x01, 0x03, 0x03, 0x04,
0x04, 0x04, 0x03, 0x04, 0x04, 0x07, 0x06, 0x07, 0x07, 0x09, 0x09, 0x0A, 0x0A, 0x0F, 0x0F, 0x10,
0x10, 0x0F, 0x0F, 0x0F, 0x0F, 0x01, 0x01, 0x01, 0x01, 0x05, 0x04, 0x05, 0x04, 0x27, 0x26, 0x27,
0x27, 0x03, 0x04, 0x05, 0x06, 0x06, 0x04, 0x04, 0x01, 0x02, 0x02, 0x03, 0x06, 0x07, 0x06, 0x07,
0x08, 0x03, 0x01, 0x01, 0x02, 0x01, 0x01, 0x01, 0x02, 0x01, 0x01, 0x01, 0x01, 0x01, 0x01, 0x02,
0x01, 0x04, 0x04, 0x04, 0x04, 0x01, 0x01, 0x02, 0x02, 0x04, 0x04, 0x04, 0x04, 0x03, 0x02, 0x03,
0x03, 0x09, 0x09, 0x09, 0x09, 0x08, 0x08, 0x09, 0x08, 0x08, 0x07, 0x07, 0x07, 0x05, 0x04, 0x04,
0x05, 0x04, 0x04, 0x04, 0x04, 0x01, 0x01, 0x02, 0x02, 0x02, 0x02, 0x02, 0x02, 0x01, 0x01, 0x01,
0x01, 0x06, 0x01, 0x02, 0x01, 0x03, 0x04, 0x06, 0x00, 0x02, 0x00, 0x00, 0xFF, 0xC0, 0x02, 0xCB,
0x03, 0xC0, 0x00, 0x55, 0x00, 0x6C, 0x00, 0x00, 0x01, 0x31, 0x34, 0x37, 0x36, 0x33, 0x31, 0x32,
0x17, 0x16, 0x17, 0x31, 0x1F, 0x01, 0x16, 0x07, 0x06, 0x23, 0x31, 0x22, 0x35, 0x36, 0x37, 0x31,
0x36, 0x37, 0x36, 0x27, 0x31, 0x27, 0x07, 0x06, 0x07, 0x31, 0x06, 0x07, 0x06, 0x07, 0x31, 0x06,
0x23, 0x31, 0x22, 0x27, 0x26, 0x27, 0x31, 0x26, 0x27, 0x26, 0x35, 0x31, 0x34, 0x37, 0x36, 0x37,
0x31, 0x36, 0x37, 0x36, 0x37, 0x31, 0x36, 0x27, 0x26, 0x27, 0x31, 0x26, 0x27, 0x26, 0x27, 0x31,
0x26, 0x27, 0x26, 0x37, 0x31, 0x36, 0x37, 0x36, 0x37, 0x31, 0x36, 0x37, 0x36, 0x35, 0x07, 0x17,
0x16, 0x17, 0x16, 0x17, 0x31, 0x16, 0x17, 0x16, 0x17, 0x31, 0x16, 0x17, 0x16, 0x37, 0x31, 0x34,
0x27, 0x26, 0x27, 0x31, 0x27, 0x01, 0xD3, 0x04, 0x05, 0x05, 0x0D, 0x0F, 0x0F, 0x5A, 0x58, 0x0A,
0x08, 0x05, 0x06, 0x19, 0x05, 0x01, 0x06, 0x07, 0x01, 0x01, 0x04, 0x08, 0x13, 0x10, 0x1A, 0x1A,
0x24, 0x25, 0x2F, 0x30, 0x3B, 0x3C, 0x1D, 0x1D, 0x29, 0x4C, 0x23, 0x24, 0x2B, 0x2C, 0x52, 0x15,
0x11, 0x11, 0x01, 0x02, 0x01, 0x01, 0x03, 0x06, 0x05, 0x06, 0x14, 0x1A, 0x04, 0x05, 0x10, 0x0A,
0x17, 0x18, 0x46, 0x2E, 0x20, 0x21, 0x19, 0x04, 0x03, 0x0A, 0x0B, 0x31, 0x37, 0x21, 0x21, 0x13,
0x06, 0x04, 0x05, 0x01, 0x10, 0x10, 0x17, 0x37, 0x03, 0x22, 0x04, 0x03, 0x03, 0x1E, 0x1F, 0xC7,
0xC5, 0xB7, 0x88, 0x27, 0x28, 0x04, 0x05, 0x07, 0x09, 0x1C, 0x1D, 0x38, 0x69, 0x37, 0x32, 0x24,
0x25, 0x17, 0x18, 0x0B, 0x0C, 0x06, 0x06, 0x13, 0x26, 0x40, 0x41, 0x66, 0x58, 0x36, 0x36, 0x0C,
0x04, 0x06, 0x06, 0x05, 0x05, 0x22, 0x23, 0x2B, 0x48, 0x10, 0x11, 0x05, 0x06, 0x0C, 0x0C, 0x16,
0x0D, 0x05, 0x06, 0x03, 0x02, 0x04, 0x04, 0x05, 0xFF, 0x25, 0x1B, 0x07, 0x08, 0x0B, 0x0D, 0x17,
0x18, 0x2A, 0x0E, 0x05, 0x05, 0x07, 0x07, 0x20, 0x21, 0x26, 0x5C, 0x00, 0x00, 0x02, 0x00, 0x00,
0xFF, 0xC0, 0x04, 0xB2, 0x03, 0xC0, 0x00, 0x83, 0x00, 0xB5, 0x00, 0x00, 0x01, 0x31, 0x36, 0x33,
0x32, 0x17, 0x31, 0x16, 0x17, 0x16, 0x17, 0x31, 0x16, 0x33, 0x31, 0x32, 0x37, 0x36, 0x37, 0x31,
0x36, 0x37, 0x31, 0x36, 0x33, 0x32, 0x15, 0x31, 0x14, 0x17, 0x16, 0x17, 0x31, 0x16, 0x17, 0x16,
0x07, 0x31, 0x07, 0x21, 0x07, 0x06, 0x07, 0x06, 0x17, 0x31, 0x17, 0x07, 0x06, 0x07, 0x06, 0x27,
0x31, 0x27, 0x07, 0x06, 0x07, 0x06, 0x07, 0x31, 0x06, 0x07, 0x06, 0x07, 0x31, 0x06, 0x17, 0x16,
0x33, 0x31, 0x32, 0x17, 0x16, 0x15, 0x31, 0x14, 0x07, 0x06, 0x23, 0x31, 0x26, 0x27, 0x31, 0x26,
0x27, 0x26, 0x27, 0x31, 0x26, 0x27, 0x31, 0x26, 0x27, 0x26, 0x23, 0x31, 0x23, 0x37, 0x36, 0x37,
0x36, 0x37, 0x31, 0x36, 0x37, 0x36, 0x37, 0x31, 0x36, 0x27, 0x26, 0x27, 0x31, 0x26, 0x27, 0x26,
0x35, 0x31, 0x34, 0x37, 0x36, 0x37, 0x31, 0x36, 0x37, 0x36, 0x37, 0x31, 0x36, 0x37, 0x36, 0x37,
0x05, 0x31, 0x06, 0x17, 0x16, 0x17, 0x31, 0x16, 0x33, 0x16, 0x37, 0x31, 0x3F, 0x01, 0x36, 0x27,
0x26, 0x27, 0x31, 0x26, 0x27, 0x26, 0x07, 0x31, 0x0F, 0x01, 0x06, 0x17, 0x16, 0x33, 0x31, 0x32,
0x17, 0x16, 0x17, 0x31, 0x16, 0x27, 0x26, 0x27, 0x31, 0x26, 0x27, 0x26, 0x37, 0x31, 0x36, 0x07,
0x06, 0x07, 0x01, 0x55, 0x04, 0x0F, 0x10, 0x03, 0x03, 0x17, 0x18, 0x75, 0x76, 0x67, 0x67, 0x4D,
0x4E, 0x2F, 0x2F, 0x04, 0x0B, 0x13, 0x13, 0x04, 0x04, 0x05, 0x0E, 0x02, 0x03, 0x02, 0x03, 0xFE,
0xEE, 0x0B, 0x07, 0x01, 0x02, 0x01, 0x02, 0x2A, 0x11, 0x2E, 0x2E, 0x2F, 0x71, 0x0D, 0x05, 0x05,
0x06, 0x03, 0x02, 0x06, 0x07, 0x08, 0x16, 0x03, 0x04, 0x19, 0x03, 0x02, 0x02, 0x03, 0x04, 0x05,
0x0D, 0x2A, 0x2A, 0x2E, 0x2E, 0x25, 0x24, 0x02, 0x02, 0x08, 0x09, 0x0A, 0x17, 0x02, 0x02, 0x10,
0x10, 0x20, 0x0E, 0x0B, 0x0C, 0x02, 0x04, 0x10, 0x10, 0x25, 0x1B, 0x06, 0x06, 0x11, 0x11, 0x11,
0x06, 0x0A, 0x0A, 0x08, 0x08, 0x07, 0x07, 0x01, 0x01, 0x45, 0x1F, 0x02, 0x03, 0x21, 0x0A, 0x21,
0x22, 0x25, 0x5C, 0x02, 0x01, 0x02, 0x02, 0x07, 0x08, 0x0A, 0x0A, 0x29, 0x39, 0x02, 0x02, 0x0D,
0x0D, 0x11, 0x05, 0x05, 0x06, 0x02, 0x06, 0x15, 0x16, 0x10, 0x0F, 0x09, 0x09, 0x03, 0x03, 0x12,
0x12, 0x14, 0x02, 0xEC, 0x0E, 0x0E, 0x0A, 0x02, 0x03, 0x01, 0x01, 0x02, 0x02, 0x03, 0x03, 0x04,
0x0A, 0x0A, 0x04, 0x04, 0x04, 0x01, 0x04, 0x16, 0x16, 0x4F, 0x5A, 0x12, 0x0A, 0x0F, 0x10, 0x1F,
0x37, 0x06, 0x02, 0x01, 0x01, 0x01, 0x02, 0x27, 0x10, 0x12, 0x13, 0x0B, 0x0A, 0x13, 0x14, 0x12,
0x33, 0x36, 0x36, 0x03, 0x03, 0x04, 0x05, 0x03, 0x03, 0x01, 0x08, 0x07, 0x0A, 0x0A, 0x09, 0x0A,
0x03, 0x03, 0x03, 0x03, 0x2B, 0x2A, 0x35, 0x35, 0x45, 0x1F, 0x1D, 0x1E, 0x0A, 0x19, 0x15, 0x15,
0x13, 0x0E, 0x07, 0x07, 0x12, 0x15, 0x2C, 0x2D, 0x19, 0x09, 0x06, 0x07, 0x02, 0x02, 0x05, 0x05,
0x05, 0xFD, 0x1B, 0x27, 0x27, 0x06, 0x02, 0x01, 0x01, 0x02, 0x2F, 0x1B, 0x0E, 0x0F, 0x0A, 0x0D,
0x02, 0x03, 0x02, 0x02, 0x1D, 0x18, 0x15, 0x15, 0x02, 0x02, 0x03, 0x0B, 0x04, 0x05, 0x0D, 0x0D,
0x18, 0x18, 0x15, 0x0F, 0x02, 0x03, 0x11, 0x00, 0x00, 0x05, 0x00, 0x00, 0xFF, 0xC0, 0x02, 0x3A,
0x03, 0xC0, 0x00, 0x5B, 0x00, 0x70, 0x00, 0x84, 0x00, 0xBF, 0x00, 0xD6, 0x00, 0x00, 0x01, 0x31,
0x36, 0x37, 0x36, 0x33, 0x31, 0x36, 0x17, 0x16, 0x17, 0x31, 0x16, 0x17, 0x16, 0x33, 0x31, 0x32,
0x17, 0x16, 0x15, 0x31, 0x14, 0x17, 0x16, 0x17, 0x31, 0x16, 0x17, 0x16, 0x07, 0x31, 0x06, 0x15,
0x14, 0x17, 0x31, 0x16, 0x17, 0x16, 0x07, 0x31, 0x06, 0x27, 0x26, 0x37, 0x31, 0x36, 0x27, 0x26,
0x27, 0x31, 0x27, 0x03, 0x07, 0x06, 0x07, 0x31, 0x06, 0x23, 0x22, 0x27, 0x31, 0x26, 0x27, 0x31,
0x26, 0x27, 0x26, 0x35, 0x31, 0x35, 0x33, 0x32, 0x37, 0x36, 0x37, 0x31, 0x36, 0x37, 0x36, 0x35,
0x31, 0x34, 0x27, 0x26, 0x27, 0x31, 0x26, 0x27, 0x26, 0x37, 0x17, 0x31, 0x14, 0x17, 0x16, 0x17,
0x31, 0x16, 0x17, 0x16, 0x37, 0x31, 0x36, 0x35, 0x26, 0x27, 0x31, 0x26, 0x27, 0x26, 0x15, 0x07,
0x31, 0x16, 0x17, 0x16, 0x37, 0x31, 0x36, 0x27, 0x26, 0x27, 0x31, 0x26, 0x27, 0x26, 0x27, 0x31,
0x22, 0x07, 0x06, 0x07, 0x31, 0x06, 0x07, 0x31, 0x06, 0x07, 0x06, 0x17, 0x31, 0x16, 0x17, 0x31,
0x16, 0x37, 0x36, 0x27, 0x31, 0x26, 0x37, 0x36, 0x37, 0x31, 0x36, 0x33, 0x32, 0x15, 0x31, 0x14,
0x17, 0x16, 0x17, 0x31, 0x16, 0x17, 0x16, 0x07, 0x31, 0x06, 0x17, 0x16, 0x33, 0x31, 0x32, 0x37,
0x36, 0x37, 0x31, 0x36, 0x27, 0x26, 0x27, 0x31, 0x26, 0x27, 0x26, 0x27, 0x31, 0x27, 0x03, 0x31,
0x17, 0x21, 0x3F, 0x01, 0x07, 0x06, 0x07, 0x06, 0x07, 0x31, 0x06, 0x07, 0x06, 0x27, 0x31, 0x26,
0x27, 0x26, 0x27, 0x31, 0x27, 0x01, 0x3E, 0x02, 0x18, 0x19, 0x21, 0x30, 0x10, 0x11, 0x02, 0x02,
0x05, 0x05, 0x04, 0x05, 0x03, 0x03, 0x07, 0x07, 0x09, 0x1A, 0x08, 0x09, 0x11, 0x03, 0x03, 0x02,
0x01, 0x01, 0x01, 0x06, 0x05, 0x06, 0x02, 0x01, 0x01, 0x01, 0x03, 0x07, 0x02, 0x1E, 0x0D, 0x24,
0x23, 0x26, 0x27, 0x20, 0x20, 0x07, 0x0A, 0x02, 0x02, 0x22, 0x0E, 0x0C, 0x0D, 0x04, 0x04, 0x03,
0x03, 0x03, 0x04, 0x0A, 0x07, 0x03, 0x04, 0x02, 0xC2, 0x03, 0x04, 0x06, 0x09, 0x03, 0x03, 0x08,
0x0B, 0x01, 0x0B, 0x0A, 0x0C, 0x0D, 0x3E, 0x02, 0x13, 0x14, 0x14, 0x08, 0x01, 0x01, 0x0D, 0x08,
0x0B, 0x0B, 0x08, 0x0B, 0x03, 0x03, 0x50, 0x1C, 0x11, 0x11, 0x05, 0x05, 0x08, 0x08, 0x16, 0x13,
0x07, 0x07, 0x0B, 0x0A, 0x02, 0x03, 0x0F, 0x08, 0x01, 0x02, 0x09, 0x09, 0x0D, 0x0D, 0x08, 0x08,
0x02, 0x01, 0x02, 0x03, 0x05, 0x05, 0x08, 0x09, 0x06, 0x14, 0x06, 0x06, 0x20, 0x0E, 0x0D, 0x0D,
0x03, 0x09, 0x87, 0x02, 0x01, 0x0C, 0x02, 0x02, 0x1E, 0x0C, 0x13, 0x14, 0x0E, 0x0F, 0x0F, 0x0F,
0x07, 0x06, 0x15, 0x16, 0x17, 0x3A, 0x02, 0xC1, 0x04, 0x02, 0x03, 0x01, 0x02, 0x02, 0x08, 0x05,
0x03, 0x04, 0x01, 0x02, 0x03, 0x02, 0x05, 0x05, 0x04, 0x0B, 0x21, 0x21, 0x16, 0x04, 0x3D, 0x3D,
0x57, 0x55, 0x3F, 0x3F, 0x04, 0x0F, 0x06, 0x06, 0x13, 0x0A, 0x3A, 0x3B, 0x47, 0xAE, 0xFE, 0x8A,
0x06, 0x03, 0x01, 0x02, 0x02, 0x01, 0x03, 0x03, 0x20, 0x20, 0x87, 0xC5, 0x03, 0x03, 0x04, 0x04,
0x10, 0x11, 0x13, 0x1C, 0x0D, 0x0E, 0x0A, 0x08, 0x07, 0x07, 0x03, 0x38, 0x05, 0x0C, 0x0C, 0x0C,
0x16, 0x02, 0x02, 0x0B, 0x0E, 0x09, 0x0A, 0x10, 0x0F, 0x02, 0x02, 0x0C, 0x46, 0x0E, 0x05, 0x06,
0x07, 0x03, 0x04, 0x04, 0x09, 0x06, 0x04, 0x05, 0x01, 0x04, 0x04, 0x7A, 0x19, 0x24, 0x24, 0x25,
0x25, 0x22, 0x22, 0x16, 0x14, 0x02, 0x02, 0x15, 0x14, 0x19, 0x1A, 0x13, 0x0B, 0x0C, 0x07, 0x11,
0x11, 0x11, 0x11, 0x0E, 0x0F, 0x02, 0x03, 0x02, 0x02, 0x07, 0x08, 0x0B, 0x1F, 0x27, 0x28, 0x32,
0x16, 0x1A, 0x1A, 0x0D, 0x22, 0xFE, 0x4C, 0x38, 0x3A, 0x39, 0x05, 0x02, 0x03, 0x04, 0x03, 0x03,
0x01, 0x01, 0x02, 0x01, 0x03, 0x03, 0x03, 0x06, 0x00, 0x01, 0x00, 0x00, 0xFF, 0xC0, 0x0D, 0xF0,
0x03, 0xC0, 0x02, 0x38, 0x00, 0x00, 0x01, 0x31, 0x26, 0x27, 0x31, 0x26, 0x27, 0x31, 0x26, 0x27,
0x31, 0x26, 0x27, 0x31, 0x26, 0x23, 0x31, 0x21, 0x06, 0x23, 0x31, 0x06, 0x27, 0x31, 0x23, 0x06,
0x07, 0x31, 0x06, 0x27, 0x31, 0x22, 0x27, 0x31, 0x26, 0x07, 0x31, 0x06, 0x23, 0x31, 0x22, 0x27,
0x31, 0x26, 0x07, 0x31, 0x06, 0x07, 0x31, 0x06, 0x27, 0x31, 0x22, 0x27, 0x31, 0x23, 0x14, 0x07,
0x31, 0x06, 0x23, 0x31, 0x22, 0x27, 0x31, 0x26, 0x27, 0x31, 0x26, 0x07, 0x31, 0x06, 0x27, 0x31,
0x26, 0x27, 0x31, 0x26, 0x07, 0x31, 0x06, 0x27, 0x31, 0x26, 0x27, 0x31, 0x06, 0x07, 0x31, 0x06,
0x27, 0x31, 0x27, 0x26, 0x07, 0x31, 0x06, 0x07, 0x31, 0x06, 0x07, 0x31, 0x06, 0x27, 0x31, 0x26,
0x27, 0x31, 0x26, 0x27, 0x31, 0x26, 0x07, 0x31, 0x07, 0x06, 0x23, 0x31, 0x22, 0x27, 0x31, 0x34,
0x27, 0x31, 0x26, 0x35, 0x31, 0x23, 0x06, 0x07, 0x31, 0x06, 0x27, 0x31, 0x26, 0x27, 0x31, 0x23,
0x22, 0x07, 0x31, 0x06, 0x27, 0x31, 0x22, 0x27, 0x31, 0x26, 0x27, 0x31, 0x26, 0x27, 0x31, 0x26,
0x39, 0x01, 0x26, 0x35, 0x31, 0x36, 0x35, 0x31, 0x34, 0x37, 0x31, 0x36, 0x37, 0x31, 0x36, 0x37,
0x31, 0x36, 0x37, 0x31, 0x36, 0x27, 0x31, 0x26, 0x27, 0x31, 0x26, 0x27, 0x31, 0x26, 0x27, 0x31,
0x06, 0x07, 0x31, 0x06, 0x07, 0x31, 0x06, 0x07, 0x31, 0x06, 0x27, 0x31, 0x26, 0x27, 0x31, 0x26,
0x23, 0x31, 0x26, 0x27, 0x31, 0x26, 0x07, 0x31, 0x06, 0x07, 0x31, 0x06, 0x07, 0x31, 0x06, 0x07,
0x31, 0x06, 0x27, 0x31, 0x26, 0x27, 0x31, 0x26, 0x07, 0x31, 0x06, 0x07, 0x31, 0x06, 0x07, 0x31,
0x06, 0x07, 0x31, 0x06, 0x07, 0x31, 0x06, 0x07, 0x31, 0x06, 0x15, 0x31, 0x14, 0x07, 0x31, 0x22,
0x15, 0x31, 0x06, 0x17, 0x31, 0x17, 0x33, 0x14, 0x17, 0x31, 0x15, 0x14, 0x17, 0x31, 0x16, 0x17,
0x31, 0x16, 0x15, 0x31, 0x14, 0x17, 0x31, 0x16, 0x17, 0x31, 0x16, 0x17, 0x31, 0x16, 0x37, 0x31,
0x36, 0x37, 0x31, 0x36, 0x37, 0x31, 0x36, 0x17, 0x31, 0x16, 0x17, 0x31, 0x16, 0x17, 0x31, 0x32,
0x17, 0x31, 0x16, 0x17, 0x31, 0x16, 0x33, 0x31, 0x16, 0x33, 0x31, 0x32, 0x37, 0x31, 0x32, 0x37,
0x31, 0x36, 0x37, 0x31, 0x36, 0x37, 0x31, 0x36, 0x33, 0x31, 0x32, 0x17, 0x31, 0x32, 0x17, 0x31,
0x16, 0x33, 0x31, 0x16, 0x33, 0x31, 0x16, 0x33, 0x31, 0x16, 0x17, 0x31, 0x16, 0x17, 0x31, 0x16,
0x17, 0x31, 0x16, 0x17, 0x31, 0x16, 0x07, 0x31, 0x16, 0x17, 0x31, 0x16, 0x17, 0x31, 0x16, 0x37,
0x31, 0x36, 0x37, 0x31, 0x36, 0x37, 0x31, 0x36, 0x37, 0x31, 0x36, 0x37, 0x31, 0x36, 0x37, 0x31,
0x34, 0x37, 0x31, 0x36, 0x35, 0x31, 0x35, 0x34, 0x37, 0x31, 0x32, 0x37, 0x31, 0x36, 0x37, 0x31,
0x36, 0x17, 0x31, 0x16, 0x17, 0x31, 0x16, 0x33, 0x31, 0x33, 0x32, 0x35, 0x31, 0x26, 0x37, 0x31,
0x36, 0x17, 0x31, 0x16, 0x17, 0x31, 0x33, 0x36, 0x33, 0x31, 0x32, 0x17, 0x31, 0x16, 0x37, 0x31,
0x36, 0x37, 0x31, 0x36, 0x37, 0x31, 0x36, 0x17, 0x31, 0x16, 0x17, 0x31, 0x16, 0x17, 0x31, 0x16,
0x37, 0x31, 0x36, 0x37, 0x31, 0x36, 0x17, 0x31, 0x16, 0x17, 0x31, 0x16, 0x17, 0x31, 0x16, 0x15,
0x31, 0x36, 0x37, 0x31, 0x36, 0x33, 0x31, 0x32, 0x17, 0x31, 0x16, 0x39, 0x01, 0x16, 0x37, 0x31,
0x36, 0x33, 0x31, 0x32, 0x17, 0x31, 0x16, 0x17, 0x31, 0x16, 0x33, 0x31, 0x32, 0x37, 0x31, 0x36,
0x37, 0x31, 0x36, 0x17, 0x31, 0x16, 0x17, 0x31, 0x33, 0x36, 0x33, 0x31, 0x32, 0x17, 0x31, 0x16,
0x37, 0x31, 0x36, 0x33, 0x31, 0x32, 0x17, 0x31, 0x16, 0x17, 0x31, 0x16, 0x33, 0x31, 0x32, 0x37,
0x31, 0x36, 0x37, 0x31, 0x36, 0x17, 0x31, 0x16, 0x17, 0x31, 0x33, 0x36, 0x37, 0x31, 0x36, 0x17,
0x31, 0x16, 0x15, 0x31, 0x14, 0x33, 0x31, 0x21, 0x32, 0x37, 0x31, 0x36, 0x37, 0x31, 0x36, 0x33,
0x31, 0x36, 0x37, 0x31, 0x36, 0x37, 0x31, 0x36, 0x37, 0x31, 0x26, 0x27, 0x31, 0x26, 0x27, 0x0D,
0x59, 0x34, 0x25, 0x2B, 0x31, 0x17, 0x2E, 0x2F, 0x17, 0x4F, 0x3E, 0xFE, 0xAF, 0x07, 0x05, 0x08,
0x05, 0x02, 0x02, 0x02, 0x03, 0x04, 0x0A, 0x04, 0x0B, 0x07, 0x06, 0x0D, 0x0C, 0x07, 0x08, 0x0B,
0x01, 0x03, 0x03, 0x04, 0x09, 0x05, 0x02, 0x02, 0x01, 0x0A, 0x06, 0x02, 0x01, 0x03, 0x09, 0x09,
0x08, 0x0F, 0x09, 0x0A, 0x0B, 0x04, 0x05, 0x07, 0x08, 0x05, 0x05, 0x04, 0x06, 0x06, 0x04, 0x03,
0x0A, 0x03, 0x04, 0x05, 0x08, 0x0B, 0x06, 0x08, 0x03, 0x02, 0x04, 0x07, 0x02, 0x05, 0x04, 0x02,
0x08, 0x01, 0x01, 0x02, 0x03, 0x02, 0x06, 0x07, 0x06, 0x04, 0x02, 0x56, 0x0C, 0x0A, 0x09, 0x0F,
0x02, 0x04, 0x05, 0x03, 0x04, 0x0B, 0x08, 0x02, 0x02, 0x05, 0x08, 0x05, 0x01, 0x03, 0x04, 0x02,
0x03, 0x01, 0x02, 0x05, 0x13, 0x0A, 0x0C, 0x12, 0x08, 0x10, 0x13, 0x28, 0x16, 0x1A, 0x1C, 0x18,
0x1F, 0x3C, 0x3C, 0x1E, 0x3E, 0x78, 0x52, 0x39, 0x46, 0x44, 0x37, 0x18, 0x1A, 0x34, 0x0F, 0x0E,
0x08, 0x13, 0x19, 0x1A, 0x1F, 0x11, 0x10, 0x0B, 0x0C, 0x07, 0x03, 0x01, 0x01, 0x03, 0x02, 0x04,
0x0F, 0x02, 0x0D, 0x03, 0x04, 0x01, 0x02, 0x01, 0x02, 0x01, 0x01, 0x08, 0x15, 0x12, 0x2A, 0x1F,
0x1C, 0x08, 0x10, 0x0F, 0x09, 0x0C, 0x0E, 0x09, 0x13, 0x0F, 0x20, 0x08, 0x10, 0x0F, 0x07, 0x52,
0x65, 0x3E, 0x79, 0x26, 0x13, 0x27, 0x13, 0x1B, 0x0E, 0x0C, 0x1B, 0x1E, 0x0E, 0x1E, 0x0F, 0x04,
0x08, 0x09, 0x04, 0x04, 0x07, 0x08, 0x04, 0x0E, 0x06, 0x03, 0x06, 0x05, 0x03, 0x1E, 0x03, 0x02,
0x17, 0x0A, 0x15, 0x19, 0x07, 0x03, 0x02, 0x03, 0x01, 0x02, 0x03, 0x04, 0x08, 0x08, 0x04, 0x04,
0x13, 0x02, 0x01, 0x03, 0x07, 0x06, 0x0D, 0x09, 0x0B, 0x0B, 0x06, 0x08, 0x08, 0x05, 0x4C, 0x0C,
0x03, 0x07, 0x08, 0x06, 0x01, 0x05, 0x02, 0x04, 0x09, 0x09, 0x04, 0x05, 0x06, 0x02, 0x03, 0x04,
0x07, 0x08, 0x07, 0x06, 0x08, 0x01, 0x04, 0x08, 0x03, 0x03, 0x01, 0x08, 0x07, 0x02, 0x02, 0x02,
0x01, 0x01, 0x03, 0x02, 0x01, 0x07, 0x07, 0x04, 0x02, 0x09, 0x08, 0x08, 0x0C, 0x0A, 0x05, 0x07,
0x01, 0x05, 0x05, 0x04, 0x02, 0x01, 0x03, 0x04, 0x05, 0x07, 0x03, 0x02, 0x03, 0x0A, 0x09, 0x03,
0x0A, 0x08, 0x08, 0x0C, 0x08, 0x06, 0x04, 0x06, 0x02, 0x06, 0x04, 0x03, 0x02, 0x03, 0x03, 0x05,
0x07, 0x03, 0x02, 0x02, 0x07, 0x06, 0x07, 0x02, 0x05, 0x01, 0x4F, 0x48, 0x47, 0x0F, 0x1B, 0x1C,
0x0F, 0x38, 0x1B, 0x43, 0x5C, 0x4F, 0x3D, 0x22, 0x26, 0x29, 0x26, 0x01, 0xCF, 0x0F, 0x09, 0x09,
0x04, 0x02, 0x05, 0x05, 0x02, 0x07, 0x15, 0x01, 0x16, 0x0B, 0x05, 0x06, 0x01, 0x15, 0x07, 0x0F,
0x0F, 0x0F, 0x0F, 0x07, 0x0B, 0x05, 0x06, 0x01, 0x15, 0x08, 0x06, 0x09, 0x09, 0x0A, 0x04, 0x06,
0x0F, 0x12, 0x04, 0x02, 0x10, 0x12, 0x14, 0x16, 0x08, 0x07, 0x0E, 0x04, 0x0E, 0x0F, 0x13, 0x0D,
0x07, 0x06, 0x07, 0x07, 0x08, 0x01, 0x02, 0x06, 0x08, 0x04, 0x06, 0x01, 0x03, 0x06, 0x0B, 0x09,
0x09, 0x03, 0x04, 0x06, 0x01, 0x0B, 0x0A, 0x0C, 0x13, 0x0D, 0x01, 0x08, 0x08, 0x04, 0x02, 0x02,
0x01, 0x02, 0x02, 0x06, 0x01, 0x09, 0x09, 0x13, 0x10, 0x0C, 0x16, 0x0C, 0x04, 0x0C, 0x0C, 0x07,
0x09, 0x10, 0x10, 0x01, 0x06, 0x01, 0x02, 0x05, 0x2A, 0x2D, 0x2D, 0x16, 0x0C, 0x09, 0x08, 0x02,
0x01, 0x02, 0x02, 0x01, 0x06, 0x03, 0x06, 0x05, 0x03, 0x03, 0x03, 0x04, 0x05, 0x02, 0x0B, 0x07,
0x09, 0x08, 0x02, 0x02, 0x0D, 0x0B, 0x0D, 0x0D, 0x15, 0x0B, 0x06, 0x07, 0x0B, 0x04, 0x0D, 0x0B,
0x04, 0x17, 0x19, 0x03, 0x01, 0x07, 0x04, 0x0E, 0x04, 0x07, 0x07, 0x04, 0x03, 0x07, 0x08, 0x04,
0x25, 0x1D, 0x1C, 0x07, 0x04, 0x18, 0x07, 0x0E, 0x0E, 0x07, 0x0A, 0x01, 0x02, 0x05, 0x04, 0x03,
0x02, 0x01, 0x01, 0x06, 0x01, 0x01, 0x02, 0x02, 0x04, 0x03, 0x03, 0x03, 0x02, 0x01, 0x01, 0x02,
0x01, 0x03, 0x04, 0x03, 0x04, 0x04, 0x03, 0x1A, 0x28, 0x28, 0x21, 0x03, 0x05, 0x07, 0x03, 0x01,
0x03, 0x02, 0x06, 0x07, 0x08, 0x0B, 0x18, 0x18, 0x0D, 0x0F, 0x35, 0x02, 0x01, 0x02, 0x01, 0x07,
0x0A, 0x02, 0x02, 0x02, 0x06, 0x07, 0x03, 0x01, 0x03, 0x03, 0x03, 0x03, 0x0C, 0x0E, 0x0D, 0x05,
0x0E, 0x15, 0x15, 0x05, 0x07, 0x05, 0x04, 0x07, 0x04, 0x03, 0x01, 0x02, 0x08, 0x03, 0x0B, 0x07,
0x09, 0x08, 0x03, 0x13, 0x0D, 0x04, 0x04, 0x04, 0x03, 0x02, 0x02, 0x04, 0x0A, 0x0A, 0x0A, 0x0E,
0x05, 0x0D, 0x10, 0x05, 0x06, 0x07, 0x07, 0x08, 0x0A, 0x03, 0x04, 0x03, 0x06, 0x0F, 0x15, 0x15,
0x05, 0x0D, 0x10, 0x06, 0x04, 0x08, 0x07, 0x08, 0x0A, 0x03, 0x04, 0x03, 0x06, 0x0F, 0x08, 0x0D,
0x0C, 0x14, 0x05, 0x04, 0x04, 0x04, 0x02, 0x02, 0x02, 0x03, 0x04, 0x09, 0x19, 0x16, 0x36, 0x1B,
0x11, 0x12, 0x09, 0x00, 0x00, 0x01, 0x00, 0x00, 0xFF, 0xC0, 0x0E, 0xC7, 0x03, 0xC0, 0x01, 0x60,
0x00, 0x00, 0x01, 0x31, 0x36, 0x37, 0x31, 0x36, 0x37, 0x31, 0x36, 0x33, 0x31, 0x06, 0x07, 0x31,
0x06, 0x07, 0x31, 0x06, 0x07, 0x31, 0x06, 0x07, 0x31, 0x06, 0x07, 0x31, 0x06, 0x07, 0x31, 0x06,
0x07, 0x31, 0x06, 0x23, 0x31, 0x21, 0x06, 0x27, 0x31, 0x26, 0x27, 0x31, 0x26, 0x27, 0x31, 0x26,
0x35, 0x31, 0x26, 0x27, 0x31, 0x26, 0x27, 0x31, 0x26, 0x07, 0x31, 0x06, 0x07, 0x31, 0x06, 0x07,
0x31, 0x06, 0x17, 0x31, 0x16, 0x17, 0x31, 0x16, 0x17, 0x31, 0x16, 0x17, 0x31, 0x16, 0x07, 0x31,
0x06, 0x07, 0x31, 0x06, 0x27, 0x31, 0x26, 0x27, 0x31, 0x26, 0x35, 0x31, 0x34, 0x37, 0x31, 0x34,
0x27, 0x31, 0x26, 0x27, 0x31, 0x26, 0x07, 0x31, 0x0F, 0x01, 0x06, 0x07, 0x31, 0x06, 0x07, 0x31,
0x06, 0x07, 0x31, 0x06, 0x07, 0x31, 0x06, 0x23, 0x31, 0x06, 0x07, 0x31, 0x06, 0x27, 0x31, 0x26,
0x27, 0x31, 0x26, 0x27, 0x31, 0x26, 0x27, 0x31, 0x22, 0x27, 0x31, 0x26, 0x23, 0x31, 0x26, 0x27,
0x31, 0x26, 0x07, 0x31, 0x06, 0x07, 0x31, 0x06, 0x07, 0x31, 0x06, 0x27, 0x31, 0x26, 0x27, 0x31,
0x34, 0x27, 0x31, 0x34, 0x27, 0x31, 0x26, 0x35, 0x31, 0x26, 0x35, 0x31, 0x26, 0x27, 0x31, 0x26,
0x27, 0x31, 0x26, 0x37, 0x31, 0x36, 0x37, 0x31, 0x36, 0x35, 0x31, 0x26, 0x37, 0x31, 0x34, 0x37,
0x31, 0x34, 0x37, 0x31, 0x34, 0x37, 0x31, 0x36, 0x37, 0x31, 0x36, 0x17, 0x31, 0x16, 0x17, 0x31,
0x16, 0x17, 0x31, 0x16, 0x37, 0x31, 0x36, 0x37, 0x31, 0x36, 0x37, 0x31, 0x36, 0x37, 0x31, 0x36,
0x33, 0x31, 0x36, 0x37, 0x31, 0x36, 0x37, 0x31, 0x36, 0x37, 0x31, 0x36, 0x17, 0x31, 0x16, 0x17,
0x31, 0x17, 0x16, 0x17, 0x31, 0x16, 0x17, 0x31, 0x16, 0x17, 0x31, 0x16, 0x17, 0x31, 0x16, 0x17,
0x31, 0x16, 0x33, 0x31, 0x16, 0x17, 0x31, 0x32, 0x33, 0x31, 0x16, 0x37, 0x31, 0x34, 0x35, 0x31,
0x36, 0x37, 0x31, 0x36, 0x27, 0x31, 0x26, 0x35, 0x31, 0x34, 0x37, 0x31, 0x36, 0x17, 0x31, 0x16,
0x17, 0x31, 0x14, 0x07, 0x31, 0x06, 0x07, 0x31, 0x06, 0x07, 0x31, 0x06, 0x17, 0x31, 0x16, 0x17,
0x31, 0x16, 0x17, 0x31, 0x16, 0x17, 0x31, 0x16, 0x15, 0x31, 0x06, 0x15, 0x31, 0x14, 0x37, 0x31,
0x36, 0x33, 0x31, 0x21, 0x32, 0x17, 0x31, 0x16, 0x17, 0x31, 0x16, 0x17, 0x31, 0x16, 0x17, 0x31,
0x16, 0x17, 0x31, 0x16, 0x17, 0x31, 0x17, 0x16, 0x37, 0x31, 0x37, 0x36, 0x37, 0x31, 0x36, 0x37,
0x31, 0x36, 0x37, 0x0E, 0x6B, 0x1D, 0x12, 0x08, 0x0F, 0x0F, 0x07, 0x38, 0x1D, 0x2D, 0x35, 0x26,
0x2D, 0x2E, 0x2E, 0x26, 0x13, 0x26, 0x15, 0x66, 0x3B, 0x4C, 0x58, 0xFD, 0xE9, 0x0D, 0x06, 0x04,
0x02, 0x01, 0x03, 0x03, 0x06, 0x0D, 0x0C, 0x13, 0x2E, 0x34, 0x37, 0x1F, 0x0C, 0x16, 0x14, 0x10,
0x07, 0x0B, 0x0A, 0x0A, 0x09, 0x01, 0x03, 0x03, 0x03, 0x0B, 0x0F, 0x07, 0x28, 0x19, 0x18, 0x01,
0x03, 0x01, 0x05, 0x06, 0x08, 0x23, 0x39, 0x0B, 0x12, 0x12, 0x09, 0x15, 0x2E, 0x0C, 0x16, 0x16,
0x0C, 0x6F, 0x36, 0x4D, 0x5A, 0x1E, 0x3D, 0x3D, 0x1D, 0x53, 0x64, 0x08, 0x12, 0x12, 0x08, 0x13,
0x23, 0x21, 0x0E, 0x13, 0x0C, 0x06, 0x0D, 0x0D, 0x0F, 0x08, 0x02, 0x01, 0x02, 0x01, 0x02, 0x07,
0x07, 0x0B, 0x03, 0x05, 0x05, 0x05, 0x11, 0x08, 0x03, 0x03, 0x01, 0x02, 0x03, 0x02, 0x06, 0x10,
0x0E, 0x10, 0x04, 0x0F, 0x11, 0x12, 0x1D, 0x09, 0x13, 0x13, 0x0A, 0x09, 0x12, 0x12, 0x0B, 0x57,
0x5E, 0x1D, 0x3D, 0x3D, 0x1E, 0x59, 0x4E, 0x6F, 0x38, 0x41, 0x29, 0x18, 0x0A, 0x14, 0x14, 0x08,
0x09, 0x12, 0x13, 0x0A, 0x06, 0x0A, 0x03, 0x05, 0x05, 0x03, 0x0C, 0x03, 0x01, 0x02, 0x03, 0x02,
0x01, 0x20, 0x1E, 0x29, 0x15, 0x03, 0x10, 0x0C, 0x0A, 0x0C, 0x03, 0x04, 0x07, 0x07, 0x0B, 0x03,
0x04, 0x04, 0x03, 0x02, 0x02, 0x10, 0x0B, 0x0E, 0x01, 0x35, 0x49, 0x5F, 0x1C, 0x37, 0x38, 0x1C,
0x72, 0x37, 0x74, 0x36, 0x1F, 0x40, 0x60, 0x1E, 0x24, 0x42, 0x1C, 0x37, 0x0E, 0x1B, 0x1C, 0x0F,
0x01, 0xE3, 0x03, 0x03, 0x02, 0x02, 0x02, 0x46, 0x22, 0x34, 0x28, 0x1C, 0x14, 0x15, 0x0E, 0x0C,
0x04, 0x09, 0x02, 0x08, 0x06, 0x0B, 0x01, 0x03, 0x04, 0x0D, 0x05, 0x06, 0x07, 0x01, 0x11, 0x13,
0x10, 0x0A, 0x1A, 0x0E, 0x10, 0x24, 0x0D, 0x27, 0x23, 0x19, 0x0A, 0x02, 0x01, 0x06, 0x06, 0x07,
0x09, 0x08, 0x0B, 0x03, 0x03, 0x01, 0x06, 0x1D, 0x1E, 0x29, 0x1D, 0x10, 0x10, 0x1D, 0x0C, 0x06,
0x06, 0x02, 0x04, 0x09, 0x01, 0x03, 0x03, 0x02, 0x02, 0x03, 0x02, 0x01, 0x02, 0x06, 0x04, 0x06,
0x05, 0x01, 0x03, 0x03, 0x01, 0x02, 0x0A, 0x03, 0x03, 0x01, 0x03, 0x03, 0x11, 0x16, 0x15, 0x0A,
0x0A, 0x0B, 0x0F, 0x07, 0x10, 0x05, 0x08, 0x08, 0x04, 0x10, 0x1F, 0x10, 0x1F, 0x0F, 0x07, 0x06,
0x0E, 0x16, 0x18, 0x16, 0x10, 0x07, 0x10, 0x0F, 0x0C, 0x10, 0x07, 0x10, 0x07, 0x08, 0x0E, 0x0C,
0x09, 0x11, 0x0D, 0x11, 0x09, 0x16, 0x10, 0x10, 0x03, 0x01, 0x02, 0x01, 0x02, 0x01, 0x02, 0x01,
0x09, 0x04, 0x02, 0x03, 0x02, 0x02, 0x04, 0x06, 0x08, 0x03, 0x05, 0x03, 0x02, 0x02, 0x03, 0x03,
0x01, 0x02, 0x03, 0x03, 0x01, 0x01, 0x02, 0x01, 0x03, 0x0D, 0x03, 0x06, 0x07, 0x03, 0x1A, 0x12,
0x10, 0x1D, 0x29, 0x20, 0x21, 0x06, 0x02, 0x13, 0x11, 0x09, 0x08, 0x01, 0x03, 0x10, 0x12, 0x1A,
0x17, 0x10, 0x05, 0x03, 0x03, 0x04, 0x03, 0x0A, 0x06, 0x07, 0x0C, 0x03, 0x01, 0x07, 0x01, 0x06,
0x06, 0x02, 0x08, 0x02, 0x06, 0x01, 0x02, 0x03, 0x04, 0x01, 0x04, 0x04, 0x02, 0x06, 0x01, 0x02,
0x01, 0x01, 0x00, 0x00, 0x00, 0x02, 0x00, 0x00, 0xFF, 0xC0, 0x0E, 0x5A, 0x03, 0xC0, 0x00, 0xC9,
0x00, 0xE3, 0x00, 0x00, 0x01, 0x31, 0x36, 0x37, 0x36, 0x17, 0x31, 0x16, 0x17, 0x16, 0x15, 0x31,
0x17, 0x33, 0x32, 0x37, 0x36, 0x37, 0x31, 0x36, 0x37, 0x31, 0x36, 0x37, 0x36, 0x37, 0x31, 0x32,
0x33, 0x31, 0x21, 0x05, 0x16, 0x17, 0x31, 0x16, 0x17, 0x16, 0x17, 0x31, 0x16, 0x17, 0x31, 0x16,
0x17, 0x16, 0x15, 0x31, 0x14, 0x07, 0x06, 0x07, 0x31, 0x06, 0x07, 0x06, 0x07, 0x31, 0x07, 0x05,
0x07, 0x23, 0x35, 0x27, 0x26, 0x23, 0x22, 0x07, 0x31, 0x06, 0x27, 0x26, 0x27, 0x31, 0x26, 0x23,
0x22, 0x07, 0x31, 0x06, 0x23, 0x22, 0x27, 0x31, 0x26, 0x23, 0x22, 0x07, 0x31, 0x06, 0x07, 0x06,
0x27, 0x31, 0x26, 0x23, 0x22, 0x07, 0x31, 0x06, 0x27, 0x26, 0x27, 0x31, 0x26, 0x23, 0x22, 0x07,
0x31, 0x06, 0x07, 0x31, 0x06, 0x07, 0x06, 0x07, 0x31, 0x06, 0x27, 0x31, 0x26, 0x27, 0x26, 0x27,
0x31, 0x26, 0x27, 0x31, 0x26, 0x35, 0x34, 0x37, 0x31, 0x36, 0x37, 0x31, 0x36, 0x37, 0x36, 0x37,
0x31, 0x36, 0x17, 0x16, 0x17, 0x31, 0x16, 0x17, 0x16, 0x37, 0x31, 0x36, 0x33, 0x16, 0x17, 0x31,
0x16, 0x33, 0x32, 0x37, 0x31, 0x36, 0x37, 0x36, 0x17, 0x31, 0x16, 0x17, 0x16, 0x33, 0x31, 0x36,
0x33, 0x32, 0x17, 0x31, 0x32, 0x37, 0x36, 0x37, 0x31, 0x36, 0x17, 0x16, 0x17, 0x31, 0x16, 0x33,
0x32, 0x37, 0x31, 0x36, 0x37, 0x36, 0x33, 0x31, 0x33, 0x35, 0x34, 0x37, 0x36, 0x37, 0x01, 0x31,
0x06, 0x07, 0x06, 0x15, 0x31, 0x14, 0x17, 0x16, 0x33, 0x31, 0x32, 0x37, 0x36, 0x27, 0x31, 0x26,
0x27, 0x26, 0x23, 0x31, 0x22, 0x07, 0x06, 0x07, 0x05, 0xB4, 0x03, 0x07, 0x07, 0x07, 0x12, 0x05,
0x06, 0x01, 0x49, 0x1E, 0x17, 0x17, 0x02, 0x01, 0x2A, 0x2A, 0x50, 0x50, 0x76, 0x76, 0x9A, 0x02,
0x76, 0x01, 0x32, 0x3F, 0x3D, 0x3D, 0x32, 0x33, 0x24, 0x24, 0x0E, 0x1B, 0x13, 0x14, 0x3F, 0x40,
0x1B, 0x2C, 0x3D, 0x3E, 0x4D, 0x69, 0xF9, 0x83, 0x05, 0x33, 0x54, 0x52, 0x15, 0x16, 0x30, 0x1C,
0x12, 0x13, 0x0B, 0x0C, 0x07, 0x08, 0x0A, 0x10, 0x30, 0x30, 0x10, 0x0A, 0x08, 0x08, 0x0C, 0x0A,
0x12, 0x12, 0x19, 0x30, 0x14, 0x15, 0x2F, 0x17, 0x13, 0x13, 0x08, 0x0A, 0x10, 0x11, 0x1F, 0x18,
0x34, 0x35, 0x37, 0x37, 0x2C, 0x2C, 0x07, 0x04, 0x05, 0x05, 0x03, 0x03, 0x01, 0x02, 0x01, 0x02,
0x03, 0x02, 0x25, 0x25, 0x32, 0x49, 0x1F, 0x20, 0x16, 0x25, 0x2C, 0x2D, 0x05, 0x06, 0x3A, 0x3B,
0x09, 0x06, 0x06, 0x07, 0x0C, 0x0A, 0x13, 0x13, 0x1B, 0x17, 0x14, 0x15, 0x06, 0x0E, 0x41, 0x41,
0x0F, 0x07, 0x15, 0x16, 0x19, 0x1E, 0x13, 0x14, 0x0A, 0x0C, 0x06, 0x07, 0x06, 0x05, 0x18, 0x18,
0x25, 0x50, 0x02, 0x02, 0x02, 0x06, 0x34, 0x04, 0x03, 0x03, 0x0E, 0x0F, 0x24, 0x2E, 0x10, 0x11,
0x10, 0x05, 0x0B, 0x0C, 0x1E, 0x15, 0x11, 0x12, 0x04, 0x03, 0x02, 0x03, 0x01, 0x01, 0x01, 0x03,
0x1E, 0x1F, 0x64, 0x6E, 0x02, 0x03, 0x04, 0x02, 0x01, 0x02, 0x01, 0x01, 0x01, 0x2E, 0x0A, 0x09,
0x09, 0x07, 0x07, 0x05, 0x05, 0x01, 0x03, 0x03, 0x04, 0x03, 0x06, 0x30, 0x30, 0x0E, 0x16, 0x14,
0x14, 0x11, 0x17, 0x0A, 0x96, 0xB3, 0x05, 0x04, 0x04, 0x03, 0x01, 0x02, 0x06, 0x07, 0x06, 0x0A,
0x0A, 0x06, 0x07, 0x06, 0x01, 0x02, 0x03, 0x05, 0x05, 0x02, 0x01, 0x01, 0x05, 0x05, 0x05, 0x04,
0x04, 0x05, 0x03, 0x03, 0x01, 0x01, 0x02, 0x02, 0x07, 0x08, 0x0A, 0x0A, 0x2A, 0x29, 0x2E, 0x2E,
0x26, 0x25, 0x03, 0x03, 0x03, 0x03, 0x02, 0x03, 0x02, 0x02, 0x08, 0x0D, 0x05, 0x05, 0x08, 0x09,
0x01, 0x09, 0x06, 0x07, 0x05, 0x01, 0x02, 0x02, 0x02, 0x01, 0x02, 0x01, 0x01, 0x01, 0x02, 0x02,
0x02, 0x01, 0x02, 0x05, 0x07, 0x06, 0x05, 0x02, 0x03, 0x8D, 0x39, 0x2B, 0x2C, 0x02, 0xFE, 0x9A,
0x04, 0x08, 0x09, 0x07, 0x15, 0x09, 0x09, 0x10, 0x10, 0x1D, 0x0A, 0x03, 0x04, 0x03, 0x03, 0x05,
0x00, 0x02, 0x00, 0x00, 0xFF, 0xC0, 0x10, 0x1D, 0x03, 0xC0, 0x01, 0x21, 0x01, 0x31, 0x00, 0x00,
0x01, 0x31, 0x36, 0x37, 0x36, 0x33, 0x31, 0x32, 0x17, 0x16, 0x17, 0x31, 0x16, 0x17, 0x16, 0x07,
0x31, 0x06, 0x07, 0x06, 0x07, 0x31, 0x06, 0x17, 0x16, 0x37, 0x31, 0x36, 0x17, 0x16, 0x17, 0x31,
0x16, 0x33, 0x32, 0x37, 0x31, 0x36, 0x37, 0x36, 0x17, 0x31, 0x16, 0x37, 0x36, 0x37, 0x31, 0x36,
0x33, 0x32, 0x17, 0x31, 0x16, 0x33, 0x32, 0x37, 0x31, 0x36, 0x33, 0x32, 0x17, 0x31, 0x16, 0x33,
0x32, 0x37, 0x31, 0x36, 0x33, 0x32, 0x17, 0x31, 0x16, 0x33, 0x16, 0x37, 0x31, 0x36, 0x37, 0x36,
0x33, 0x31, 0x36, 0x37, 0x36, 0x37, 0x31, 0x36, 0x17, 0x31, 0x16, 0x17, 0x16, 0x17, 0x31, 0x16,
0x17, 0x31, 0x16, 0x17, 0x16, 0x15, 0x31, 0x14, 0x07, 0x06, 0x07, 0x31, 0x06, 0x07, 0x31, 0x06,
0x07, 0x06, 0x07, 0x31, 0x06, 0x27, 0x31, 0x26, 0x27, 0x31, 0x26, 0x27, 0x26, 0x27, 0x31, 0x26,
0x23, 0x31, 0x22, 0x07, 0x31, 0x06, 0x07, 0x06, 0x07, 0x31, 0x06, 0x07, 0x31, 0x06, 0x07, 0x06,
0x23, 0x31, 0x22, 0x27, 0x26, 0x35, 0x31, 0x34, 0x27, 0x26, 0x27, 0x31, 0x26, 0x27, 0x26, 0x07,
0x31, 0x06, 0x07, 0x06, 0x07, 0x31, 0x06, 0x07, 0x06, 0x27, 0x31, 0x26, 0x27, 0x26, 0x37, 0x31,
0x36, 0x37, 0x36, 0x35, 0x31, 0x34, 0x27, 0x26, 0x27, 0x31, 0x26, 0x27, 0x26, 0x15, 0x31, 0x14,
0x07, 0x06, 0x07, 0x31, 0x06, 0x07, 0x31, 0x06, 0x07, 0x06, 0x07, 0x31, 0x06, 0x07, 0x31, 0x06,
0x27, 0x26, 0x27, 0x31, 0x27, 0x37, 0x36, 0x37, 0x36, 0x37, 0x31, 0x36, 0x37, 0x36, 0x33, 0x31,
0x32, 0x37, 0x36, 0x35, 0x31, 0x34, 0x37, 0x36, 0x37, 0x31, 0x36, 0x37, 0x36, 0x35, 0x31, 0x34,
0x37, 0x36, 0x37, 0x31, 0x36, 0x37, 0x36, 0x35, 0x31, 0x34, 0x37, 0x36, 0x37, 0x31, 0x36, 0x37,
0x31, 0x36, 0x37, 0x36, 0x37, 0x31, 0x36, 0x37, 0x31, 0x36, 0x37, 0x31, 0x36, 0x37, 0x36, 0x17,
0x31, 0x32, 0x17, 0x31, 0x16, 0x37, 0x36, 0x37, 0x31, 0x36, 0x37, 0x36, 0x37, 0x31, 0x36, 0x37,
0x36, 0x37, 0x01, 0x31, 0x06, 0x17, 0x16, 0x17, 0x31, 0x16, 0x37, 0x36, 0x27, 0x31, 0x26, 0x27,
0x26, 0x07, 0x06, 0x56, 0x07, 0x07, 0x08, 0x03, 0x04, 0x09, 0x09, 0x09, 0x0F, 0x02, 0x02, 0x08,
0x05, 0x05, 0x05, 0x02, 0x05, 0x10, 0x11, 0x49, 0x3D, 0x1B, 0x1B, 0x09, 0x08, 0x06, 0x06, 0x08,
0x05, 0x09, 0x09, 0x06, 0x07, 0x09, 0x09, 0x06, 0x08, 0x06, 0x06, 0x09, 0x09, 0x05, 0x06, 0x09,
0x09, 0x06, 0x06, 0x08, 0x09, 0x06, 0x06, 0x09, 0x08, 0x06, 0x06, 0x0A, 0x08, 0x05, 0x05, 0x04,
0x02, 0x0A, 0x0B, 0x0C, 0x0C, 0x3F, 0x40, 0x4C, 0xF3, 0xEA, 0xEB, 0xD1, 0xD2, 0xB2, 0xB1, 0x82,
0x2C, 0x1E, 0x1F, 0x38, 0x39, 0x39, 0x60, 0x66, 0x65, 0x78, 0x78, 0x90, 0x8F, 0xB3, 0x2C, 0x38,
0x38, 0x3A, 0x3B, 0x38, 0x38, 0x2C, 0x5D, 0x42, 0x42, 0x37, 0x37, 0x35, 0x34, 0x43, 0x30, 0x24,
0x25, 0x03, 0x03, 0x02, 0x03, 0x0E, 0x0E, 0x13, 0x20, 0x45, 0x46, 0x31, 0x15, 0x0B, 0x0C, 0x0A,
0x14, 0x0B, 0x0B, 0x0F, 0x19, 0x06, 0x07, 0x07, 0x04, 0x02, 0x03, 0x05, 0x06, 0x12, 0x1C, 0x1E,
0x1E, 0x13, 0x13, 0x1B, 0x31, 0x92, 0x91, 0xA2, 0xA3, 0x8A, 0x8A, 0x20, 0x4C, 0x0E, 0x0E, 0x16,
0x13, 0x22, 0x0E, 0x0B, 0x0C, 0x03, 0x03, 0x06, 0x06, 0x07, 0x06, 0x04, 0x05, 0x05, 0x06, 0x08,
0x08, 0x06, 0x06, 0x04, 0x04, 0x06, 0x06, 0x04, 0x05, 0x05, 0x05, 0x07, 0x05, 0x17, 0x17, 0x39,
0x3A, 0x64, 0x64, 0x9E, 0x83, 0x5F, 0x60, 0x3F, 0x3F, 0x1F, 0x1F, 0x01, 0x01, 0x05, 0x06, 0x07,
0x07, 0x14, 0x14, 0x15, 0x30, 0x1B, 0x1C, 0x13, 0xFA, 0xB5, 0x08, 0x07, 0x07, 0x10, 0x16, 0x0B,
0x0B, 0x0B, 0x09, 0x14, 0x14, 0x06, 0x02, 0xA9, 0x14, 0x0E, 0x0F, 0x05, 0x05, 0x08, 0x0C, 0x09,
0x0A, 0x1F, 0x12, 0x12, 0x12, 0x06, 0x0B, 0x01, 0x02, 0x04, 0x04, 0x01, 0x02, 0x07, 0x07, 0x06,
0x05, 0x01, 0x02, 0x03, 0x02, 0x01, 0x02, 0x05, 0x07, 0x07, 0x07, 0x07, 0x07, 0x07, 0x07, 0x07,
0x07, 0x08, 0x06, 0x01, 0x05, 0x04, 0x03, 0x04, 0x01, 0x03, 0x03, 0x03, 0x0C, 0x04, 0x04, 0x12,
0x13, 0x20, 0x20, 0x2D, 0x0F, 0x0C, 0x0D, 0x03, 0x08, 0x24, 0x24, 0x1D, 0x2F, 0x1F, 0x1F, 0x10,
0x10, 0x02, 0x01, 0x0B, 0x03, 0x03, 0x02, 0x01, 0x02, 0x01, 0x01, 0x03, 0x03, 0x08, 0x08, 0x0E,
0x0E, 0x16, 0x10, 0x0B, 0x0C, 0x07, 0x07, 0x0B, 0x14, 0x20, 0x20, 0x15, 0x24, 0x07, 0x08, 0x1C,
0x0C, 0x0F, 0x0F, 0x1D, 0x38, 0x11, 0x11, 0x05, 0x09, 0x0A, 0x0A, 0x13, 0x0A, 0x14, 0x14, 0x12,
0x1A, 0x0D, 0x0E, 0x10, 0x19, 0x12, 0x12, 0x08, 0x04, 0x04, 0x05, 0x02, 0x05, 0x13, 0x12, 0x15,
0x16, 0x13, 0x13, 0x05, 0x0D, 0x07, 0x08, 0x41, 0x37, 0x20, 0x0D, 0x0E, 0x0F, 0x07, 0x07, 0x05,
0x05, 0x04, 0x05, 0x06, 0x07, 0x06, 0x06, 0x02, 0x02, 0x05, 0x06, 0x06, 0x06, 0x05, 0x06, 0x02,
0x03, 0x05, 0x05, 0x05, 0x05, 0x08, 0x08, 0x06, 0x05, 0x04, 0x03, 0x04, 0x04, 0x05, 0x04, 0x07,
0x05, 0x03, 0x03, 0x01, 0x02, 0x01, 0x03, 0x05, 0x01, 0x01, 0x07, 0x06, 0x05, 0x06, 0x01, 0x05,
0x17, 0x18, 0x35, 0xFE, 0x76, 0x15, 0x13, 0x14, 0x02, 0x03, 0x13, 0x14, 0x15, 0x10, 0x02, 0x03,
0x10, 0x00, 0x00, 0x00, 0x00, 0x02, 0x00, 0x00, 0xFF, 0xC0, 0x0E, 0xED, 0x03, 0xC0, 0x00, 0xD7,
0x00, 0xE7, 0x00, 0x00, 0x01, 0x31, 0x36, 0x37, 0x36, 0x07, 0x31, 0x06, 0x07, 0x31, 0x06, 0x07,
0x06, 0x07, 0x31, 0x06, 0x07, 0x31, 0x06, 0x07, 0x31, 0x06, 0x07, 0x06, 0x07, 0x31, 0x06, 0x07,
0x31, 0x06, 0x23, 0x06, 0x27, 0x31, 0x26, 0x23, 0x06, 0x07, 0x31, 0x06, 0x07, 0x06, 0x27, 0x31,
0x26, 0x07, 0x06, 0x07, 0x31, 0x06, 0x07, 0x06, 0x27, 0x31, 0x26, 0x07, 0x06, 0x07, 0x31, 0x06,
0x23, 0x06, 0x27, 0x31, 0x26, 0x23, 0x22, 0x07, 0x31, 0x06, 0x23, 0x22, 0x27, 0x31, 0x26, 0x23,
0x22, 0x07, 0x31, 0x06, 0x23, 0x22, 0x27, 0x31, 0x26, 0x23, 0x06, 0x07, 0x31, 0x06, 0x27, 0x26,
0x35, 0x31, 0x34, 0x07, 0x06, 0x07, 0x31, 0x06, 0x07, 0x06, 0x27, 0x31, 0x26, 0x27, 0x26, 0x27,
0x31, 0x26, 0x27, 0x26, 0x07, 0x31, 0x07, 0x27, 0x26, 0x27, 0x26, 0x07, 0x31, 0x06, 0x07, 0x06,
0x07, 0x31, 0x06, 0x27, 0x26, 0x27, 0x31, 0x26, 0x27, 0x26, 0x07, 0x31, 0x06, 0x07, 0x06, 0x07,
0x31, 0x06, 0x07, 0x06, 0x07, 0x31, 0x06, 0x27, 0x26, 0x27, 0x31, 0x26, 0x27, 0x26, 0x27, 0x31,
0x26, 0x35, 0x36, 0x37, 0x31, 0x36, 0x37, 0x31, 0x36, 0x37, 0x36, 0x37, 0x31, 0x36, 0x37, 0x31,
0x36, 0x37, 0x31, 0x36, 0x37, 0x36, 0x37, 0x31, 0x36, 0x17, 0x31, 0x16, 0x17, 0x16, 0x17, 0x31,
0x16, 0x37, 0x36, 0x37, 0x31, 0x37, 0x17, 0x16, 0x17, 0x31, 0x16, 0x17, 0x16, 0x17, 0x31, 0x16,
0x33, 0x31, 0x32, 0x37, 0x31, 0x36, 0x37, 0x36, 0x37, 0x31, 0x36, 0x37, 0x05, 0x31, 0x16, 0x33,
0x16, 0x35, 0x31, 0x34, 0x27, 0x26, 0x23, 0x31, 0x22, 0x07, 0x06, 0x17, 0x0E, 0x70, 0x67, 0x0E,
0x0E, 0x06, 0x04, 0x2F, 0x2F, 0x3C, 0x3D, 0x3B, 0x3C, 0x1D, 0x4F, 0x54, 0x55, 0x5B, 0x5C, 0x63,
0x64, 0x6D, 0x4B, 0x17, 0x18, 0x12, 0x12, 0x0A, 0x0A, 0x17, 0x12, 0x0D, 0x0D, 0x0D, 0x0C, 0x0B,
0x0C, 0x0E, 0x0E, 0x0C, 0x0C, 0x0E, 0x0D, 0x0B, 0x0C, 0x0E, 0x0E, 0x0A, 0x0A, 0x0E, 0x0E, 0x09,
0x0A, 0x0E, 0x0D, 0x0A, 0x0A, 0x11, 0x10, 0x0A, 0x0A, 0x0C, 0x0D, 0x0B, 0x0C, 0x16, 0x17, 0x0B,
0x0B, 0x11, 0x1C, 0x41, 0x42, 0x0B, 0x0C, 0x18, 0x17, 0x18, 0x18, 0x11, 0x04, 0x0C, 0x0C, 0x0C,
0x28, 0x38, 0x39, 0x49, 0x36, 0x31, 0x1D, 0x16, 0x17, 0x28, 0x30, 0x23, 0x23, 0x26, 0x12, 0x0F,
0x0F, 0x3D, 0x4C, 0x4C, 0x4C, 0x46, 0x42, 0x32, 0x33, 0x3F, 0x1C, 0x19, 0x1A, 0x08, 0x16, 0x25,
0x25, 0x06, 0x03, 0x0C, 0x0D, 0x10, 0x27, 0x01, 0x2A, 0x29, 0x25, 0x26, 0x28, 0x28, 0x2E, 0x2E,
0x3A, 0x4C, 0x4F, 0x4F, 0x63, 0x63, 0x81, 0x81, 0xB0, 0xC3, 0x40, 0x41, 0x15, 0x21, 0x2F, 0x2F,
0x35, 0x37, 0x59, 0x4C, 0x38, 0x39, 0x3B, 0x3C, 0x4A, 0x4B, 0x70, 0xA0, 0x87, 0x86, 0x7C, 0x7C,
0x79, 0x79, 0x85, 0xF7, 0x6D, 0x03, 0x3A, 0x3A, 0x0E, 0x0F, 0x20, 0x1E, 0x0F, 0x0F, 0x02, 0x02,
0x6C, 0x1C, 0x02, 0x03, 0x08, 0x07, 0x24, 0x25, 0x2C, 0x2C, 0x2A, 0x2A, 0x12, 0x30, 0x27, 0x27,
0x1F, 0x1F, 0x18, 0x17, 0x10, 0x0B, 0x01, 0x09, 0x09, 0x01, 0x0A, 0x08, 0x01, 0x02, 0x04, 0x05,
0x01, 0x01, 0x07, 0x08, 0x01, 0x01, 0x05, 0x05, 0x01, 0x01, 0x07, 0x08, 0x01, 0x07, 0x06, 0x07,
0x08, 0x07, 0x07, 0x07, 0x06, 0x07, 0x08, 0x01, 0x0A, 0x11, 0x05, 0x06, 0x13, 0x15, 0x01, 0x01,
0x19, 0x18, 0x07, 0x07, 0x0D, 0x02, 0x10, 0x11, 0x13, 0x3E, 0x0E, 0x0E, 0x23, 0x1A, 0x15, 0x0D,
0x03, 0x03, 0x02, 0x03, 0x0B, 0x0B, 0x1A, 0x0B, 0x01, 0x01, 0x13, 0x17, 0x06, 0x07, 0x0B, 0x0A,
0x16, 0x16, 0x2E, 0x14, 0x10, 0x10, 0x02, 0x07, 0x0C, 0x0C, 0x10, 0x08, 0x0B, 0x0C, 0x09, 0x16,
0x17, 0x17, 0x34, 0x33, 0x25, 0x26, 0x1C, 0x1C, 0x16, 0x15, 0x13, 0x18, 0x10, 0x10, 0x09, 0x09,
0x03, 0x02, 0x01, 0x03, 0x03, 0x03, 0x0A, 0x0E, 0x04, 0x04, 0x17, 0x18, 0x14, 0x11, 0x0A, 0x0A,
0x05, 0x06, 0x01, 0x02, 0x07, 0x06, 0x0F, 0x0F, 0x19, 0x18, 0x24, 0xD1, 0x0B, 0x01, 0x0B, 0x06,
0x02, 0x03, 0x02, 0x03, 0x05, 0x00, 0x00, 0x00, 0x00, 0x02, 0x00, 0x00, 0xFF, 0xC0, 0x0D, 0xB9,
0x03, 0xC0, 0x01, 0x21, 0x01, 0x31, 0x00, 0x00, 0x01, 0x31, 0x36, 0x37, 0x31, 0x36, 0x17, 0x16,
0x17, 0x31, 0x16, 0x17, 0x31, 0x16, 0x17, 0x16, 0x17, 0x31, 0x16, 0x33, 0x16, 0x37, 0x31, 0x36,
0x33, 0x16, 0x17, 0x31, 0x16, 0x17, 0x16, 0x37, 0x31, 0x36, 0x33, 0x16, 0x17, 0x31, 0x16, 0x17,
0x16, 0x37, 0x31, 0x36, 0x17, 0x16, 0x17, 0x31, 0x16, 0x17, 0x16, 0x37, 0x31, 0x36, 0x17, 0x16,
0x17, 0x31, 0x16, 0x17, 0x16, 0x37, 0x31, 0x36, 0x17, 0x16, 0x17, 0x31, 0x16, 0x17, 0x16, 0x37,
0x31, 0x36, 0x17, 0x16, 0x17, 0x31, 0x16, 0x17, 0x16, 0x37, 0x31, 0x36, 0x17, 0x16, 0x17, 0x31,
0x16, 0x17, 0x16, 0x37, 0x31, 0x36, 0x17, 0x16, 0x17, 0x31, 0x16, 0x17, 0x16, 0x37, 0x31, 0x36,
0x17, 0x16, 0x17, 0x31, 0x16, 0x17, 0x16, 0x37, 0x31, 0x36, 0x17, 0x31, 0x16, 0x17, 0x16, 0x17,
0x31, 0x16, 0x17, 0x31, 0x16, 0x17, 0x16, 0x37, 0x31, 0x36, 0x27, 0x26, 0x27, 0x31, 0x26, 0x27,
0x26, 0x17, 0x31, 0x16, 0x17, 0x31, 0x16, 0x17, 0x16, 0x17, 0x31, 0x16, 0x17, 0x31, 0x16, 0x07,
0x31, 0x06, 0x07, 0x06, 0x07, 0x31, 0x06, 0x07, 0x31, 0x06, 0x07, 0x31, 0x06, 0x07, 0x06, 0x07,
0x31, 0x06, 0x23, 0x31, 0x22, 0x27, 0x31, 0x26, 0x27, 0x26, 0x27, 0x31, 0x26, 0x27, 0x31, 0x26,
0x27, 0x26, 0x27, 0x31, 0x26, 0x27, 0x26, 0x07, 0x31, 0x06, 0x27, 0x26, 0x35, 0x31, 0x34, 0x27,
0x26, 0x27, 0x31, 0x26, 0x27, 0x26, 0x27, 0x31, 0x26, 0x07, 0x06, 0x07, 0x31, 0x06, 0x07, 0x06,
0x27, 0x31, 0x26, 0x27, 0x26, 0x27, 0x31, 0x26, 0x07, 0x31, 0x06, 0x07, 0x06, 0x07, 0x31, 0x06,
0x07, 0x31, 0x06, 0x07, 0x06, 0x07, 0x31, 0x06, 0x07, 0x06, 0x27, 0x31, 0x26, 0x27, 0x26, 0x37,
0x31, 0x36, 0x37, 0x31, 0x36, 0x37, 0x36, 0x37, 0x31, 0x36, 0x37, 0x31, 0x36, 0x33, 0x32, 0x17,
0x31, 0x16, 0x37, 0x36, 0x37, 0x31, 0x36, 0x37, 0x36, 0x17, 0x31, 0x16, 0x37, 0x36, 0x37, 0x31,
0x36, 0x37, 0x31, 0x36, 0x37, 0x36, 0x37, 0x31, 0x36, 0x37, 0x01, 0x31, 0x06, 0x17, 0x16, 0x33,
0x31, 0x32, 0x37, 0x36, 0x27, 0x31, 0x26, 0x27, 0x26, 0x07, 0x03, 0xD8, 0x2A, 0x5C, 0x5B, 0x68,
0x69, 0x64, 0x64, 0x3B, 0x3C, 0x21, 0x22, 0x07, 0x08, 0x07, 0x07, 0x0A, 0x0A, 0x06, 0x06, 0x07,
0x06, 0x05, 0x05, 0x07, 0x06, 0x05, 0x06, 0x08, 0x05, 0x09, 0x09, 0x07, 0x07, 0x07, 0x07, 0x02,
0x03, 0x08, 0x09, 0x0B, 0x0A, 0x09, 0x09, 0x02, 0x03, 0x07, 0x08, 0x09, 0x08, 0x08, 0x08, 0x02,
0x02, 0x07, 0x07, 0x07, 0x07, 0x09, 0x09, 0x05, 0x06, 0x06, 0x07, 0x04, 0x04, 0x06, 0x07, 0x05,
0x05, 0x09, 0x09, 0x08, 0x07, 0x09, 0x0A, 0x05, 0x05, 0x09, 0x09, 0x07, 0x07, 0x08, 0x08, 0x05,
0x04, 0x08, 0x09, 0x08, 0x11, 0x35, 0x35, 0x4A, 0x4A, 0x58, 0x57, 0x55, 0x6A, 0x34, 0x34, 0x0A,
0x07, 0x14, 0x15, 0x35, 0x39, 0x09, 0x0A, 0x2C, 0x0F, 0x54, 0x54, 0x60, 0x61, 0x51, 0x51, 0x09,
0x06, 0x1D, 0x1D, 0x2E, 0x2F, 0x37, 0x36, 0x2D, 0x4B, 0x46, 0x46, 0x4C, 0x4D, 0x59, 0x5A, 0x72,
0x43, 0x48, 0x49, 0x49, 0x49, 0x47, 0x46, 0x3E, 0x32, 0x0B, 0x0B, 0x06, 0x07, 0x10, 0x10, 0x08,
0x08, 0x0B, 0x0C, 0x11, 0x11, 0x11, 0x16, 0x37, 0x37, 0x2B, 0x2F, 0x21, 0x22, 0x36, 0x2E, 0x17,
0x17, 0x21, 0x16, 0x18, 0x18, 0x4D, 0x2F, 0x52, 0x51, 0x56, 0x57, 0x4E, 0x4E, 0x28, 0x1D, 0x2C,
0x2D, 0x28, 0x53, 0x34, 0x35, 0x15, 0x20, 0x05, 0x06, 0x15, 0x0A, 0x19, 0x19, 0x1B, 0x1B, 0x17,
0x17, 0x05, 0x06, 0x0A, 0x0A, 0x09, 0x0B, 0x06, 0x07, 0x03, 0x02, 0x04, 0x04, 0x02, 0x03, 0x1F,
0x20, 0x2A, 0x27, 0x33, 0x34, 0x39, 0x3A, 0x3C, 0x3D, 0x39, 0xFD, 0x13, 0x16, 0x0A, 0x0B, 0x1F,
0x1A, 0x0E, 0x0E, 0x09, 0x0A, 0x17, 0x18, 0x12, 0x02, 0xD8, 0x04, 0x01, 0x01, 0x01, 0x02, 0x03,
0x04, 0x05, 0x05, 0x06, 0x06, 0x06, 0x08, 0x01, 0x05, 0x05, 0x01, 0x08, 0x07, 0x01, 0x01, 0x06,
0x06, 0x01, 0x06, 0x04, 0x01, 0x02, 0x02, 0x03, 0x01, 0x02, 0x04, 0x04, 0x01, 0x01, 0x02, 0x02,
0x01, 0x01, 0x04, 0x04, 0x01, 0x01, 0x02, 0x02, 0x01, 0x01, 0x04, 0x03, 0x01, 0x02, 0x02, 0x02,
0x02, 0x02, 0x04, 0x04, 0x01, 0x02, 0x02, 0x03, 0x01, 0x02, 0x04, 0x04, 0x01, 0x02, 0x03, 0x02,
0x01, 0x02, 0x04, 0x05, 0x01, 0x02, 0x02, 0x02, 0x02, 0x03, 0x05, 0x05, 0x02, 0x02, 0x02, 0x04,
0x0C, 0x0B, 0x16, 0x17, 0x1F, 0x20, 0x23, 0x2C, 0x04, 0x05, 0x22, 0x16, 0x15, 0x16, 0x1C, 0x1D,
0x11, 0x11, 0x07, 0x02, 0x1F, 0x20, 0x26, 0x27, 0x22, 0x22, 0x08, 0x05, 0x17, 0x17, 0x1E, 0x1E,
0x1E, 0x1F, 0x15, 0x22, 0x17, 0x16, 0x0E, 0x0E, 0x06, 0x05, 0x01, 0x02, 0x03, 0x03, 0x04, 0x04,
0x06, 0x04, 0x04, 0x05, 0x12, 0x13, 0x05, 0x06, 0x0E, 0x0D, 0x0F, 0x0F, 0x16, 0x17, 0x28, 0x29,
0x13, 0x18, 0x17, 0x18, 0x03, 0x04, 0x09, 0x0A, 0x20, 0x1C, 0x02, 0x02, 0x16, 0x0F, 0x04, 0x05,
0x03, 0x03, 0x01, 0x01, 0x03, 0x04, 0x04, 0x05, 0x05, 0x04, 0x0C, 0x0D, 0x10, 0x21, 0x07, 0x07,
0x13, 0x1B, 0x29, 0x2A, 0x2F, 0x16, 0x29, 0x2A, 0x2A, 0x2A, 0x1F, 0x20, 0x03, 0x02, 0x03, 0x02,
0x02, 0x02, 0x07, 0x06, 0x03, 0x03, 0x02, 0x02, 0x04, 0x04, 0x07, 0x06, 0x08, 0x07, 0x07, 0x07,
0x06, 0x07, 0x05, 0xFE, 0x7D, 0x18, 0x1C, 0x1D, 0x14, 0x15, 0x17, 0x1B, 0x05, 0x05, 0x14, 0x00,
0x00, 0x02, 0x00, 0x00, 0xFF, 0xC0, 0x09, 0x13, 0x03, 0xC0, 0x01, 0x3D, 0x01, 0x5F, 0x00, 0x00,
0x01, 0x31, 0x36, 0x37, 0x36, 0x33, 0x31, 0x36, 0x17, 0x16, 0x17, 0x31, 0x16, 0x17, 0x16, 0x33,
0x31, 0x32, 0x17, 0x16, 0x17, 0x31, 0x16, 0x17, 0x31, 0x16, 0x17, 0x16, 0x17, 0x31, 0x16, 0x17,
0x31, 0x16, 0x17, 0x16, 0x17, 0x31, 0x17, 0x27, 0x26, 0x27, 0x31, 0x26, 0x27, 0x26, 0x27, 0x31,
0x26, 0x27, 0x31, 0x26, 0x27, 0x26, 0x23, 0x31, 0x22, 0x07, 0x06, 0x07, 0x31, 0x06, 0x07, 0x06,
0x27, 0x31, 0x26, 0x27, 0x26, 0x27, 0x31, 0x26, 0x27, 0x26, 0x27, 0x31, 0x26, 0x07, 0x06, 0x07,
0x31, 0x06, 0x07, 0x06, 0x27, 0x31, 0x26, 0x07, 0x06, 0x07, 0x31, 0x07, 0x27, 0x26, 0x07, 0x06,
0x07, 0x31, 0x06, 0x07, 0x06, 0x07, 0x31, 0x06, 0x07, 0x06, 0x07, 0x31, 0x06, 0x07, 0x06, 0x07,
0x31, 0x06, 0x07, 0x06, 0x23, 0x31, 0x22, 0x27, 0x26, 0x27, 0x31, 0x26, 0x27, 0x26, 0x27, 0x31,
0x26, 0x27, 0x26, 0x37, 0x31, 0x36, 0x37, 0x36, 0x37, 0x31, 0x36, 0x37, 0x36, 0x33, 0x31, 0x32,
0x37, 0x36, 0x27, 0x31, 0x34, 0x37, 0x36, 0x37, 0x31, 0x36, 0x37, 0x36, 0x17, 0x31, 0x16, 0x37,
0x36, 0x37, 0x31, 0x36, 0x37, 0x36, 0x17, 0x31, 0x16, 0x37, 0x36, 0x37, 0x31, 0x36, 0x37, 0x36,
0x17, 0x31, 0x16, 0x37, 0x36, 0x37, 0x31, 0x36, 0x37, 0x36, 0x17, 0x31, 0x16, 0x37, 0x36, 0x37,
0x31, 0x36, 0x37, 0x36, 0x37, 0x31, 0x36, 0x37, 0x36, 0x37, 0x31, 0x36, 0x37, 0x31, 0x36, 0x37,
0x36, 0x37, 0x31, 0x36, 0x17, 0x31, 0x16, 0x37, 0x36, 0x35, 0x31, 0x34, 0x37, 0x36, 0x17, 0x31,
0x16, 0x33, 0x36, 0x37, 0x31, 0x36, 0x37, 0x36, 0x37, 0x31, 0x36, 0x37, 0x36, 0x37, 0x31, 0x36,
0x37, 0x36, 0x17, 0x31, 0x16, 0x17, 0x16, 0x17, 0x31, 0x32, 0x17, 0x16, 0x15, 0x31, 0x14, 0x17,
0x16, 0x33, 0x31, 0x32, 0x17, 0x16, 0x15, 0x31, 0x14, 0x33, 0x32, 0x37, 0x31, 0x36, 0x17, 0x16,
0x17, 0x31, 0x16, 0x33, 0x16, 0x37, 0x31, 0x36, 0x37, 0x36, 0x15, 0x31, 0x14, 0x17, 0x16, 0x33,
0x31, 0x32, 0x35, 0x36, 0x27, 0x31, 0x26, 0x37, 0x36, 0x17, 0x31, 0x16, 0x33, 0x36, 0x35, 0x31,
0x34, 0x37, 0x36, 0x37, 0x31, 0x36, 0x37, 0x36, 0x37, 0x31, 0x36, 0x37, 0x36, 0x37, 0x01, 0x31,
0x06, 0x07, 0x31, 0x06, 0x15, 0x14, 0x17, 0x31, 0x16, 0x17, 0x31, 0x16, 0x37, 0x31, 0x36, 0x37,
0x36, 0x37, 0x31, 0x36, 0x27, 0x31, 0x34, 0x27, 0x31, 0x26, 0x27, 0x26, 0x27, 0x31, 0x26, 0x07,
0x05, 0x52, 0x0D, 0x10, 0x10, 0x12, 0x19, 0x07, 0x07, 0x07, 0x07, 0x06, 0x07, 0x0E, 0x09, 0x1B,
0x1C, 0x1D, 0x6E, 0x62, 0x63, 0x53, 0x53, 0x43, 0x43, 0x2F, 0x18, 0x12, 0x13, 0x05, 0x05, 0x19,
0x20, 0x2A, 0x2A, 0x32, 0x32, 0x39, 0x38, 0x3C, 0x50, 0x3C, 0x3C, 0x65, 0x68, 0x37, 0x37, 0x0C,
0x07, 0x1B, 0x1C, 0x0C, 0x03, 0x06, 0x06, 0x05, 0x0A, 0x11, 0x12, 0x1E, 0x31, 0x2C, 0x2D, 0x29,
0x1A, 0x07, 0x07, 0x0F, 0x25, 0x3C, 0x3C, 0x28, 0x23, 0x33, 0x1E, 0x0F, 0x10, 0x0E, 0x17, 0x16,
0x16, 0x04, 0x04, 0x18, 0x18, 0x13, 0x08, 0x0F, 0x0F, 0x0E, 0x16, 0x10, 0x10, 0x20, 0x2E, 0x22,
0x22, 0x23, 0x0F, 0x11, 0x11, 0x10, 0x26, 0x02, 0x03, 0x1C, 0x0D, 0x13, 0x14, 0x0E, 0x0E, 0x0B,
0x0C, 0x03, 0x03, 0x01, 0x02, 0x01, 0x04, 0x05, 0x06, 0x09, 0x06, 0x07, 0x09, 0x09, 0x06, 0x06,
0x06, 0x07, 0x06, 0x06, 0x09, 0x0B, 0x04, 0x05, 0x04, 0x05, 0x0A, 0x0A, 0x06, 0x05, 0x06, 0x07,
0x07, 0x06, 0x06, 0x06, 0x0D, 0x0C, 0x05, 0x05, 0x02, 0x02, 0x07, 0x07, 0x0B, 0x09, 0x0A, 0x0A,
0x04, 0x0C, 0x1E, 0x1D, 0x1F, 0x20, 0x19, 0x19, 0x03, 0x02, 0x01, 0x01, 0x01, 0x02, 0x01, 0x02,
0x04, 0x05, 0x05, 0x05, 0x08, 0x09, 0x06, 0x07, 0x1C, 0x1D, 0x22, 0x54, 0x26, 0x27, 0x10, 0x07,
0x0B, 0x0C, 0x08, 0x09, 0x06, 0x06, 0x04, 0x04, 0x06, 0x06, 0x04, 0x04, 0x01, 0x01, 0x03, 0x05,
0x1E, 0x1F, 0x02, 0x02, 0x02, 0x02, 0x02, 0x04, 0x12, 0x13, 0x02, 0x03, 0x03, 0x03, 0x01, 0x02,
0x02, 0x03, 0x03, 0x09, 0x08, 0x05, 0x05, 0x06, 0x07, 0x0A, 0x09, 0x07, 0x08, 0x01, 0x02, 0x09,
0x09, 0x0B, 0xFB, 0xC7, 0x29, 0x14, 0x15, 0x15, 0x15, 0x29, 0x25, 0x25, 0x26, 0x1E, 0x1E, 0x13,
0x13, 0x01, 0x13, 0x13, 0x1E, 0x1F, 0x25, 0x25, 0x25, 0x03, 0x03, 0x08, 0x03, 0x04, 0x01, 0x03,
0x04, 0x0E, 0x0C, 0x04, 0x04, 0x04, 0x05, 0x06, 0x16, 0x2D, 0x2C, 0x40, 0x41, 0x53, 0x52, 0x63,
0x31, 0x3B, 0x3C, 0x27, 0x23, 0x28, 0x33, 0x30, 0x2F, 0x28, 0x29, 0x22, 0x21, 0x17, 0x1F, 0x0A,
0x0B, 0x08, 0x09, 0x12, 0x0B, 0x0A, 0x0B, 0x05, 0x01, 0x0D, 0x0D, 0x11, 0x23, 0x17, 0x18, 0x12,
0x1C, 0x06, 0x07, 0x2B, 0x1A, 0x03, 0x03, 0x08, 0x14, 0x0E, 0x0F, 0x26, 0x21, 0x01, 0x01, 0x02,
0x03, 0x09, 0x0D, 0x1D, 0x1D, 0x18, 0x17, 0x27, 0x27, 0x11, 0x06, 0x0A, 0x0A, 0x07, 0x0C, 0x03,
0x04, 0x0E, 0x0E, 0x21, 0x0E, 0x0A, 0x0A, 0x04, 0x0B, 0x0C, 0x0D, 0x28, 0x13, 0x22, 0x23, 0x1E,
0x1D, 0x15, 0x16, 0x03, 0x04, 0x05, 0x05, 0x0B, 0x0B, 0x0B, 0x0F, 0x04, 0x04, 0x02, 0x02, 0x03,
0x03, 0x0A, 0x0A, 0x03, 0x03, 0x03, 0x02, 0x02, 0x03, 0x0B, 0x0D, 0x03, 0x04, 0x09, 0x09, 0x03,
0x03, 0x0F, 0x0B, 0x03, 0x04, 0x01, 0x01, 0x02, 0x03, 0x07, 0x06, 0x04, 0x05, 0x03, 0x02, 0x03,
0x04, 0x03, 0x0A, 0x0E, 0x0E, 0x0C, 0x0D, 0x07, 0x08, 0x03, 0x02, 0x01, 0x02, 0x04, 0x04, 0x01,
0x01, 0x01, 0x02, 0x01, 0x03, 0x02, 0x03, 0x03, 0x01, 0x02, 0x06, 0x06, 0x07, 0x12, 0x03, 0x04,
0x0B, 0x05, 0x03, 0x03, 0x01, 0x02, 0x02, 0x02, 0x02, 0x02, 0x02, 0x02, 0x03, 0x03, 0x05, 0x04,
0x08, 0x02, 0x02, 0x08, 0x04, 0x01, 0x03, 0x07, 0x04, 0x04, 0x07, 0x02, 0x02, 0x02, 0x02, 0x02,
0x03, 0x04, 0x01, 0x01, 0x02, 0x02, 0x01, 0x02, 0x03, 0x03, 0x04, 0x02, 0x02, 0x02, 0x03, 0x02,
0x02, 0x05, 0x06, 0x06, 0xFE, 0x83, 0x14, 0x25, 0x24, 0x27, 0x28, 0x25, 0x24, 0x14, 0x12, 0x03,
0x03, 0x13, 0x13, 0x20, 0x20, 0x29, 0x29, 0x21, 0x21, 0x13, 0x14, 0x03, 0x03, 0x12, 0x00, 0x00,
0x00, 0x08, 0x00, 0x00, 0xFF, 0xC0, 0x04, 0x6C, 0x03, 0xC0, 0x00, 0xD3, 0x00, 0xE7, 0x00, 0xFB,
0x01, 0x0F, 0x01, 0x23, 0x01, 0x37, 0x01, 0x4C, 0x01, 0x74, 0x00, 0x00, 0x01, 0x31, 0x36, 0x37,
0x36, 0x37, 0x31, 0x32, 0x17, 0x16, 0x15, 0x31, 0x14, 0x17, 0x16, 0x17, 0x31, 0x16, 0x17, 0x16,
0x15, 0x31, 0x14, 0x07, 0x06, 0x07, 0x31, 0x06, 0x07, 0x06, 0x07, 0x31, 0x06, 0x07, 0x06, 0x07,
0x31, 0x23, 0x15, 0x14, 0x07, 0x06, 0x23, 0x31, 0x22, 0x07, 0x06, 0x07, 0x31, 0x06, 0x07, 0x06,
0x15, 0x31, 0x14, 0x17, 0x16, 0x17, 0x31, 0x16, 0x07, 0x06, 0x23, 0x31, 0x22, 0x07, 0x06, 0x15,
0x31, 0x14, 0x17, 0x16, 0x17, 0x31, 0x16, 0x07, 0x06, 0x07, 0x31, 0x06, 0x27, 0x26, 0x35, 0x31,
0x34, 0x37, 0x36, 0x33, 0x31, 0x32, 0x37, 0x36, 0x27, 0x31, 0x34, 0x27, 0x26, 0x27, 0x31, 0x26,
0x07, 0x06, 0x15, 0x31, 0x14, 0x07, 0x06, 0x27, 0x31, 0x26, 0x35, 0x36, 0x37, 0x31, 0x36, 0x35,
0x26, 0x23, 0x31, 0x22, 0x27, 0x26, 0x37, 0x31, 0x37, 0x23, 0x22, 0x07, 0x06, 0x07, 0x31, 0x06,
0x07, 0x31, 0x06, 0x07, 0x06, 0x07, 0x31, 0x06, 0x17, 0x31, 0x16, 0x23, 0x22, 0x27, 0x31, 0x26,
0x27, 0x26, 0x23, 0x31, 0x22, 0x37, 0x36, 0x37, 0x31, 0x36, 0x37, 0x36, 0x27, 0x31, 0x26, 0x27,
0x26, 0x23, 0x31, 0x22, 0x27, 0x26, 0x27, 0x31, 0x26, 0x37, 0x36, 0x33, 0x31, 0x32, 0x37, 0x36,
0x35, 0x31, 0x34, 0x37, 0x36, 0x33, 0x31, 0x32, 0x37, 0x36, 0x35, 0x31, 0x34, 0x33, 0x36, 0x17,
0x31, 0x16, 0x17, 0x31, 0x16, 0x17, 0x16, 0x17, 0x31, 0x16, 0x17, 0x31, 0x04, 0x37, 0x36, 0x37,
0x07, 0x31, 0x14, 0x17, 0x16, 0x33, 0x31, 0x32, 0x37, 0x36, 0x35, 0x31, 0x34, 0x27, 0x26, 0x23,
0x31, 0x22, 0x07, 0x06, 0x17, 0x31, 0x14, 0x17, 0x16, 0x33, 0x31, 0x32, 0x37, 0x36, 0x35, 0x31,
0x34, 0x27, 0x26, 0x23, 0x31, 0x22, 0x07, 0x06, 0x07, 0x31, 0x14, 0x17, 0x16, 0x33, 0x31, 0x32,
0x37, 0x36, 0x35, 0x31, 0x34, 0x27, 0x26, 0x23, 0x31, 0x22, 0x07, 0x06, 0x17, 0x31, 0x14, 0x17,
0x16, 0x33, 0x31, 0x32, 0x37, 0x36, 0x35, 0x31, 0x34, 0x27, 0x26, 0x23, 0x31, 0x22, 0x07, 0x06,
0x17, 0x31, 0x14, 0x17, 0x16, 0x33, 0x31, 0x32, 0x37, 0x36, 0x35, 0x31, 0x34, 0x27, 0x26, 0x23,
0x31, 0x22, 0x07, 0x06, 0x17, 0x31, 0x14, 0x17, 0x16, 0x33, 0x31, 0x32, 0x37, 0x36, 0x35, 0x31,
0x34, 0x27, 0x26, 0x23, 0x31, 0x22, 0x07, 0x06, 0x15, 0x05, 0x31, 0x06, 0x17, 0x16, 0x33, 0x31,
0x33, 0x37, 0x36, 0x27, 0x26, 0x23, 0x31, 0x23, 0x15, 0x14, 0x17, 0x16, 0x17, 0x31, 0x16, 0x17,
0x16, 0x23, 0x31, 0x22, 0x27, 0x26, 0x35, 0x31, 0x34, 0x27, 0x26, 0x23, 0x31, 0x22, 0x07, 0x06,
0x07, 0x04, 0x06, 0x09, 0x07, 0x08, 0x02, 0x06, 0x11, 0x11, 0x05, 0x05, 0x08, 0x0C, 0x03, 0x03,
0x03, 0x03, 0x0C, 0x09, 0x04, 0x05, 0x01, 0x02, 0x19, 0x19, 0xBC, 0x23, 0x02, 0x03, 0x0B, 0x08,
0x0A, 0x0A, 0x0B, 0x10, 0x03, 0x03, 0x01, 0x02, 0x03, 0x07, 0x02, 0x02, 0x09, 0x09, 0x01, 0x02,
0x01, 0x02, 0x04, 0x09, 0x0C, 0x0C, 0x2C, 0x24, 0x0A, 0x0A, 0x01, 0x01, 0x02, 0x02, 0x01, 0x01,
0x01, 0x02, 0x02, 0x06, 0x04, 0x02, 0x03, 0x06, 0x06, 0x06, 0x04, 0x01, 0x03, 0x04, 0x01, 0x06,
0x06, 0x01, 0x02, 0x02, 0x04, 0x4C, 0x20, 0x19, 0x19, 0x03, 0x05, 0x0C, 0x0D, 0x0D, 0x0D, 0x0A,
0x0A, 0x02, 0x02, 0x0A, 0x0A, 0x47, 0x1E, 0x17, 0x18, 0x02, 0x0A, 0x18, 0x19, 0x20, 0x12, 0x06,
0x06, 0x02, 0x04, 0x09, 0x0A, 0x0D, 0x0D, 0x0D, 0x0E, 0x08, 0x0D, 0x07, 0x08, 0x0F, 0x02, 0x02,
0x02, 0x03, 0x04, 0x0B, 0x09, 0x04, 0x04, 0x02, 0x02, 0x05, 0x02, 0x16, 0x16, 0x2D, 0x2E, 0x46,
0x46, 0x63, 0x01, 0x0B, 0x35, 0x35, 0x0F, 0xB4, 0x03, 0x03, 0x03, 0x04, 0x02, 0x03, 0x02, 0x03,
0x04, 0x03, 0x03, 0x03, 0x36, 0x03, 0x03, 0x03, 0x04, 0x02, 0x03, 0x02, 0x03, 0x04, 0x03, 0x03,
0x03, 0x36, 0x03, 0x03, 0x03, 0x04, 0x02, 0x03, 0x02, 0x03, 0x04, 0x03, 0x03, 0x03, 0x36, 0x03,
0x03, 0x03, 0x04, 0x02, 0x03, 0x02, 0x03, 0x04, 0x03, 0x03, 0x03, 0x36, 0x02, 0x03, 0x04, 0x04,
0x02, 0x03, 0x02, 0x03, 0x04, 0x04, 0x02, 0x03, 0x36, 0x02, 0x03, 0x04, 0x04, 0x02, 0x03, 0x02,
0x03, 0x04, 0x04, 0x02, 0x03, 0xFD, 0xD0, 0x12, 0x07, 0x08, 0x3F, 0x48, 0x02, 0x01, 0x07, 0x08,
0x1F, 0x20, 0x04, 0x04, 0x0B, 0x0B, 0x02, 0x02, 0x05, 0x0F, 0x11, 0x11, 0x02, 0x03, 0x06, 0x06,
0x06, 0x07, 0x07, 0x02, 0xD1, 0x05, 0x03, 0x04, 0x01, 0x12, 0x12, 0x08, 0x03, 0x04, 0x04, 0x02,
0x02, 0x04, 0x05, 0x10, 0x0F, 0x04, 0x05, 0x02, 0x02, 0x04, 0x05, 0x06, 0x0B, 0x01, 0x02, 0x02,
0x18, 0x11, 0x03, 0x04, 0x06, 0x06, 0x0A, 0x10, 0x08, 0x09, 0x18, 0x0E, 0x0B, 0x0C, 0x01, 0x05,
0x08, 0x08, 0x18, 0x19, 0x87, 0x65, 0x2B, 0x2C, 0x04, 0x09, 0x04, 0x04, 0x01, 0x02, 0x01, 0x02,
0x06, 0x04, 0x03, 0x03, 0x37, 0x37, 0x4D, 0x7A, 0x21, 0x21, 0x01, 0x01, 0x02, 0x02, 0x04, 0x09,
0x04, 0x04, 0x04, 0x02, 0x03, 0x03, 0x05, 0x05, 0x01, 0x02, 0x03, 0x03, 0x09, 0x0F, 0x01, 0x02,
0x02, 0x03, 0x1C, 0x1B, 0x21, 0x21, 0x1D, 0x1D, 0x05, 0x0B, 0x0B, 0x05, 0x03, 0x04, 0x3D, 0x3E,
0x39, 0x20, 0x0F, 0x10, 0x09, 0x10, 0x0A, 0x0A, 0x06, 0x07, 0x0A, 0x11, 0x33, 0x34, 0x03, 0x04,
0x05, 0x07, 0x02, 0x03, 0x02, 0x03, 0x05, 0x06, 0x01, 0x04, 0x02, 0x01, 0x02, 0x01, 0x01, 0x01,
0x01, 0x01, 0x03, 0x01, 0x02, 0x08, 0x23, 0x02, 0x02, 0x02, 0x02, 0x02, 0x02, 0x03, 0x01, 0x02,
0x01, 0x02, 0x03, 0x02, 0x02, 0x02, 0x02, 0x02, 0x02, 0x03, 0x01, 0x02, 0x01, 0x02, 0x4A, 0x03,
0x01, 0x02, 0x01, 0x02, 0x03, 0x02, 0x02, 0x02, 0x02, 0x02, 0x02, 0x03, 0x01, 0x02, 0x01, 0x02,
0x03, 0x02, 0x02, 0x02, 0x02, 0x02, 0x02, 0x03, 0x01, 0x02, 0x01, 0x02, 0x03, 0x02, 0x02, 0x02,
0x02, 0x02, 0x02, 0x03, 0x01, 0x02, 0x01, 0x02, 0x03, 0x02, 0x02, 0x02, 0x02, 0x02, 0x02, 0x6A,
0x28, 0x06, 0x07, 0x23, 0x21, 0x09, 0x0A, 0x15, 0x0C, 0x07, 0x08, 0x09, 0x08, 0x03, 0x04, 0x12,
0x13, 0x10, 0x0B, 0x04, 0x04, 0x08, 0x08, 0x12, 0x00, 0x07, 0x00, 0x00, 0xFF, 0xC0, 0x06, 0xDB,
0x03, 0xC0, 0x01, 0x21, 0x01, 0x4E, 0x01, 0x5E, 0x01, 0x6E, 0x01, 0x88, 0x01, 0x9C, 0x01, 0xD1,
0x00, 0x00, 0x01, 0x31, 0x36, 0x37, 0x36, 0x33, 0x31, 0x32, 0x17, 0x16, 0x17, 0x31, 0x16, 0x17,
0x16, 0x17, 0x31, 0x17, 0x33, 0x15, 0x07, 0x06, 0x07, 0x06, 0x15, 0x31, 0x14, 0x07, 0x06, 0x07,
0x31, 0x06, 0x07, 0x06, 0x23, 0x31, 0x22, 0x27, 0x26, 0x35, 0x31, 0x34, 0x27, 0x26, 0x23, 0x31,
0x22, 0x07, 0x06, 0x15, 0x31, 0x14, 0x07, 0x06, 0x07, 0x31, 0x06, 0x07, 0x06, 0x15, 0x31, 0x14,
0x07, 0x06, 0x07, 0x31, 0x06, 0x07, 0x06, 0x27, 0x31, 0x26, 0x27, 0x26, 0x27, 0x31, 0x26, 0x27,
0x26, 0x35, 0x31, 0x34, 0x27, 0x26, 0x27, 0x31, 0x26, 0x27, 0x26, 0x35, 0x31, 0x34, 0x27, 0x26,
0x07, 0x31, 0x06, 0x27, 0x26, 0x27, 0x31, 0x26, 0x23, 0x06, 0x07, 0x31, 0x06, 0x07, 0x06, 0x17,
0x31, 0x16, 0x07, 0x06, 0x07, 0x31, 0x06, 0x17, 0x31, 0x16, 0x17, 0x16, 0x17, 0x31, 0x16, 0x17,
0x31, 0x16, 0x07, 0x06, 0x07, 0x31, 0x06, 0x07, 0x06, 0x27, 0x31, 0x26, 0x27, 0x26, 0x27, 0x31,
0x26, 0x27, 0x26, 0x07, 0x31, 0x06, 0x27, 0x26, 0x27, 0x31, 0x26, 0x27, 0x26, 0x23, 0x31, 0x22,
0x07, 0x06, 0x07, 0x31, 0x07, 0x23, 0x06, 0x27, 0x26, 0x27, 0x31, 0x26, 0x27, 0x26, 0x07, 0x31,
0x06, 0x07, 0x31, 0x06, 0x07, 0x06, 0x07, 0x31, 0x06, 0x15, 0x31, 0x14, 0x07, 0x06, 0x07, 0x31,
0x06, 0x27, 0x26, 0x27, 0x31, 0x26, 0x37, 0x36, 0x37, 0x31, 0x36, 0x37, 0x36, 0x37, 0x31, 0x36,
0x27, 0x26, 0x27, 0x31, 0x27, 0x0F, 0x01, 0x06, 0x07, 0x06, 0x27, 0x31, 0x26, 0x27, 0x26, 0x35,
0x31, 0x34, 0x37, 0x36, 0x37, 0x31, 0x36, 0x37, 0x36, 0x17, 0x31, 0x16, 0x17, 0x31, 0x16, 0x17,
0x16, 0x17, 0x31, 0x16, 0x17, 0x31, 0x17, 0x37, 0x36, 0x37, 0x36, 0x33, 0x31, 0x32, 0x37, 0x36,
0x37, 0x31, 0x36, 0x37, 0x36, 0x37, 0x31, 0x37, 0x15, 0x17, 0x16, 0x33, 0x16, 0x37, 0x31, 0x36,
0x17, 0x16, 0x17, 0x31, 0x16, 0x17, 0x16, 0x33, 0x31, 0x33, 0x37, 0x36, 0x37, 0x36, 0x35, 0x31,
0x34, 0x37, 0x36, 0x37, 0x05, 0x31, 0x14, 0x17, 0x16, 0x33, 0x31, 0x32, 0x17, 0x16, 0x17, 0x31,
0x16, 0x17, 0x16, 0x33, 0x31, 0x32, 0x37, 0x36, 0x37, 0x31, 0x3F, 0x01, 0x36, 0x37, 0x36, 0x37,
0x31, 0x36, 0x27, 0x26, 0x27, 0x31, 0x26, 0x27, 0x26, 0x27, 0x31, 0x26, 0x27, 0x26, 0x23, 0x31,
0x23, 0x05, 0x31, 0x16, 0x33, 0x32, 0x37, 0x31, 0x36, 0x23, 0x26, 0x23, 0x31, 0x22, 0x23, 0x06,
0x17, 0x33, 0x31, 0x16, 0x33, 0x32, 0x37, 0x31, 0x36, 0x23, 0x26, 0x23, 0x31, 0x22, 0x23, 0x06,
0x17, 0x05, 0x31, 0x06, 0x07, 0x06, 0x17, 0x31, 0x16, 0x17, 0x16, 0x37, 0x31, 0x36, 0x37, 0x36,
0x27, 0x31, 0x26, 0x27, 0x26, 0x23, 0x31, 0x22, 0x07, 0x06, 0x07, 0x17, 0x31, 0x14, 0x17, 0x16,
0x37, 0x31, 0x36, 0x37, 0x36, 0x35, 0x31, 0x34, 0x27, 0x26, 0x23, 0x31, 0x22, 0x07, 0x06, 0x05,
0x31, 0x06, 0x07, 0x06, 0x15, 0x31, 0x14, 0x17, 0x16, 0x17, 0x31, 0x16, 0x17, 0x16, 0x33, 0x31,
0x33, 0x37, 0x36, 0x37, 0x36, 0x35, 0x31, 0x26, 0x27, 0x26, 0x23, 0x31, 0x22, 0x07, 0x06, 0x07,
0x31, 0x06, 0x17, 0x16, 0x17, 0x31, 0x16, 0x27, 0x26, 0x27, 0x31, 0x26, 0x27, 0x26, 0x27, 0x31,
0x34, 0x27, 0x26, 0x07, 0x06, 0x4E, 0x03, 0x04, 0x05, 0x0B, 0x0D, 0x04, 0x04, 0x07, 0x06, 0x03,
0x03, 0x02, 0x02, 0x4A, 0x26, 0x1C, 0x05, 0x05, 0x01, 0x02, 0x03, 0x03, 0x04, 0x04, 0x09, 0x09,
0x03, 0x04, 0x05, 0x06, 0x17, 0x18, 0x05, 0x06, 0x02, 0x02, 0x02, 0x04, 0x01, 0x02, 0x01, 0x02,
0x02, 0x03, 0x04, 0x05, 0x0F, 0x0F, 0x03, 0x04, 0x02, 0x02, 0x01, 0x01, 0x01, 0x02, 0x02, 0x02,
0x01, 0x02, 0x06, 0x06, 0x1A, 0x08, 0x06, 0x06, 0x02, 0x02, 0x09, 0x0A, 0x1B, 0x25, 0x04, 0x05,
0x06, 0x02, 0x01, 0x01, 0x02, 0x03, 0x0C, 0x0C, 0x10, 0x11, 0x10, 0x10, 0x05, 0x0C, 0x06, 0x07,
0x27, 0x15, 0x0F, 0x0F, 0x01, 0x02, 0x10, 0x11, 0x24, 0x16, 0x08, 0x09, 0x03, 0x01, 0x02, 0x03,
0x04, 0x02, 0x04, 0x04, 0x0F, 0x10, 0x06, 0x06, 0x0A, 0x10, 0x37, 0x28, 0x0B, 0x0B, 0x0D, 0x0B,
0x05, 0x05, 0x02, 0x04, 0x0B, 0x0B, 0x0C, 0x0D, 0x0A, 0x09, 0x01, 0x01, 0x01, 0x02, 0x27, 0x27,
0x16, 0x07, 0x04, 0x05, 0x24, 0x14, 0x0F, 0x0F, 0x01, 0x03, 0x07, 0x08, 0x16, 0x16, 0xAA, 0xD7,
0xB0, 0x2B, 0x2B, 0x0E, 0x08, 0x01, 0x01, 0x01, 0x02, 0x07, 0x06, 0x04, 0x05, 0x07, 0x0B, 0x34,
0x34, 0x3E, 0x3E, 0x39, 0x3A, 0x17, 0x46, 0x33, 0x20, 0x0E, 0x0F, 0x12, 0x12, 0x04, 0x05, 0x01,
0x02, 0x25, 0x25, 0x19, 0x19, 0x25, 0x10, 0x35, 0x36, 0x3C, 0x68, 0x15, 0x16, 0x02, 0x01, 0x15,
0x15, 0x64, 0x8D, 0x0E, 0x06, 0x04, 0x04, 0x01, 0x01, 0x02, 0xFA, 0x9D, 0x03, 0x04, 0x0E, 0x04,
0x05, 0x06, 0x03, 0x04, 0x04, 0x05, 0x03, 0x03, 0x15, 0x15, 0x1A, 0x40, 0x0B, 0x05, 0x04, 0x05,
0x02, 0x05, 0x08, 0x09, 0x2D, 0x14, 0x10, 0x11, 0x04, 0x08, 0x1D, 0x1E, 0x15, 0x0F, 0x04, 0xAE,
0x08, 0x0B, 0x0C, 0x09, 0x08, 0x06, 0x06, 0x10, 0x10, 0x06, 0x06, 0x08, 0x84, 0x09, 0x0C, 0x0C,
0x08, 0x09, 0x06, 0x07, 0x12, 0x11, 0x05, 0x06, 0x09, 0xFB, 0xDB, 0x08, 0x02, 0x03, 0x04, 0x04,
0x0C, 0x0D, 0x14, 0x1E, 0x0B, 0x0B, 0x04, 0x04, 0x09, 0x09, 0x1A, 0x11, 0x09, 0x09, 0x05, 0x69,
0x01, 0x02, 0x01, 0x02, 0x01, 0x02, 0x01, 0x02, 0x02, 0x01, 0x01, 0x02, 0x01, 0x84, 0x04, 0x03,
0x03, 0x05, 0x06, 0x07, 0x0D, 0x0B, 0x0B, 0x25, 0x34, 0x0F, 0x06, 0x03, 0x04, 0x01, 0x07, 0x08,
0x26, 0x28, 0x07, 0x08, 0x05, 0x06, 0x01, 0x01, 0x0A, 0x04, 0x06, 0x06, 0x06, 0x04, 0x02, 0x02,
0x01, 0x09, 0x09, 0x0B, 0x03, 0x01, 0x07, 0x02, 0x03, 0x04, 0x04, 0x15, 0x0F, 0x13, 0x13, 0x1B,
0x32, 0x21, 0x01, 0x01, 0x02, 0x02, 0x09, 0x05, 0x08, 0x08, 0x06, 0x0A, 0x02, 0x03, 0x01, 0x02,
0x05, 0x06, 0x01, 0x01, 0x01, 0x02, 0x07, 0x04, 0x05, 0x06, 0x03, 0x05, 0x11, 0x12, 0x2C, 0x1F,
0x19, 0x1A, 0x05, 0x08, 0x01, 0x02, 0x01, 0x01, 0x02, 0x02, 0x0A, 0x06, 0x19, 0x19, 0x1E, 0x20,
0x15, 0x15, 0x01, 0x02, 0x04, 0x05, 0x06, 0x0B, 0x02, 0x02, 0x01, 0x01, 0x01, 0x02, 0x03, 0x03,
0x01, 0x05, 0x07, 0x05, 0x06, 0x23, 0x0B, 0x06, 0x06, 0x03, 0x02, 0x43, 0x43, 0x50, 0x51, 0x44,
0x44, 0x05, 0x0E, 0x06, 0x06, 0x0A, 0x05, 0x03, 0x03, 0x01, 0x02, 0x4D, 0x4D, 0xAF, 0x69, 0x19,
0x1A, 0x22, 0x0E, 0x01, 0x02, 0x12, 0x09, 0x02, 0x02, 0x03, 0x03, 0x0D, 0x12, 0x01, 0x01, 0x02,
0x09, 0x07, 0x01, 0x01, 0x03, 0x04, 0x19, 0x18, 0x1C, 0x1D, 0x19, 0x18, 0x04, 0x04, 0x03, 0x04,
0x01, 0x02, 0x13, 0x13, 0x0E, 0x05, 0x0A, 0x0B, 0x3A, 0x20, 0x1B, 0x1B, 0x06, 0x0E, 0x0C, 0x0C,
0x10, 0x10, 0x02, 0x3B, 0x30, 0x07, 0x08, 0x0F, 0x08, 0x10, 0x10, 0x4E, 0x4C, 0x11, 0x12, 0x0A,
0x07, 0x02, 0x03, 0x01, 0x02, 0x05, 0x05, 0x05, 0x05, 0x05, 0x04, 0x01, 0x03, 0x17, 0x0F, 0x04,
0x04, 0x02, 0x02, 0x07, 0x0C, 0x12, 0x13, 0x01, 0x01, 0x2A, 0x03, 0x01, 0x01, 0x01, 0x01, 0x01,
0x01, 0x06, 0x06, 0x01, 0x02, 0x14, 0x08, 0x06, 0x07, 0x01, 0x02, 0x04, 0x05, 0x05, 0xB3, 0x3B,
0x0D, 0x0E, 0x02, 0x03, 0x04, 0x04, 0x03, 0x03, 0x05, 0x05, 0x08, 0x11, 0x18, 0x0A, 0x0F, 0x0F,
0x0B, 0x1C, 0x07, 0x07, 0x03, 0x01, 0x03, 0x03, 0x03, 0x05, 0x05, 0x05, 0x1A, 0x01, 0x01, 0x01,
0x01, 0x01, 0x01, 0x01, 0x01, 0x01, 0x01, 0x01, 0x01, 0x0E, 0x07, 0x0D, 0x0E, 0x11, 0x0F, 0x06,
0x06, 0x03, 0x04, 0x0C, 0x0D, 0x17, 0x13, 0x06, 0x06, 0x02, 0x02, 0x04, 0x12, 0x03, 0x01, 0x01,
0x01, 0x01, 0x02, 0x02, 0x02, 0x02, 0x01, 0x02, 0x02, 0x03, 0x84, 0x08, 0x07, 0x08, 0x01, 0x02,
0x04, 0x05, 0x05, 0x09, 0x01, 0x02, 0x19, 0x0B, 0x0A, 0x0B, 0x04, 0x07, 0x01, 0x02, 0x01, 0x02,
0x0A, 0x09, 0x06, 0x07, 0x18, 0x09, 0x01, 0x02, 0x0A, 0x05, 0x08, 0x09, 0x07, 0x1A, 0x02, 0x02,
0x17, 0x00, 0x00, 0x00, 0x00, 0x02, 0x00, 0x00, 0xFF, 0xC0, 0x07, 0x49, 0x03, 0xC0, 0x00, 0xAF,
0x00, 0xE6, 0x00, 0x00, 0x01, 0x31, 0x36, 0x33, 0x36, 0x17, 0x31, 0x16, 0x17, 0x16, 0x15, 0x31,
0x14, 0x17, 0x16, 0x33, 0x31, 0x32, 0x17, 0x16, 0x15, 0x31, 0x14, 0x33, 0x16, 0x37, 0x31, 0x36,
0x37, 0x36, 0x33, 0x31, 0x32, 0x37, 0x36, 0x35, 0x31, 0x35, 0x05, 0x15, 0x05, 0x06, 0x27, 0x26,
0x35, 0x31, 0x34, 0x27, 0x26, 0x23, 0x31, 0x22, 0x27, 0x26, 0x27, 0x31, 0x26, 0x15, 0x06, 0x17,
0x31, 0x16, 0x07, 0x06, 0x07, 0x31, 0x07, 0x23, 0x07, 0x06, 0x07, 0x06, 0x07, 0x31, 0x07, 0x23,
0x26, 0x27, 0x26, 0x27, 0x31, 0x27, 0x07, 0x06, 0x07, 0x06, 0x17, 0x31, 0x16, 0x07, 0x06, 0x23,
0x31, 0x26, 0x27, 0x26, 0x27, 0x31, 0x27, 0x37, 0x36, 0x37, 0x36, 0x37, 0x31, 0x36, 0x37, 0x36,
0x27, 0x31, 0x26, 0x27, 0x26, 0x27, 0x31, 0x26, 0x27, 0x26, 0x37, 0x31, 0x36, 0x37, 0x36, 0x37,
0x31, 0x37, 0x23, 0x22, 0x27, 0x26, 0x37, 0x31, 0x36, 0x37, 0x36, 0x35, 0x31, 0x34, 0x33, 0x32,
0x17, 0x31, 0x16, 0x17, 0x16, 0x33, 0x31, 0x32, 0x37, 0x36, 0x37, 0x31, 0x36, 0x37, 0x36, 0x33,
0x31, 0x32, 0x17, 0x16, 0x17, 0x31, 0x16, 0x17, 0x16, 0x17, 0x31, 0x16, 0x37, 0x36, 0x35, 0x31,
0x34, 0x37, 0x36, 0x37, 0x05, 0x31, 0x06, 0x07, 0x06, 0x17, 0x31, 0x16, 0x17, 0x16, 0x17, 0x31,
0x17, 0x37, 0x36, 0x37, 0x36, 0x35, 0x31, 0x34, 0x27, 0x26, 0x23, 0x31, 0x22, 0x07, 0x06, 0x07,
0x31, 0x06, 0x17, 0x16, 0x17, 0x31, 0x16, 0x15, 0x14, 0x23, 0x31, 0x22, 0x27, 0x26, 0x27, 0x31,
0x26, 0x37, 0x36, 0x37, 0x31, 0x37, 0x23, 0x22, 0x07, 0x06, 0x07, 0x03, 0xE3, 0x04, 0x12, 0x13,
0x0B, 0x04, 0x03, 0x03, 0x02, 0x02, 0x03, 0x03, 0x02, 0x02, 0x01, 0x01, 0x02, 0x01, 0x05, 0x05,
0x05, 0x07, 0x03, 0x03, 0x02, 0xF9, 0xFE, 0x83, 0xFB, 0x40, 0x41, 0x04, 0x04, 0x05, 0x05, 0x05,
0x05, 0x02, 0x01, 0x01, 0x01, 0x01, 0x01, 0x01, 0x03, 0x07, 0xFC, 0x0E, 0x06, 0x09, 0x09, 0x07,
0x11, 0x4C, 0x20, 0x23, 0x23, 0x12, 0x2C, 0x1C, 0x0C, 0x07, 0x07, 0x01, 0x04, 0x0B, 0x0B, 0x3F,
0x23, 0x21, 0x22, 0x0C, 0x1E, 0x02, 0x02, 0x11, 0x11, 0x16, 0x11, 0x02, 0x02, 0x07, 0x04, 0x0B,
0x0B, 0x0C, 0x12, 0x04, 0x04, 0x02, 0x02, 0x02, 0x03, 0x01, 0x04, 0x1D, 0x20, 0x0A, 0x0B, 0x18,
0x07, 0x05, 0x05, 0x05, 0x05, 0x0D, 0x05, 0x06, 0x06, 0x03, 0x03, 0x06, 0x07, 0x07, 0x07, 0x06,
0x06, 0x01, 0x02, 0x03, 0x04, 0x04, 0x04, 0x49, 0x4A, 0xC0, 0xF6, 0x2D, 0x2D, 0x01, 0x01, 0x02,
0xFE, 0x52, 0x1E, 0x08, 0x08, 0x0B, 0x0B, 0x1C, 0x1C, 0x41, 0x4A, 0x12, 0x07, 0x05, 0x05, 0x11,
0x11, 0x21, 0x1E, 0x08, 0x09, 0x0A, 0x12, 0x04, 0x04, 0x19, 0x09, 0x0B, 0x0B, 0x0F, 0x0F, 0x05,
0x01, 0x02, 0x02, 0x04, 0x0A, 0x15, 0x09, 0x0D, 0x0D, 0x0A, 0x02, 0xA0, 0x04, 0x01, 0x04, 0x02,
0x05, 0x05, 0x05, 0x05, 0x04, 0x04, 0x03, 0x04, 0x04, 0x06, 0x01, 0x03, 0x04, 0x02, 0x03, 0x03,
0x04, 0x09, 0x11, 0x03, 0x8C, 0x02, 0x01, 0x01, 0x02, 0x07, 0x04, 0x03, 0x03, 0x02, 0x02, 0x04,
0x03, 0x05, 0x06, 0x0C, 0x0C, 0x0F, 0x0F, 0x0A, 0x17, 0x23, 0x0E, 0x14, 0x14, 0x0E, 0x21, 0x01,
0x01, 0x02, 0x02, 0x05, 0x82, 0x35, 0x2A, 0x2B, 0x06, 0x09, 0x02, 0x02, 0x01, 0x01, 0x02, 0x01,
0x05, 0x2E, 0x32, 0x49, 0x49, 0x2F, 0x25, 0x0A, 0x0B, 0x0B, 0x06, 0x07, 0x07, 0x03, 0x06, 0x04,
0x04, 0x09, 0x06, 0x0A, 0x0B, 0x09, 0x16, 0x0C, 0x0C, 0x09, 0x03, 0x05, 0x05, 0x04, 0x09, 0x09,
0x04, 0x03, 0x03, 0x0F, 0x10, 0x16, 0x16, 0x0F, 0x10, 0x02, 0x03, 0x03, 0x05, 0x02, 0x02, 0x02,
0x01, 0x01, 0x02, 0x09, 0x05, 0x05, 0x05, 0x02, 0xE4, 0x10, 0x10, 0x11, 0x17, 0x16, 0x08, 0x09,
0x01, 0x02, 0x2F, 0x14, 0x10, 0x11, 0x04, 0x0B, 0x06, 0x06, 0x03, 0x03, 0x10, 0x1A, 0x16, 0x16,
0x0D, 0x06, 0x01, 0x01, 0x10, 0x10, 0x12, 0x06, 0x0B, 0x0C, 0x0A, 0x18, 0x04, 0x04, 0x05, 0x00,
0x00, 0x02, 0x00, 0x00, 0xFF, 0xC0, 0x0B, 0xE9, 0x03, 0xC0, 0x01, 0x79, 0x01, 0x8E, 0x00, 0x00,
0x01, 0x31, 0x36, 0x17, 0x16, 0x17, 0x31, 0x16, 0x17, 0x16, 0x15, 0x31, 0x15, 0x1F, 0x01, 0x16,
0x37, 0x36, 0x27, 0x31, 0x26, 0x37, 0x36, 0x33, 0x31, 0x32, 0x17, 0x16, 0x17, 0x31, 0x16, 0x37,
0x36, 0x27, 0x31, 0x26, 0x37, 0x36, 0x33, 0x31, 0x32, 0x17, 0x16, 0x17, 0x31, 0x16, 0x17, 0x16,
0x33, 0x31, 0x32, 0x37, 0x36, 0x27, 0x31, 0x26, 0x37, 0x36, 0x33, 0x31, 0x32, 0x17, 0x16, 0x17,
0x31, 0x16, 0x17, 0x16, 0x33, 0x31, 0x32, 0x37, 0x36, 0x27, 0x31, 0x26, 0x37, 0x36, 0x33, 0x31,
0x32, 0x17, 0x16, 0x17, 0x31, 0x16, 0x17, 0x16, 0x33, 0x31, 0x32, 0x37, 0x36, 0x27, 0x31, 0x26,
0x37, 0x36, 0x33, 0x31, 0x32, 0x17, 0x16, 0x17, 0x31, 0x16, 0x17, 0x16, 0x33, 0x31, 0x32, 0x37,
0x36, 0x27, 0x31, 0x26, 0x37, 0x36, 0x33, 0x31, 0x32, 0x17, 0x16, 0x17, 0x31, 0x16, 0x33, 0x16,
0x27, 0x31, 0x26, 0x37, 0x36, 0x17, 0x31, 0x16, 0x17, 0x16, 0x17, 0x31, 0x16, 0x37, 0x36, 0x27,
0x31, 0x26, 0x37, 0x36, 0x17, 0x31, 0x16, 0x17, 0x16, 0x17, 0x31, 0x16, 0x17, 0x16, 0x17, 0x31,
0x16, 0x17, 0x31, 0x16, 0x17, 0x16, 0x17, 0x31, 0x16, 0x17, 0x31, 0x16, 0x07, 0x06, 0x07, 0x31,
0x06, 0x07, 0x31, 0x06, 0x07, 0x06, 0x07, 0x31, 0x06, 0x07, 0x31, 0x06, 0x07, 0x31, 0x06, 0x23,
0x22, 0x27, 0x31, 0x26, 0x27, 0x31, 0x26, 0x27, 0x26, 0x23, 0x31, 0x27, 0x15, 0x14, 0x07, 0x06,
0x27, 0x31, 0x2F, 0x01, 0x34, 0x27, 0x26, 0x27, 0x31, 0x26, 0x27, 0x26, 0x27, 0x31, 0x26, 0x27,
0x26, 0x27, 0x31, 0x26, 0x23, 0x06, 0x07, 0x31, 0x06, 0x07, 0x06, 0x27, 0x31, 0x26, 0x23, 0x26,
0x07, 0x31, 0x06, 0x23, 0x22, 0x27, 0x31, 0x26, 0x23, 0x22, 0x07, 0x31, 0x06, 0x23, 0x06, 0x35,
0x31, 0x34, 0x27, 0x26, 0x23, 0x31, 0x22, 0x07, 0x06, 0x15, 0x31, 0x14, 0x27, 0x26, 0x27, 0x31,
0x26, 0x23, 0x06, 0x07, 0x31, 0x06, 0x07, 0x31, 0x06, 0x07, 0x06, 0x27, 0x31, 0x26, 0x27, 0x31,
0x26, 0x27, 0x26, 0x27, 0x31, 0x26, 0x27, 0x31, 0x26, 0x37, 0x36, 0x37, 0x31, 0x36, 0x37, 0x31,
0x36, 0x37, 0x36, 0x37, 0x31, 0x36, 0x17, 0x16, 0x17, 0x31, 0x16, 0x33, 0x16, 0x37, 0x31, 0x36,
0x37, 0x36, 0x17, 0x31, 0x16, 0x33, 0x32, 0x37, 0x31, 0x36, 0x17, 0x16, 0x17, 0x31, 0x16, 0x33,
0x32, 0x37, 0x31, 0x36, 0x37, 0x36, 0x17, 0x31, 0x16, 0x33, 0x32, 0x37, 0x31, 0x36, 0x17, 0x16,
0x17, 0x31, 0x16, 0x33, 0x32, 0x37, 0x31, 0x36, 0x37, 0x36, 0x37, 0x31, 0x36, 0x37, 0x36, 0x37,
0x31, 0x36, 0x37, 0x36, 0x35, 0x31, 0x34, 0x37, 0x36, 0x37, 0x01, 0x31, 0x06, 0x17, 0x16, 0x33,
0x31, 0x32, 0x37, 0x36, 0x37, 0x31, 0x36, 0x35, 0x26, 0x27, 0x31, 0x26, 0x27, 0x26, 0x07, 0x04,
0xC2, 0x07, 0x13, 0x13, 0x04, 0x01, 0x01, 0x02, 0xAA, 0x11, 0x14, 0x0D, 0x0E, 0x0D, 0x03, 0x04,
0x05, 0x12, 0x26, 0x12, 0x12, 0x09, 0x0E, 0x11, 0x11, 0x0D, 0x05, 0x03, 0x04, 0x16, 0x16, 0x06,
0x07, 0x06, 0x05, 0x06, 0x06, 0x07, 0x09, 0x02, 0x02, 0x03, 0x03, 0x03, 0x04, 0x15, 0x13, 0x07,
0x08, 0x08, 0x05, 0x07, 0x08, 0x06, 0x08, 0x02, 0x02, 0x03, 0x03, 0x03, 0x03, 0x16, 0x12, 0x07,
0x08, 0x08, 0x05, 0x08, 0x08, 0x05, 0x09, 0x01, 0x02, 0x02, 0x04, 0x03, 0x03, 0x12, 0x10, 0x07,
0x07, 0x07, 0x04, 0x07, 0x08, 0x06, 0x0E, 0x04, 0x04, 0x07, 0x06, 0x02, 0x03, 0x11, 0x0E, 0x08,
0x09, 0x09, 0x10, 0x0C, 0x0C, 0x04, 0x03, 0x03, 0x03, 0x13, 0x0D, 0x0B, 0x0B, 0x07, 0x0E, 0x0A,
0x0A, 0x05, 0x04, 0x05, 0x05, 0x1F, 0x12, 0x33, 0x34, 0x38, 0x37, 0x4E, 0x4E, 0x36, 0x30, 0x38,
0x38, 0x32, 0x32, 0x26, 0x26, 0x0B, 0x0A, 0x06, 0x07, 0x22, 0x33, 0x2F, 0x2E, 0x2D, 0x2D, 0x2F,
0x2E, 0x32, 0x2D, 0xB2, 0xB2, 0xC5, 0xC6, 0xA1, 0xA0, 0x0B, 0x0A, 0x1C, 0x1C, 0x3B, 0x6B, 0x07,
0x07, 0x1A, 0x12, 0x01, 0x01, 0x02, 0x02, 0x03, 0x10, 0x10, 0x2A, 0x25, 0x13, 0x13, 0x03, 0x04,
0x02, 0x03, 0x04, 0x07, 0x33, 0x33, 0x0C, 0x06, 0x04, 0x04, 0x05, 0x09, 0x37, 0x37, 0x09, 0x05,
0x03, 0x04, 0x05, 0x08, 0x35, 0x36, 0x03, 0x03, 0x05, 0x04, 0x03, 0x04, 0x3B, 0x3B, 0x06, 0x03,
0x07, 0x07, 0x10, 0x0E, 0x21, 0x20, 0x27, 0x27, 0x26, 0x26, 0x19, 0x22, 0x08, 0x09, 0x06, 0x07,
0x03, 0x03, 0x01, 0x02, 0x05, 0x05, 0x08, 0x04, 0x22, 0x23, 0x43, 0x55, 0x1D, 0x1D, 0x11, 0x0F,
0x09, 0x09, 0x0A, 0x14, 0x2C, 0x2C, 0x0E, 0x09, 0x04, 0x04, 0x02, 0x04, 0x35, 0x35, 0x09, 0x06,
0x02, 0x03, 0x04, 0x07, 0x38, 0x39, 0x04, 0x02, 0x04, 0x04, 0x0A, 0x0E, 0x34, 0x35, 0x06, 0x03,
0x02, 0x03, 0x03, 0x03, 0x15, 0x15, 0x23, 0x32, 0x0C, 0x0D, 0x03, 0x01, 0x01, 0x02, 0x01, 0x02,
0x02, 0x04, 0xA3, 0x1B, 0x0E, 0x0F, 0x29, 0x15, 0x09, 0x09, 0x07, 0x0B, 0x01, 0x0D, 0x0D, 0x1B,
0x1C, 0x12, 0x03, 0x15, 0x08, 0x03, 0x03, 0x08, 0x05, 0x28, 0x29, 0x34, 0x7E, 0x04, 0x1A, 0x1D,
0x04, 0x04, 0x1E, 0x09, 0x02, 0x02, 0x06, 0x07, 0x11, 0x18, 0x04, 0x04, 0x18, 0x0A, 0x02, 0x03,
0x03, 0x04, 0x0F, 0x0A, 0x06, 0x06, 0x04, 0x04, 0x0E, 0x10, 0x03, 0x03, 0x04, 0x04, 0x0E, 0x09,
0x06, 0x07, 0x04, 0x05, 0x0D, 0x10, 0x03, 0x03, 0x04, 0x04, 0x0E, 0x09, 0x06, 0x07, 0x04, 0x05,
0x0D, 0x10, 0x03, 0x03, 0x04, 0x05, 0x0D, 0x09, 0x06, 0x07, 0x08, 0x08, 0x0D, 0x0A, 0x02, 0x03,
0x04, 0x05, 0x0D, 0x15, 0x01, 0x15, 0x0E, 0x02, 0x03, 0x02, 0x02, 0x05, 0x06, 0x09, 0x10, 0x03,
0x04, 0x14, 0x0E, 0x02, 0x02, 0x03, 0x02, 0x08, 0x09, 0x0B, 0x0B, 0x0E, 0x0F, 0x09, 0x08, 0x0A,
0x0B, 0x0A, 0x0B, 0x08, 0x09, 0x04, 0x04, 0x06, 0x07, 0x13, 0x1E, 0x16, 0x17, 0x10, 0x10, 0x0B,
0x0B, 0x06, 0x06, 0x03, 0x03, 0x03, 0x03, 0x06, 0x05, 0x02, 0x03, 0x01, 0x5E, 0x4D, 0x12, 0x12,
0x06, 0x05, 0x63, 0x2A, 0x20, 0x21, 0x04, 0x06, 0x03, 0x03, 0x01, 0x01, 0x02, 0x03, 0x05, 0x05,
0x01, 0x06, 0x0B, 0x03, 0x03, 0x0A, 0x05, 0x01, 0x05, 0x09, 0x09, 0x05, 0x05, 0x08, 0x01, 0x08,
0x03, 0x02, 0x02, 0x02, 0x03, 0x03, 0x09, 0x04, 0x04, 0x0A, 0x05, 0x01, 0x07, 0x06, 0x04, 0x04,
0x01, 0x02, 0x01, 0x01, 0x04, 0x05, 0x05, 0x05, 0x0F, 0x15, 0x24, 0x25, 0x25, 0x26, 0x1F, 0x1F,
0x0B, 0x04, 0x02, 0x02, 0x01, 0x01, 0x02, 0x02, 0x08, 0x08, 0x01, 0x04, 0x0A, 0x03, 0x03, 0x08,
0x06, 0x05, 0x0B, 0x01, 0x01, 0x0B, 0x08, 0x08, 0x0B, 0x01, 0x01, 0x0B, 0x05, 0x06, 0x08, 0x03,
0x04, 0x0A, 0x04, 0x05, 0x04, 0x02, 0x03, 0x01, 0x02, 0x02, 0x03, 0x0A, 0x06, 0x2B, 0x2B, 0x36,
0x36, 0x28, 0x28, 0x02, 0xFE, 0x72, 0x13, 0x15, 0x15, 0x03, 0x03, 0x0A, 0x0F, 0x07, 0x07, 0x0D,
0x0D, 0x01, 0x01, 0x0C, 0x00, 0x02, 0x00, 0x00, 0xFF, 0xC0, 0x0C, 0x2D, 0x03, 0xC0, 0x01, 0x32,
0x01, 0x46, 0x00, 0x00, 0x01, 0x31, 0x36, 0x33, 0x36, 0x17, 0x31, 0x16, 0x17, 0x16, 0x33, 0x31,
0x32, 0x17, 0x16, 0x17, 0x31, 0x16, 0x17, 0x31, 0x16, 0x17, 0x16, 0x17, 0x31, 0x16, 0x17, 0x31,
0x16, 0x37, 0x36, 0x37, 0x31, 0x36, 0x17, 0x16, 0x17, 0x31, 0x16, 0x17, 0x16, 0x37, 0x31, 0x36,
0x37, 0x36, 0x37, 0x31, 0x36, 0x17, 0x16, 0x17, 0x31, 0x16, 0x33, 0x16, 0x37, 0x31, 0x37, 0x17,
0x16, 0x17, 0x16, 0x37, 0x31, 0x36, 0x35, 0x36, 0x27, 0x31, 0x26, 0x37, 0x36, 0x17, 0x31, 0x16,
0x17, 0x16, 0x17, 0x31, 0x16, 0x17, 0x16, 0x17, 0x31, 0x16, 0x37, 0x36, 0x27, 0x31, 0x26, 0x17,
0x16, 0x17, 0x31, 0x16, 0x17, 0x16, 0x37, 0x31, 0x37, 0x17, 0x16, 0x17, 0x16, 0x35, 0x31, 0x34,
0x17, 0x16, 0x17, 0x31, 0x16, 0x17, 0x16, 0x37, 0x31, 0x36, 0x37, 0x36, 0x27, 0x31, 0x26, 0x17,
0x16, 0x17, 0x31, 0x16, 0x17, 0x16, 0x33, 0x31, 0x32, 0x37, 0x36, 0x27, 0x31, 0x26, 0x17, 0x16,
0x17, 0x31, 0x16, 0x17, 0x16, 0x15, 0x31, 0x14, 0x07, 0x06, 0x07, 0x31, 0x0F, 0x01, 0x06, 0x07,
0x31, 0x06, 0x07, 0x06, 0x07, 0x31, 0x06, 0x27, 0x31, 0x26, 0x27, 0x26, 0x35, 0x31, 0x34, 0x27,
0x26, 0x27, 0x31, 0x26, 0x27, 0x31, 0x26, 0x27, 0x26, 0x27, 0x31, 0x26, 0x07, 0x31, 0x06, 0x07,
0x06, 0x07, 0x31, 0x06, 0x07, 0x06, 0x27, 0x31, 0x26, 0x27, 0x26, 0x37, 0x31, 0x36, 0x37, 0x36,
0x35, 0x31, 0x34, 0x27, 0x26, 0x27, 0x31, 0x26, 0x27, 0x26, 0x07, 0x31, 0x06, 0x07, 0x06, 0x07,
0x31, 0x06, 0x27, 0x26, 0x27, 0x31, 0x26, 0x27, 0x26, 0x27, 0x31, 0x26, 0x07, 0x06, 0x07, 0x31,
0x07, 0x27, 0x26, 0x07, 0x06, 0x07, 0x31, 0x06, 0x07, 0x06, 0x07, 0x31, 0x06, 0x07, 0x06, 0x07,
0x31, 0x06, 0x07, 0x06, 0x27, 0x31, 0x26, 0x27, 0x26, 0x27, 0x31, 0x26, 0x35, 0x26, 0x37, 0x31,
0x36, 0x37, 0x36, 0x37, 0x31, 0x36, 0x37, 0x36, 0x37, 0x31, 0x36, 0x37, 0x36, 0x37, 0x31, 0x36,
0x37, 0x36, 0x17, 0x31, 0x16, 0x17, 0x16, 0x37, 0x31, 0x36, 0x37, 0x36, 0x37, 0x31, 0x36, 0x37,
0x36, 0x37, 0x31, 0x36, 0x37, 0x36, 0x37, 0x03, 0x31, 0x06, 0x17, 0x16, 0x17, 0x31, 0x16, 0x33,
0x32, 0x37, 0x31, 0x36, 0x35, 0x26, 0x27, 0x31, 0x26, 0x23, 0x06, 0x05, 0x6D, 0x25, 0x08, 0x09,
0x18, 0x0B, 0x0C, 0x0C, 0x06, 0x05, 0x0A, 0x0B, 0x08, 0x0B, 0x28, 0x27, 0x33, 0x34, 0x35, 0x36,
0x25, 0x59, 0x48, 0x48, 0x2F, 0x34, 0x11, 0x11, 0x0D, 0x08, 0x06, 0x06, 0x0A, 0x07, 0x05, 0x05,
0x01, 0x03, 0x05, 0x06, 0x0A, 0x0C, 0x12, 0x12, 0x04, 0x05, 0x0E, 0x0B, 0x0E, 0x0F, 0x08, 0x03,
0x01, 0x02, 0x03, 0x01, 0x02, 0x07, 0x05, 0x04, 0x05, 0x02, 0x02, 0x05, 0x06, 0x07, 0x0E, 0x0B,
0x0C, 0x05, 0x06, 0x0A, 0x0A, 0x0A, 0x0D, 0x0F, 0x0F, 0x05, 0x04, 0x0C, 0x0E, 0x15, 0x16, 0x08,
0x09, 0x07, 0x07, 0x0D, 0x0E, 0x09, 0x04, 0x01, 0x02, 0x02, 0x06, 0x09, 0x09, 0x0C, 0x06, 0x07,
0x08, 0x05, 0x09, 0x05, 0x06, 0x05, 0x05, 0x18, 0x18, 0x82, 0x38, 0x28, 0x28, 0x21, 0x22, 0x2F,
0x72, 0x46, 0x39, 0x40, 0x41, 0x41, 0x41, 0x3E, 0x3F, 0x34, 0x4A, 0x18, 0x18, 0x14, 0x15, 0x12,
0x08, 0x66, 0x65, 0x78, 0x78, 0x65, 0x65, 0x06, 0x04, 0x09, 0x0A, 0x09, 0x1C, 0x0C, 0x0C, 0x36,
0x35, 0x04, 0x05, 0x1F, 0x1A, 0x0F, 0x0F, 0x08, 0x08, 0x0B, 0x1F, 0x2C, 0x2C, 0x2A, 0x15, 0x19,
0x19, 0x0B, 0x10, 0x0F, 0x0F, 0x18, 0x0F, 0x0B, 0x0B, 0x15, 0x21, 0x23, 0x24, 0x28, 0x26, 0x23,
0x2F, 0x32, 0x33, 0x30, 0x09, 0x12, 0x13, 0x16, 0x30, 0x1B, 0x1C, 0x2E, 0x1C, 0x0F, 0x10, 0x06,
0x05, 0x16, 0x16, 0x1B, 0x36, 0x01, 0x33, 0x12, 0x10, 0x10, 0x05, 0x08, 0x0C, 0x0D, 0x2A, 0x32,
0x35, 0x36, 0x63, 0x57, 0x3D, 0x3D, 0x42, 0x93, 0x2B, 0x2B, 0x40, 0x23, 0x1E, 0x1F, 0x07, 0x08,
0x0F, 0x10, 0x0E, 0x0E, 0x16, 0x16, 0x11, 0x1E, 0x09, 0x01, 0x01, 0x0A, 0x06, 0x04, 0x05, 0x07,
0x0B, 0x01, 0x0D, 0x07, 0x05, 0x06, 0x02, 0xA2, 0x0C, 0x01, 0x0A, 0x04, 0x03, 0x04, 0x04, 0x05,
0x06, 0x08, 0x0D, 0x0E, 0x0E, 0x0E, 0x0C, 0x0D, 0x05, 0x0D, 0x03, 0x04, 0x15, 0x16, 0x01, 0x01,
0x1A, 0x10, 0x05, 0x06, 0x01, 0x01, 0x05, 0x05, 0x08, 0x11, 0x01, 0x02, 0x15, 0x19, 0x01, 0x18,
0x16, 0x1D, 0x17, 0x07, 0x08, 0x0D, 0x04, 0x07, 0x07, 0x06, 0x0A, 0x01, 0x01, 0x06, 0x04, 0x08,
0x08, 0x08, 0x07, 0x06, 0x07, 0x02, 0x05, 0x09, 0x0A, 0x0D, 0x13, 0x06, 0x06, 0x15, 0x1B, 0x01,
0x02, 0x18, 0x17, 0x1B, 0x1F, 0x03, 0x04, 0x1C, 0x13, 0x01, 0x02, 0x14, 0x16, 0x07, 0x08, 0x0B,
0x04, 0x06, 0x07, 0x05, 0x10, 0x05, 0x06, 0x14, 0x0A, 0x08, 0x08, 0x0B, 0x0C, 0x09, 0x07, 0x04,
0x04, 0x1C, 0x0C, 0x09, 0x0A, 0x02, 0x02, 0x21, 0x21, 0x2C, 0x6C, 0x10, 0x0D, 0x0A, 0x0B, 0x06,
0x06, 0x02, 0x03, 0x03, 0x03, 0x04, 0x05, 0x09, 0x0C, 0x15, 0x16, 0x08, 0x03, 0x0B, 0x0B, 0x0B,
0x0B, 0x08, 0x08, 0x02, 0x01, 0x17, 0x17, 0x1F, 0x5E, 0x0C, 0x0D, 0x06, 0x06, 0x08, 0x09, 0x22,
0x1D, 0x1A, 0x1B, 0x11, 0x05, 0x0E, 0x0E, 0x0F, 0x2C, 0x0F, 0x10, 0x12, 0x09, 0x1B, 0x1B, 0x1A,
0x25, 0x05, 0x05, 0x34, 0x20, 0x0D, 0x0E, 0x0C, 0x14, 0x03, 0x03, 0x19, 0x19, 0x11, 0x18, 0x06,
0x07, 0x24, 0x06, 0x06, 0x06, 0x02, 0x06, 0x0F, 0x0F, 0x2E, 0x1B, 0x0B, 0x0B, 0x02, 0x02, 0x27,
0x28, 0x35, 0x6F, 0x15, 0x15, 0x32, 0x11, 0x11, 0x12, 0x07, 0x0C, 0x04, 0x04, 0x04, 0x04, 0x0D,
0x0D, 0x20, 0x1C, 0x06, 0x07, 0x0B, 0x19, 0x04, 0x05, 0x03, 0x02, 0x02, 0x03, 0x01, 0x02, 0x02,
0x03, 0x02, 0x02, 0x05, 0x05, 0x06, 0xFD, 0xEF, 0x09, 0x09, 0x09, 0x09, 0x05, 0x05, 0x0A, 0x0A,
0x0A, 0x07, 0x04, 0x01, 0x00, 0x01, 0x00, 0x00, 0xFF, 0xC0, 0x0C, 0xE0, 0x03, 0xC0, 0x00, 0xDB,
0x00, 0x00, 0x01, 0x31, 0x06, 0x07, 0x31, 0x06, 0x07, 0x06, 0x07, 0x31, 0x06, 0x07, 0x31, 0x06,
0x07, 0x31, 0x06, 0x07, 0x06, 0x07, 0x31, 0x06, 0x07, 0x31, 0x06, 0x07, 0x06, 0x17, 0x31, 0x16,
0x17, 0x16, 0x37, 0x31, 0x36, 0x37, 0x36, 0x37, 0x31, 0x36, 0x37, 0x36, 0x17, 0x31, 0x16, 0x17,
0x16, 0x17, 0x31, 0x16, 0x37, 0x36, 0x37, 0x31, 0x36, 0x37, 0x36, 0x37, 0x31, 0x36, 0x17, 0x16,
0x17, 0x31, 0x16, 0x17, 0x16, 0x37, 0x31, 0x36, 0x17, 0x16, 0x17, 0x31, 0x16, 0x33, 0x16, 0x37,
0x31, 0x36, 0x37, 0x36, 0x37, 0x31, 0x36, 0x17, 0x16, 0x17, 0x31, 0x16, 0x17, 0x16, 0x17, 0x31,
0x16, 0x17, 0x16, 0x17, 0x31, 0x16, 0x37, 0x36, 0x37, 0x31, 0x36, 0x37, 0x36, 0x17, 0x31, 0x16,
0x17, 0x16, 0x17, 0x31, 0x16, 0x17, 0x16, 0x17, 0x31, 0x16, 0x17, 0x31, 0x16, 0x17, 0x16, 0x17,
0x31, 0x16, 0x17, 0x31, 0x16, 0x37, 0x31, 0x36, 0x37, 0x36, 0x37, 0x31, 0x36, 0x37, 0x31, 0x36,
0x37, 0x36, 0x35, 0x31, 0x36, 0x27, 0x26, 0x27, 0x31, 0x26, 0x27, 0x31, 0x26, 0x27, 0x26, 0x27,
0x31, 0x26, 0x27, 0x31, 0x26, 0x27, 0x31, 0x26, 0x27, 0x26, 0x27, 0x31, 0x26, 0x27, 0x31, 0x26,
0x27, 0x26, 0x23, 0x31, 0x22, 0x27, 0x26, 0x27, 0x31, 0x27, 0x37, 0x36, 0x37, 0x36, 0x35, 0x31,
0x34, 0x27, 0x26, 0x27, 0x31, 0x26, 0x27, 0x26, 0x27, 0x31, 0x26, 0x27, 0x26, 0x23, 0x31, 0x26,
0x27, 0x26, 0x27, 0x31, 0x26, 0x27, 0x31, 0x26, 0x27, 0x26, 0x23, 0x31, 0x22, 0x07, 0x03, 0xB9,
0x4A, 0x38, 0x38, 0x2C, 0x2D, 0x24, 0x24, 0x23, 0x34, 0x2D, 0x2C, 0x24, 0x24, 0x1C, 0x1B, 0x12,
0x2B, 0x10, 0x10, 0x0F, 0x05, 0x04, 0x05, 0x0D, 0x08, 0x26, 0x27, 0x2E, 0x74, 0x2A, 0x2B, 0x2C,
0x0E, 0x0D, 0x0E, 0x05, 0x10, 0x0E, 0x0F, 0x0F, 0x11, 0x16, 0x17, 0x19, 0x11, 0x0B, 0x0B, 0x14,
0x15, 0x1A, 0x1A, 0x53, 0x5A, 0x1F, 0x1F, 0x44, 0x4A, 0x15, 0x15, 0x06, 0x06, 0x1A, 0x1B, 0x18,
0x1E, 0x1E, 0x1E, 0x13, 0x09, 0x0D, 0x0D, 0x0A, 0x09, 0x0A, 0x0B, 0x06, 0x0B, 0x30, 0x30, 0x39,
0x13, 0x0E, 0x0F, 0x02, 0x01, 0x16, 0x17, 0x1D, 0x25, 0x2A, 0x2B, 0x39, 0x31, 0x31, 0x31, 0x33,
0x33, 0x37, 0x37, 0x3D, 0x77, 0x66, 0x66, 0x57, 0x58, 0x4A, 0x4A, 0x3E, 0x14, 0x0E, 0x0F, 0x01,
0x2F, 0x2F, 0x42, 0x3F, 0x37, 0x36, 0x34, 0x34, 0x34, 0x34, 0x3A, 0x23, 0x2F, 0x2E, 0x2D, 0x2D,
0x26, 0x25, 0x12, 0x15, 0x1E, 0x1F, 0x63, 0x6D, 0x17, 0x18, 0x0D, 0x13, 0x13, 0x07, 0x05, 0x06,
0x0E, 0x0E, 0x1C, 0x17, 0x4A, 0x4A, 0x51, 0x50, 0x48, 0x49, 0x14, 0x15, 0x27, 0x27, 0x23, 0x1D,
0x3A, 0x39, 0x40, 0x40, 0x39, 0x3A, 0x1D, 0x02, 0xDD, 0x07, 0x08, 0x07, 0x09, 0x0A, 0x0D, 0x0C,
0x11, 0x19, 0x1C, 0x1C, 0x1E, 0x1F, 0x21, 0x21, 0x23, 0x53, 0x43, 0x44, 0x26, 0x0E, 0x02, 0x02,
0x06, 0x04, 0x23, 0x23, 0x2D, 0x72, 0x11, 0x12, 0x2F, 0x0F, 0x0B, 0x0C, 0x02, 0x05, 0x0B, 0x0C,
0x1C, 0x23, 0x17, 0x17, 0x08, 0x06, 0x01, 0x02, 0x0A, 0x0B, 0x02, 0x02, 0x03, 0x03, 0x03, 0x03,
0x12, 0x14, 0x01, 0x14, 0x11, 0x14, 0x15, 0x04, 0x06, 0x0C, 0x0C, 0x19, 0x0C, 0x1D, 0x1E, 0x1E,
0x1D, 0x18, 0x18, 0x03, 0x08, 0x08, 0x09, 0x13, 0x06, 0x02, 0x03, 0x02, 0x03, 0x04, 0x04, 0x02,
0x03, 0x0A, 0x0A, 0x13, 0x11, 0x0D, 0x0C, 0x0A, 0x0A, 0x06, 0x07, 0x04, 0x08, 0x06, 0x06, 0x15,
0x16, 0x24, 0x24, 0x34, 0x11, 0x0D, 0x0E, 0x02, 0x03, 0x02, 0x03, 0x02, 0x02, 0x04, 0x04, 0x07,
0x07, 0x0B, 0x0A, 0x0F, 0x09, 0x0E, 0x0E, 0x0F, 0x10, 0x0E, 0x0E, 0x09, 0x0B, 0x02, 0x03, 0x02,
0x03, 0x0E, 0x12, 0x03, 0x01, 0x04, 0x04, 0x04, 0x06, 0x04, 0x04, 0x02, 0x03, 0x0B, 0x0B, 0x0E,
0x0E, 0x0A, 0x0A, 0x01, 0x04, 0x04, 0x05, 0x05, 0x03, 0x04, 0x02, 0x02, 0x02, 0x00, 0x00, 0x00,
0x00, 0x01, 0x00, 0x00, 0xFF, 0xC0, 0x0F, 0x50, 0x03, 0xC0, 0x01, 0x9C, 0x00, 0x00, 0x01, 0x31,
0x06, 0x07, 0x06, 0x27, 0x31, 0x26, 0x07, 0x06, 0x07, 0x31, 0x06, 0x23, 0x22, 0x27, 0x31, 0x26,
0x27, 0x31, 0x26, 0x23, 0x26, 0x07, 0x31, 0x06, 0x07, 0x31, 0x06, 0x07, 0x31, 0x06, 0x07, 0x06,
0x07, 0x31, 0x06, 0x23, 0x31, 0x06, 0x07, 0x06, 0x07, 0x31, 0x14, 0x07, 0x06, 0x23, 0x31, 0x22,
0x07, 0x06, 0x15, 0x31, 0x14, 0x17, 0x16, 0x33, 0x31, 0x32, 0x17, 0x16, 0x15, 0x31, 0x16, 0x17,
0x16, 0x17, 0x31, 0x16, 0x37, 0x36, 0x37, 0x31, 0x36, 0x37, 0x36, 0x37, 0x31, 0x34, 0x37, 0x36,
0x37, 0x31, 0x36, 0x37, 0x36, 0x33, 0x31, 0x32, 0x17, 0x16, 0x17, 0x31, 0x16, 0x17, 0x31, 0x16,
0x17, 0x16, 0x17, 0x31, 0x16, 0x37, 0x31, 0x36, 0x37, 0x36, 0x37, 0x31, 0x36, 0x37, 0x36, 0x17,
0x31, 0x16, 0x17, 0x16, 0x17, 0x31, 0x17, 0x07, 0x06, 0x07, 0x06, 0x07, 0x31, 0x07, 0x37, 0x36,
0x37, 0x36, 0x37, 0x31, 0x36, 0x37, 0x36, 0x37, 0x31, 0x36, 0x37, 0x36, 0x35, 0x31, 0x34, 0x37,
0x36, 0x17, 0x31, 0x16, 0x17, 0x16, 0x33, 0x31, 0x32, 0x37, 0x36, 0x37, 0x31, 0x36, 0x37, 0x36,
0x37, 0x31, 0x36, 0x17, 0x31, 0x16, 0x17, 0x16, 0x17, 0x31, 0x16, 0x17, 0x31, 0x16, 0x17, 0x31,
0x16, 0x33, 0x16, 0x37, 0x31, 0x36, 0x37, 0x31, 0x36, 0x37, 0x36, 0x37, 0x31, 0x36, 0x37, 0x31,
0x36, 0x37, 0x36, 0x37, 0x31, 0x36, 0x37, 0x31, 0x36, 0x27, 0x26, 0x23, 0x31, 0x22, 0x27, 0x31,
0x26, 0x27, 0x26, 0x27, 0x31, 0x26, 0x27, 0x31, 0x26, 0x27, 0x26, 0x07, 0x31, 0x06, 0x07, 0x06,
0x27, 0x31, 0x26, 0x23, 0x22, 0x07, 0x31, 0x06, 0x27, 0x26, 0x27, 0x31, 0x26, 0x23, 0x22, 0x17,
0x31, 0x16, 0x07, 0x06, 0x27, 0x31, 0x26, 0x23, 0x22, 0x07, 0x31, 0x06, 0x27, 0x26, 0x27, 0x31,
0x26, 0x07, 0x06, 0x17, 0x31, 0x16, 0x07, 0x06, 0x23, 0x31, 0x22, 0x27, 0x26, 0x27, 0x31, 0x26,
0x23, 0x22, 0x07, 0x31, 0x06, 0x27, 0x26, 0x27, 0x31, 0x27, 0x17, 0x16, 0x07, 0x06, 0x23, 0x31,
0x22, 0x27, 0x26, 0x27, 0x31, 0x26, 0x23, 0x22, 0x07, 0x31, 0x06, 0x27, 0x26, 0x27, 0x31, 0x26,
0x23, 0x22, 0x17, 0x31, 0x16, 0x07, 0x06, 0x27, 0x31, 0x26, 0x23, 0x22, 0x15, 0x31, 0x14, 0x23,
0x26, 0x27, 0x31, 0x27, 0x17, 0x16, 0x07, 0x06, 0x27, 0x31, 0x26, 0x23, 0x26, 0x15, 0x31, 0x14,
0x23, 0x26, 0x27, 0x31, 0x26, 0x27, 0x26, 0x17, 0x31, 0x16, 0x17, 0x16, 0x15, 0x31, 0x14, 0x27,
0x26, 0x27, 0x31, 0x26, 0x27, 0x26, 0x07, 0x31, 0x06, 0x23, 0x26, 0x27, 0x31, 0x26, 0x27, 0x26,
0x17, 0x31, 0x16, 0x07, 0x06, 0x27, 0x31, 0x26, 0x27, 0x26, 0x07, 0x31, 0x06, 0x27, 0x26, 0x27,
0x31, 0x26, 0x23, 0x22, 0x17, 0x31, 0x16, 0x07, 0x06, 0x23, 0x31, 0x23, 0x37, 0x36, 0x37, 0x36,
0x27, 0x31, 0x26, 0x27, 0x26, 0x27, 0x31, 0x26, 0x07, 0x06, 0x07, 0x07, 0x1D, 0x16, 0x19, 0x19,
0x10, 0x06, 0x0D, 0x0E, 0x0C, 0x16, 0x2E, 0x2E, 0xBA, 0x73, 0x54, 0x54, 0x43, 0x44, 0x3B, 0x3B,
0x42, 0x19, 0x24, 0x24, 0x28, 0x29, 0x29, 0x2A, 0x23, 0x95, 0x18, 0x18, 0x01, 0x0A, 0x0A, 0x0F,
0x04, 0x03, 0x03, 0x03, 0x03, 0x04, 0x12, 0x08, 0x09, 0x01, 0x06, 0x06, 0x19, 0x1B, 0x16, 0x17,
0x09, 0x04, 0x02, 0x03, 0x01, 0x0D, 0x0E, 0x12, 0x1C, 0x13, 0x14, 0x20, 0x31, 0x43, 0x43, 0x4B,
0x2E, 0x36, 0x36, 0x34, 0x34, 0x2D, 0x2E, 0x1F, 0x2F, 0x1B, 0x1B, 0x2D, 0x46, 0x22, 0x23, 0x2A,
0x25, 0x17, 0x17, 0x34, 0x2E, 0x14, 0x08, 0x07, 0x07, 0x02, 0x06, 0x1E, 0x15, 0x06, 0x07, 0x08,
0x04, 0x0F, 0x0F, 0x13, 0x19, 0x09, 0x09, 0x0D, 0x0D, 0x31, 0x22, 0x16, 0x16, 0x1F, 0x1D, 0x0D,
0x0E, 0x05, 0x05, 0x1F, 0x20, 0x63, 0x5C, 0x5E, 0x5D, 0x5A, 0x5A, 0x55, 0x55, 0x4B, 0x42, 0x49,
0x49, 0x4A, 0x4A, 0x46, 0x47, 0x3C, 0x26, 0x35, 0x36, 0x26, 0x21, 0x27, 0x27, 0x22, 0x23, 0x18,
0x18, 0x03, 0x02, 0x13, 0x13, 0x33, 0x42, 0x46, 0x46, 0x43, 0x43, 0x3D, 0x3C, 0x2F, 0x11, 0x0F,
0x10, 0x34, 0x71, 0x48, 0x48, 0x07, 0x05, 0x03, 0x03, 0x05, 0x04, 0x08, 0x09, 0x14, 0x1A, 0x03,
0x04, 0x04, 0x05, 0x0C, 0x0C, 0x07, 0x03, 0x02, 0x03, 0x03, 0x03, 0x09, 0x09, 0x14, 0x1A, 0x07,
0x08, 0x10, 0x07, 0x01, 0x01, 0x09, 0x06, 0x05, 0x06, 0x02, 0x03, 0x02, 0x03, 0x05, 0x05, 0x08,
0x09, 0x15, 0x23, 0x07, 0x03, 0x01, 0x02, 0x08, 0x05, 0x05, 0x06, 0x02, 0x03, 0x02, 0x03, 0x04,
0x05, 0x08, 0x08, 0x11, 0x1C, 0x05, 0x05, 0x09, 0x09, 0x0A, 0x0A, 0x0D, 0x09, 0x01, 0x02, 0x06,
0x06, 0x1A, 0x25, 0x06, 0x05, 0x0A, 0x0B, 0x0D, 0x08, 0x02, 0x02, 0x04, 0x05, 0x15, 0x19, 0x0C,
0x0C, 0x0D, 0x04, 0x03, 0x04, 0x0E, 0x0F, 0x08, 0x05, 0x03, 0x04, 0x03, 0x02, 0x07, 0x07, 0x0F,
0x18, 0x0D, 0x0D, 0x0C, 0x0F, 0x04, 0x05, 0x11, 0x0B, 0x06, 0x07, 0x02, 0x01, 0x08, 0x08, 0x0F,
0x1B, 0x07, 0x07, 0x0B, 0x08, 0x18, 0x19, 0x67, 0x9D, 0x17, 0x0F, 0x0A, 0x0B, 0x06, 0x01, 0x07,
0x07, 0x08, 0x0E, 0x07, 0x08, 0x12, 0x02, 0xBE, 0x30, 0x1B, 0x1B, 0x07, 0x02, 0x03, 0x03, 0x06,
0x0A, 0x0B, 0x06, 0x04, 0x03, 0x01, 0x02, 0x03, 0x05, 0x02, 0x02, 0x02, 0x01, 0x02, 0x01, 0x02,
0x03, 0x0A, 0x0A, 0x3B, 0x22, 0x16, 0x16, 0x08, 0x08, 0x0C, 0x0B, 0x08, 0x08, 0x19, 0x1A, 0x33,
0x40, 0x12, 0x12, 0x0D, 0x0F, 0x0B, 0x0C, 0x20, 0x0E, 0x0C, 0x0D, 0x05, 0x04, 0x0B, 0x0C, 0x0C,
0x11, 0x05, 0x06, 0x09, 0x0A, 0x11, 0x0B, 0x09, 0x09, 0x06, 0x06, 0x02, 0x03, 0x01, 0x03, 0x07,
0x07, 0x16, 0x21, 0x08, 0x08, 0x08, 0x07, 0x11, 0x11, 0x3C, 0x35, 0x25, 0x10, 0x18, 0x19, 0x13,
0x2E, 0x03, 0x03, 0x07, 0x07, 0x1E, 0x13, 0x1B, 0x1C, 0x18, 0x20, 0x12, 0x13, 0x14, 0x2E, 0x06,
0x06, 0x1A, 0x12, 0x06, 0x06, 0x03, 0x04, 0x09, 0x09, 0x04, 0x05, 0x06, 0x05, 0x01, 0x02, 0x07,
0x07, 0x0E, 0x0D, 0x13, 0x11, 0x08, 0x09, 0x01, 0x07, 0x08, 0x0F, 0x0A, 0x14, 0x14, 0x13, 0x10,
0x18, 0x18, 0x18, 0x19, 0x14, 0x15, 0x09, 0x06, 0x02, 0x03, 0x0B, 0x0B, 0x13, 0x14, 0x1B, 0x1B,
0x21, 0x0D, 0x01, 0x01, 0x07, 0x0E, 0x02, 0x03, 0x0A, 0x08, 0x07, 0x07, 0x01, 0x02, 0x0B, 0x0E,
0x0D, 0x10, 0x03, 0x03, 0x0F, 0x06, 0x06, 0x07, 0x02, 0x02, 0x0A, 0x0D, 0x02, 0x02, 0x11, 0x06,
0x02, 0x03, 0x03, 0x04, 0x05, 0x06, 0x07, 0x07, 0x01, 0x02, 0x0C, 0x15, 0x14, 0x0B, 0x04, 0x05,
0x03, 0x04, 0x05, 0x06, 0x06, 0x06, 0x01, 0x01, 0x0B, 0x11, 0x12, 0x11, 0x01, 0x01, 0x11, 0x0C,
0x0C, 0x0B, 0x01, 0x0D, 0x13, 0x13, 0x12, 0x01, 0x01, 0x11, 0x0B, 0x01, 0x0C, 0x0B, 0x01, 0x0D,
0x0F, 0x02, 0x02, 0x0C, 0x05, 0x05, 0x06, 0x03, 0x0A, 0x03, 0x04, 0x0C, 0x09, 0x01, 0x01, 0x06,
0x07, 0x01, 0x08, 0x0D, 0x01, 0x01, 0x0C, 0x0F, 0x05, 0x05, 0x0C, 0x07, 0x01, 0x01, 0x05, 0x05,
0x01, 0x01, 0x08, 0x0E, 0x0D, 0x09, 0x02, 0x03, 0x2A, 0x1E, 0x24, 0x25, 0x05, 0x02, 0x02, 0x03,
0x03, 0x04, 0x09, 0x09, 0x26, 0x00, 0x00, 0x00, 0x00, 0x0B, 0x00, 0x00, 0xFF, 0xC0, 0x0E, 0xFA,
0x03, 0xC0, 0x01, 0x03, 0x01, 0x12, 0x01, 0x27, 0x01, 0x3F, 0x01, 0x5B, 0x01, 0x6B, 0x01, 0x7B,
0x01, 0x8B, 0x01, 0x9B, 0x01, 0xAB, 0x01, 0xBB, 0x00, 0x00, 0x01, 0x31, 0x36, 0x37, 0x36, 0x17,
0x31, 0x16, 0x17, 0x16, 0x17, 0x31, 0x16, 0x17, 0x16, 0x37, 0x31, 0x32, 0x37, 0x36, 0x37, 0x31,
0x36, 0x17, 0x16, 0x17, 0x31, 0x16, 0x17, 0x16, 0x37, 0x31, 0x36, 0x37, 0x36, 0x37, 0x31, 0x36,
0x37, 0x36, 0x17, 0x31, 0x16, 0x17, 0x16, 0x17, 0x31, 0x16, 0x17, 0x31, 0x16, 0x37, 0x36, 0x37,
0x31, 0x36, 0x37, 0x31, 0x37, 0x17, 0x16, 0x17, 0x16, 0x37, 0x31, 0x36, 0x37, 0x36, 0x37, 0x31,
0x36, 0x37, 0x36, 0x17, 0x31, 0x16, 0x07, 0x06, 0x07, 0x31, 0x06, 0x07, 0x31, 0x06, 0x07, 0x06,
0x07, 0x31, 0x06, 0x23, 0x31, 0x22, 0x27, 0x31, 0x26, 0x27, 0x26, 0x27, 0x31, 0x26, 0x27, 0x31,
0x26, 0x27, 0x26, 0x07, 0x31, 0x06, 0x23, 0x26, 0x27, 0x31, 0x26, 0x27, 0x26, 0x07, 0x31, 0x06,
0x27, 0x26, 0x35, 0x31, 0x34, 0x07, 0x06, 0x07, 0x31, 0x06, 0x07, 0x06, 0x23, 0x31, 0x22, 0x07,
0x06, 0x07, 0x31, 0x06, 0x07, 0x06, 0x07, 0x31, 0x06, 0x07, 0x06, 0x23, 0x31, 0x22, 0x35, 0x34,
0x37, 0x31, 0x36, 0x37, 0x36, 0x27, 0x31, 0x26, 0x27, 0x26, 0x23, 0x31, 0x22, 0x27, 0x26, 0x27,
0x31, 0x26, 0x27, 0x31, 0x26, 0x27, 0x26, 0x27, 0x31, 0x26, 0x27, 0x31, 0x26, 0x07, 0x31, 0x06,
0x07, 0x06, 0x07, 0x31, 0x06, 0x07, 0x31, 0x06, 0x07, 0x31, 0x06, 0x07, 0x06, 0x07, 0x31, 0x06,
0x07, 0x31, 0x06, 0x27, 0x26, 0x27, 0x31, 0x26, 0x27, 0x26, 0x07, 0x31, 0x06, 0x27, 0x26, 0x27,
0x31, 0x26, 0x37, 0x36, 0x33, 0x31, 0x32, 0x37, 0x36, 0x35, 0x31, 0x34, 0x27, 0x26, 0x27, 0x31,
0x26, 0x27, 0x26, 0x37, 0x31, 0x36, 0x27, 0x26, 0x27, 0x31, 0x26, 0x27, 0x26, 0x35, 0x31, 0x34,
0x37, 0x36, 0x37, 0x31, 0x36, 0x37, 0x31, 0x36, 0x37, 0x36, 0x37, 0x31, 0x36, 0x37, 0x17, 0x31,
0x06, 0x17, 0x16, 0x37, 0x31, 0x36, 0x35, 0x34, 0x27, 0x31, 0x26, 0x07, 0x06, 0x17, 0x31, 0x06,
0x17, 0x16, 0x17, 0x31, 0x16, 0x37, 0x36, 0x35, 0x31, 0x34, 0x27, 0x26, 0x23, 0x31, 0x22, 0x07,
0x06, 0x07, 0x07, 0x17, 0x16, 0x17, 0x16, 0x17, 0x31, 0x16, 0x17, 0x16, 0x37, 0x31, 0x36, 0x35,
0x26, 0x27, 0x31, 0x2F, 0x01, 0x26, 0x27, 0x26, 0x07, 0x31, 0x05, 0x31, 0x16, 0x17, 0x31, 0x16,
0x17, 0x16, 0x33, 0x31, 0x36, 0x27, 0x31, 0x26, 0x27, 0x31, 0x26, 0x27, 0x26, 0x27, 0x31, 0x26,
0x27, 0x31, 0x26, 0x23, 0x06, 0x17, 0x05, 0x31, 0x06, 0x17, 0x16, 0x33, 0x31, 0x32, 0x37, 0x36,
0x27, 0x31, 0x26, 0x23, 0x26, 0x07, 0x17, 0x31, 0x06, 0x17, 0x16, 0x33, 0x31, 0x32, 0x37, 0x36,
0x35, 0x31, 0x34, 0x27, 0x26, 0x07, 0x05, 0x31, 0x06, 0x17, 0x16, 0x33, 0x31, 0x32, 0x37, 0x36,
0x27, 0x31, 0x26, 0x23, 0x22, 0x07, 0x07, 0x31, 0x06, 0x17, 0x16, 0x37, 0x31, 0x36, 0x37, 0x36,
0x35, 0x31, 0x34, 0x27, 0x26, 0x07, 0x05, 0x31, 0x16, 0x17, 0x16, 0x35, 0x31, 0x34, 0x27, 0x26,
0x27, 0x31, 0x26, 0x07, 0x06, 0x17, 0x07, 0x31, 0x06, 0x17, 0x16, 0x37, 0x31, 0x36, 0x37, 0x36,
0x27, 0x31, 0x26, 0x27, 0x26, 0x07, 0x04, 0x90, 0x1F, 0x4C, 0x4D, 0x4C, 0x85, 0x23, 0x24, 0x34,
0x41, 0x20, 0x20, 0x45, 0x26, 0x1C, 0x1C, 0x19, 0x34, 0x1B, 0x1B, 0x1D, 0x17, 0x0B, 0x0C, 0x20,
0x12, 0x15, 0x15, 0x0B, 0x0E, 0x0C, 0x0C, 0x10, 0x0B, 0x27, 0x27, 0x2A, 0x4A, 0x4B, 0x4C, 0x4C,
0x4C, 0x4B, 0x4C, 0x49, 0x4C, 0x55, 0x6F, 0x3B, 0x3C, 0x71, 0x3E, 0x32, 0x33, 0x1E, 0x1A, 0x13,
0x14, 0x01, 0x01, 0x0B, 0x0B, 0x12, 0x26, 0x2E, 0x2F, 0x35, 0x35, 0x3A, 0x3A, 0x3D, 0x0F, 0x2A,
0x2A, 0x3C, 0x3D, 0x49, 0x4A, 0x4D, 0xF7, 0x4C, 0x4C, 0x34, 0x2D, 0x14, 0x14, 0x09, 0x07, 0x0B,
0x0C, 0x0B, 0x0B, 0x07, 0x07, 0x15, 0x15, 0x10, 0x11, 0x1A, 0x1B, 0x17, 0x0B, 0x04, 0x04, 0x02,
0x03, 0x06, 0x06, 0x0F, 0x0A, 0x0B, 0x0B, 0x05, 0x0B, 0x0C, 0x12, 0x01, 0x02, 0x0F, 0x0D, 0x08,
0x08, 0x20, 0x12, 0x27, 0x27, 0x25, 0x13, 0x1F, 0x1E, 0x25, 0x26, 0x29, 0x28, 0x26, 0x4E, 0x45,
0x45, 0x40, 0x40, 0x3E, 0x3E, 0x40, 0x54, 0x57, 0x58, 0x4D, 0x4D, 0x3B, 0x3C, 0x1A, 0x1E, 0x13,
0x13, 0x22, 0x15, 0x0F, 0x0F, 0x45, 0x33, 0x15, 0x16, 0x02, 0x02, 0x11, 0x12, 0x31, 0x24, 0x19,
0x19, 0x04, 0x05, 0x06, 0x08, 0x01, 0x02, 0x04, 0x06, 0x0B, 0x0B, 0x24, 0x19, 0x11, 0x12, 0x0A,
0x0A, 0x0F, 0x31, 0x5C, 0x5C, 0x76, 0x77, 0x88, 0x89, 0x8A, 0xED, 0x06, 0x07, 0x07, 0x0D, 0x10,
0x10, 0x07, 0x06, 0x06, 0x7E, 0x07, 0x01, 0x01, 0x07, 0x0C, 0x0C, 0x0D, 0x04, 0x04, 0x09, 0x06,
0x07, 0x07, 0x02, 0xA3, 0x7D, 0x88, 0x47, 0x48, 0x30, 0x18, 0x11, 0x12, 0x02, 0x01, 0x01, 0x02,
0x05, 0x60, 0x28, 0x4A, 0x4A, 0x41, 0x04, 0x9D, 0x3C, 0x5D, 0x5D, 0x51, 0x51, 0x2C, 0x2D, 0x27,
0x10, 0x23, 0x22, 0x2C, 0x2D, 0x33, 0x34, 0x33, 0x78, 0x21, 0x22, 0x39, 0xFB, 0xD2, 0x05, 0x05,
0x06, 0x0C, 0x0E, 0x09, 0x09, 0x05, 0x05, 0x11, 0x12, 0x05, 0x73, 0x0F, 0x06, 0x07, 0x13, 0x0D,
0x04, 0x05, 0x0C, 0x0C, 0x0F, 0xFB, 0x28, 0x09, 0x04, 0x05, 0x0E, 0x0E, 0x04, 0x04, 0x0C, 0x08,
0x04, 0x05, 0x07, 0x7B, 0x06, 0x06, 0x06, 0x0A, 0x05, 0x03, 0x04, 0x0B, 0x0B, 0x06, 0x01, 0x4A,
0x03, 0x0D, 0x0E, 0x04, 0x04, 0x08, 0x0A, 0x03, 0x03, 0x02, 0x67, 0x06, 0x0D, 0x0D, 0x0A, 0x04,
0x02, 0x03, 0x02, 0x03, 0x0E, 0x0F, 0x05, 0x02, 0x8D, 0x03, 0x02, 0x02, 0x01, 0x01, 0x04, 0x04,
0x13, 0x17, 0x05, 0x06, 0x01, 0x04, 0x05, 0x0A, 0x14, 0x02, 0x03, 0x1D, 0x17, 0x04, 0x04, 0x04,
0x02, 0x07, 0x08, 0x07, 0x0B, 0x03, 0x03, 0x03, 0x02, 0x07, 0x07, 0x07, 0x0E, 0x06, 0x06, 0x01,
0x01, 0x08, 0x08, 0x0F, 0x0F, 0x2A, 0x37, 0x0E, 0x0F, 0x01, 0x01, 0x04, 0x04, 0x06, 0x06, 0x03,
0x04, 0x02, 0x01, 0x11, 0x11, 0x17, 0x32, 0x26, 0x26, 0x1A, 0x1B, 0x0E, 0x0E, 0x04, 0x03, 0x06,
0x07, 0x08, 0x09, 0x09, 0x1E, 0x06, 0x07, 0x05, 0x04, 0x01, 0x07, 0x05, 0x02, 0x02, 0x03, 0x02,
0x01, 0x01, 0x04, 0x12, 0x09, 0x0A, 0x19, 0x1B, 0x12, 0x12, 0x09, 0x09, 0x1F, 0x1E, 0x0F, 0x10,
0x10, 0x0B, 0x07, 0x08, 0x04, 0x05, 0x17, 0x23, 0x1C, 0x1C, 0x21, 0x1E, 0x05, 0x06, 0x04, 0x05,
0x05, 0x03, 0x03, 0x03, 0x02, 0x03, 0x02, 0x02, 0x01, 0x02, 0x01, 0x02, 0x05, 0x06, 0x0A, 0x0A,
0x0F, 0x13, 0x1C, 0x1B, 0x1F, 0x1F, 0x1F, 0x1F, 0x19, 0x1C, 0x01, 0x01, 0x20, 0x14, 0x03, 0x03,
0x03, 0x01, 0x01, 0x02, 0x06, 0x07, 0x02, 0x03, 0x01, 0x02, 0x03, 0x02, 0x07, 0x07, 0x07, 0x09,
0x07, 0x07, 0x08, 0x08, 0x0F, 0x0F, 0x22, 0x19, 0x12, 0x13, 0x03, 0x02, 0x0C, 0x0C, 0x0F, 0x32,
0x30, 0x30, 0x28, 0x29, 0x1D, 0x1E, 0x0E, 0x30, 0x10, 0x0D, 0x0D, 0x02, 0x03, 0x16, 0x17, 0x03,
0x01, 0x03, 0x03, 0x08, 0x07, 0x10, 0x10, 0x04, 0x08, 0x09, 0x0A, 0x10, 0x0B, 0x05, 0x06, 0x02,
0x02, 0x02, 0x69, 0x07, 0x08, 0x0A, 0x0B, 0x14, 0x0A, 0x05, 0x06, 0x01, 0x02, 0x09, 0x09, 0x0B,
0x1B, 0x0A, 0x05, 0x02, 0x03, 0x01, 0x07, 0x04, 0x03, 0x03, 0x01, 0x02, 0x01, 0x03, 0x01, 0x02,
0x01, 0x01, 0x02, 0x02, 0x01, 0x01, 0x02, 0x01, 0x03, 0x44, 0x0D, 0x0D, 0x0E, 0x0D, 0x0E, 0x0C,
0x0E, 0x01, 0x0E, 0x03, 0x0A, 0x0F, 0x10, 0x04, 0x04, 0x0E, 0x12, 0x05, 0x06, 0x0A, 0x1F, 0x0C,
0x0F, 0x0F, 0x0F, 0x0F, 0x0C, 0x08, 0x08, 0x2E, 0x0E, 0x0E, 0x0E, 0x03, 0x02, 0x07, 0x07, 0x09,
0x13, 0x05, 0x06, 0x10, 0x4A, 0x18, 0x01, 0x02, 0x18, 0x0B, 0x06, 0x07, 0x02, 0x02, 0x04, 0x05,
0x10, 0x21, 0x0F, 0x0F, 0x10, 0x0A, 0x04, 0x08, 0x08, 0x07, 0x0F, 0x03, 0x04, 0x0D, 0x00, 0x00,
0x00, 0x08, 0x00, 0x00, 0xFF, 0xC0, 0x0A, 0x5E, 0x03, 0xC0, 0x00, 0x8E, 0x01, 0x1D, 0x01, 0x3C,
0x01, 0x5B, 0x01, 0x7F, 0x01, 0xA2, 0x01, 0xBC, 0x01, 0xD6, 0x00, 0x00, 0x01, 0x31, 0x36, 0x37,
0x36, 0x33, 0x31, 0x32, 0x17, 0x16, 0x17, 0x31, 0x17, 0x07, 0x06, 0x07, 0x06, 0x17, 0x31, 0x16,
0x17, 0x16, 0x17, 0x31, 0x16, 0x17, 0x16, 0x37, 0x31, 0x36, 0x37, 0x36, 0x37, 0x31, 0x36, 0x37,
0x36, 0x17, 0x31, 0x16, 0x17, 0x16, 0x17, 0x31, 0x16, 0x17, 0x31, 0x16, 0x17, 0x16, 0x17, 0x31,
0x16, 0x17, 0x31, 0x16, 0x17, 0x16, 0x17, 0x31, 0x16, 0x07, 0x06, 0x07, 0x31, 0x06, 0x07, 0x31,
0x06, 0x07, 0x06, 0x07, 0x31, 0x06, 0x07, 0x31, 0x06, 0x07, 0x06, 0x15, 0x31, 0x14, 0x07, 0x06,
0x07, 0x31, 0x06, 0x27, 0x26, 0x27, 0x31, 0x26, 0x27, 0x26, 0x27, 0x31, 0x26, 0x27, 0x26, 0x07,
0x31, 0x06, 0x07, 0x06, 0x07, 0x31, 0x06, 0x17, 0x16, 0x17, 0x31, 0x17, 0x07, 0x06, 0x07, 0x06,
0x27, 0x31, 0x26, 0x27, 0x31, 0x26, 0x27, 0x26, 0x27, 0x31, 0x26, 0x27, 0x31, 0x26, 0x27, 0x26,
0x27, 0x31, 0x26, 0x37, 0x36, 0x37, 0x31, 0x36, 0x37, 0x36, 0x37, 0x21, 0x31, 0x36, 0x37, 0x36,
0x33, 0x31, 0x32, 0x17, 0x16, 0x17, 0x31, 0x17, 0x07, 0x06, 0x07, 0x06, 0x17, 0x31, 0x16, 0x17,
0x16, 0x17, 0x31, 0x16, 0x17, 0x16, 0x37, 0x31, 0x36, 0x37, 0x36, 0x37, 0x31, 0x36, 0x37, 0x36,
0x17, 0x31, 0x16, 0x17, 0x16, 0x17, 0x31, 0x16, 0x17, 0x31, 0x16, 0x17, 0x16, 0x17, 0x31, 0x16,
0x17, 0x31, 0x16, 0x17, 0x16, 0x17, 0x31, 0x16, 0x07, 0x06, 0x07, 0x31, 0x06, 0x07, 0x31, 0x06,
0x07, 0x06, 0x07, 0x31, 0x06, 0x07, 0x31, 0x06, 0x07, 0x06, 0x15, 0x31, 0x14, 0x07, 0x06, 0x07,
0x31, 0x06, 0x27, 0x26, 0x27, 0x31, 0x26, 0x27, 0x26, 0x27, 0x31, 0x26, 0x27, 0x26, 0x07, 0x31,
0x06, 0x07, 0x06, 0x07, 0x31, 0x06, 0x17, 0x16, 0x17, 0x31, 0x17, 0x07, 0x06, 0x07, 0x06, 0x27,
0x31, 0x26, 0x27, 0x31, 0x26, 0x27, 0x26, 0x27, 0x31, 0x26, 0x27, 0x31, 0x26, 0x27, 0x26, 0x27,
0x31, 0x26, 0x37, 0x36, 0x37, 0x31, 0x36, 0x37, 0x36, 0x37, 0x05, 0x31, 0x06, 0x07, 0x06, 0x17,
0x31, 0x16, 0x17, 0x16, 0x17, 0x31, 0x16, 0x33, 0x16, 0x37, 0x31, 0x36, 0x37, 0x36, 0x27, 0x31,
0x26, 0x27, 0x26, 0x27, 0x31, 0x26, 0x07, 0x06, 0x07, 0x21, 0x31, 0x06, 0x07, 0x06, 0x17, 0x31,
0x16, 0x17, 0x16, 0x17, 0x31, 0x16, 0x33, 0x16, 0x37, 0x31, 0x36, 0x37, 0x36, 0x27, 0x31, 0x26,
0x27, 0x26, 0x27, 0x31, 0x26, 0x07, 0x06, 0x07, 0x05, 0x31, 0x06, 0x07, 0x06, 0x07, 0x31, 0x06,
0x17, 0x16, 0x33, 0x31, 0x32, 0x37, 0x36, 0x37, 0x31, 0x36, 0x37, 0x36, 0x35, 0x31, 0x34, 0x27,
0x26, 0x27, 0x31, 0x26, 0x27, 0x26, 0x23, 0x31, 0x22, 0x07, 0x06, 0x07, 0x21, 0x31, 0x06, 0x07,
0x06, 0x07, 0x31, 0x06, 0x17, 0x16, 0x33, 0x31, 0x32, 0x37, 0x36, 0x37, 0x31, 0x36, 0x37, 0x36,
0x35, 0x31, 0x34, 0x27, 0x26, 0x27, 0x31, 0x26, 0x27, 0x26, 0x23, 0x31, 0x22, 0x07, 0x06, 0x01,
0x31, 0x06, 0x07, 0x06, 0x15, 0x31, 0x14, 0x17, 0x16, 0x33, 0x31, 0x32, 0x37, 0x36, 0x37, 0x31,
0x36, 0x37, 0x36, 0x27, 0x31, 0x26, 0x27, 0x26, 0x07, 0x21, 0x31, 0x06, 0x07, 0x06, 0x15, 0x31,
0x14, 0x17, 0x16, 0x33, 0x31, 0x32, 0x37, 0x36, 0x37, 0x31, 0x36, 0x37, 0x36, 0x27, 0x31, 0x26,
0x27, 0x26, 0x07, 0x01, 0x04, 0x04, 0x07, 0x07, 0x05, 0x10, 0x17, 0x18, 0x0D, 0x11, 0x13, 0x0C,
0x02, 0x03, 0x03, 0x02, 0x05, 0x05, 0x08, 0x15, 0x11, 0x12, 0x12, 0x2B, 0x1D, 0x1E, 0x07, 0x07,
0x09, 0x0A, 0x0D, 0x08, 0x14, 0x14, 0x68, 0x3C, 0x3B, 0x3B, 0x37, 0x37, 0x31, 0x31, 0x27, 0x29,
0x35, 0x36, 0x09, 0x05, 0x20, 0x21, 0x27, 0x23, 0x32, 0x31, 0x3D, 0x3D, 0x47, 0x47, 0x4E, 0x68,
0x1A, 0x1A, 0x02, 0x03, 0x03, 0x0C, 0x07, 0x08, 0x03, 0x05, 0x09, 0x09, 0x11, 0x1E, 0x23, 0x23,
0x1D, 0x14, 0x07, 0x07, 0x04, 0x03, 0x02, 0x03, 0x0C, 0x13, 0x11, 0x0D, 0x1D, 0x1E, 0x0E, 0x04,
0x0F, 0x0F, 0x11, 0x11, 0x0E, 0x0E, 0x04, 0x03, 0x03, 0x04, 0x01, 0x05, 0x0B, 0x0B, 0x24, 0x0E,
0x0D, 0x0E, 0x04, 0x05, 0x37, 0x05, 0x06, 0x07, 0x05, 0x11, 0x17, 0x18, 0x0C, 0x11, 0x13, 0x0C,
0x02, 0x03, 0x03, 0x03, 0x04, 0x05, 0x09, 0x14, 0x11, 0x12, 0x12, 0x2B, 0x1E, 0x1E, 0x07, 0x07,
0x09, 0x09, 0x0D, 0x09, 0x13, 0x14, 0x68, 0x3C, 0x3B, 0x3B, 0x37, 0x37, 0x31, 0x31, 0x27, 0x29,
0x36, 0x36, 0x08, 0x06, 0x21, 0x21, 0x26, 0x24, 0x31, 0x32, 0x3D, 0x3D, 0x46, 0x47, 0x4F, 0x68,
0x1A, 0x1A, 0x02, 0x02, 0x04, 0x0C, 0x07, 0x07, 0x04, 0x05, 0x08, 0x09, 0x11, 0x1F, 0x22, 0x23,
0x1D, 0x15, 0x07, 0x07, 0x04, 0x03, 0x02, 0x03, 0x0C, 0x13, 0x11, 0x0D, 0x1D, 0x1E, 0x0D, 0x05,
0x0F, 0x0F, 0x10, 0x11, 0x0F, 0x0E, 0x04, 0x03, 0x03, 0x03, 0x02, 0x04, 0x0B, 0x0B, 0x23, 0x0F,
0x0D, 0x0D, 0x04, 0xFA, 0xD0, 0x0F, 0x0C, 0x0D, 0x03, 0x02, 0x0A, 0x0B, 0x0D, 0x17, 0x06, 0x06,
0x06, 0x08, 0x05, 0x06, 0x04, 0x02, 0x06, 0x07, 0x07, 0x0B, 0x06, 0x06, 0x0A, 0x05, 0x38, 0x10,
0x0C, 0x0D, 0x04, 0x01, 0x0A, 0x0B, 0x0D, 0x17, 0x06, 0x06, 0x07, 0x07, 0x06, 0x06, 0x05, 0x02,
0x06, 0x06, 0x07, 0x0C, 0x05, 0x06, 0x0A, 0xFA, 0x88, 0x08, 0x03, 0x03, 0x01, 0x03, 0x0B, 0x0B,
0x19, 0x02, 0x14, 0x15, 0x1B, 0x25, 0x0E, 0x0E, 0x0D, 0x0E, 0x23, 0x1B, 0x15, 0x16, 0x06, 0x06,
0x07, 0x08, 0x05, 0x05, 0x37, 0x07, 0x03, 0x03, 0x02, 0x03, 0x0B, 0x0B, 0x1A, 0x02, 0x14, 0x15,
0x1A, 0x26, 0x0D, 0x0E, 0x0D, 0x0D, 0x24, 0x1B, 0x15, 0x16, 0x06, 0x06, 0x07, 0x08, 0xFA, 0xFE,
0x0F, 0x09, 0x09, 0x16, 0x17, 0x0A, 0x05, 0x08, 0x08, 0x06, 0x0C, 0x01, 0x02, 0x03, 0x07, 0x09,
0x0A, 0x23, 0x05, 0x37, 0x0E, 0x09, 0x09, 0x16, 0x17, 0x09, 0x05, 0x08, 0x08, 0x07, 0x0B, 0x01,
0x02, 0x03, 0x07, 0x09, 0x09, 0x24, 0x02, 0xE6, 0x06, 0x05, 0x05, 0x13, 0x14, 0x18, 0x1F, 0x30,
0x1E, 0x10, 0x10, 0x1B, 0x17, 0x0C, 0x0D, 0x08, 0x13, 0x07, 0x07, 0x04, 0x08, 0x22, 0x23, 0x33,
0x30, 0x07, 0x08, 0x1F, 0x14, 0x04, 0x05, 0x06, 0x03, 0x07, 0x07, 0x09, 0x0A, 0x0C, 0x0C, 0x0E,
0x0E, 0x1F, 0x1F, 0x0E, 0x08, 0x1B, 0x1B, 0x13, 0x11, 0x0F, 0x0F, 0x0C, 0x0D, 0x0A, 0x09, 0x06,
0x08, 0x04, 0x05, 0x0A, 0x05, 0x06, 0x06, 0x03, 0x0C, 0x06, 0x06, 0x18, 0x27, 0x16, 0x17, 0x13,
0x23, 0x08, 0x09, 0x15, 0x0F, 0x0D, 0x0E, 0x23, 0x18, 0x0F, 0x10, 0x1E, 0x30, 0x1F, 0x18, 0x15,
0x16, 0x06, 0x01, 0x1B, 0x1A, 0x22, 0x23, 0x21, 0x21, 0x10, 0x0D, 0x24, 0x25, 0x26, 0x61, 0x3C,
0x3D, 0x48, 0x1F, 0x1A, 0x1A, 0x06, 0x06, 0x05, 0x05, 0x13, 0x14, 0x18, 0x1F, 0x30, 0x1E, 0x10,
0x10, 0x1B, 0x17, 0x0C, 0x0D, 0x08, 0x13, 0x07, 0x07, 0x04, 0x08, 0x22, 0x23, 0x33, 0x30, 0x07,
0x08, 0x1F, 0x14, 0x04, 0x05, 0x06, 0x03, 0x07, 0x07, 0x09, 0x0A, 0x0C, 0x0C, 0x0E, 0x0E, 0x1F,
0x1F, 0x0E, 0x08, 0x1B, 0x1B, 0x13, 0x11, 0x0F, 0x0F, 0x0C, 0x0D, 0x0A, 0x09, 0x06, 0x08, 0x04,
0x05, 0x0A, 0x05, 0x06, 0x06, 0x03, 0x0C, 0x06, 0x06, 0x18, 0x27, 0x16, 0x17, 0x13, 0x23, 0x08,
0x09, 0x15, 0x0F, 0x0D, 0x0E, 0x23, 0x18, 0x0F, 0x10, 0x1E, 0x30, 0x1F, 0x18, 0x15, 0x16, 0x06,
0x01, 0x1B, 0x1A, 0x22, 0x23, 0x21, 0x21, 0x10, 0x0D, 0x24, 0x25, 0x26, 0x61, 0x3C, 0x3D, 0x48,
0x1F, 0x1A, 0x1A, 0x06, 0x32, 0x10, 0x1C, 0x1C, 0x09, 0x04, 0x08, 0x08, 0x07, 0x0C, 0x01, 0x09,
0x0A, 0x28, 0x29, 0x0C, 0x04, 0x05, 0x06, 0x03, 0x05, 0x01, 0x02, 0x0B, 0x10, 0x1C, 0x1C, 0x09,
0x04, 0x08, 0x08, 0x07, 0x0C, 0x01, 0x09, 0x0A, 0x28, 0x29, 0x0C, 0x04, 0x05, 0x06, 0x03, 0x05,
0x01, 0x02, 0x0B, 0xAE, 0x0B, 0x15, 0x15, 0x2E, 0x54, 0x29, 0x29, 0x12, 0x13, 0x1A, 0x25, 0x11,
0x11, 0x0B, 0x0B, 0x10, 0x11, 0x22, 0x1A, 0x11, 0x11, 0x05, 0x06, 0x07, 0x0B, 0x15, 0x15, 0x2E,
0x54, 0x29, 0x29, 0x12, 0x13, 0x1A, 0x25, 0x11, 0x11, 0x0B, 0x0B, 0x10, 0x11, 0x22, 0x1A, 0x11,
0x11, 0x05, 0x06, 0xFE, 0xC0, 0x08, 0x08, 0x09, 0x05, 0x10, 0x24, 0x25, 0x03, 0x04, 0x05, 0x07,
0x08, 0x08, 0x1B, 0x3C, 0x08, 0x09, 0x14, 0x08, 0x08, 0x09, 0x05, 0x10, 0x24, 0x25, 0x03, 0x04,
0x05, 0x07, 0x08, 0x08, 0x1B, 0x3C, 0x08, 0x09, 0x14, 0x00, 0x00, 0x00, 0x00, 0x06, 0x00, 0x00,
0xFF, 0xC0, 0x13, 0x14, 0x03, 0xC0, 0x01, 0x77, 0x01, 0x87, 0x01, 0x9C, 0x01, 0xAC, 0x01, 0xD1,
0x01, 0xE0, 0x00, 0x00, 0x01, 0x31, 0x37, 0x25, 0x17, 0x0D, 0x01, 0x01, 0x21, 0x27, 0x26, 0x27,
0x26, 0x23, 0x31, 0x23, 0x15, 0x14, 0x07, 0x06, 0x27, 0x31, 0x26, 0x27, 0x26, 0x27, 0x31, 0x26,
0x27, 0x26, 0x07, 0x31, 0x06, 0x27, 0x26, 0x27, 0x31, 0x26, 0x23, 0x26, 0x07, 0x31, 0x06, 0x23,
0x26, 0x27, 0x31, 0x26, 0x23, 0x22, 0x07, 0x31, 0x06, 0x23, 0x06, 0x27, 0x31, 0x26, 0x23, 0x26,
0x07, 0x31, 0x06, 0x23, 0x06, 0x27, 0x31, 0x26, 0x23, 0x26, 0x07, 0x31, 0x06, 0x23, 0x06, 0x27,
0x31, 0x26, 0x23, 0x26, 0x07, 0x31, 0x06, 0x23, 0x06, 0x27, 0x31, 0x26, 0x23, 0x26, 0x07, 0x31,
0x06, 0x23, 0x22, 0x27, 0x31, 0x26, 0x23, 0x22, 0x07, 0x31, 0x06, 0x23, 0x22, 0x27, 0x31, 0x26,
0x23, 0x22, 0x07, 0x31, 0x06, 0x23, 0x22, 0x27, 0x31, 0x26, 0x23, 0x22, 0x07, 0x31, 0x06, 0x23,
0x22, 0x27, 0x31, 0x26, 0x23, 0x22, 0x07, 0x31, 0x06, 0x23, 0x22, 0x27, 0x31, 0x26, 0x23, 0x06,
0x07, 0x31, 0x06, 0x27, 0x26, 0x27, 0x31, 0x26, 0x27, 0x26, 0x27, 0x31, 0x27, 0x35, 0x37, 0x36,
0x37, 0x36, 0x37, 0x31, 0x36, 0x37, 0x36, 0x17, 0x31, 0x16, 0x33, 0x36, 0x37, 0x31, 0x36, 0x33,
0x32, 0x17, 0x31, 0x16, 0x33, 0x32, 0x37, 0x31, 0x36, 0x33, 0x32, 0x17, 0x31, 0x16, 0x33, 0x32,
0x37, 0x31, 0x36, 0x33, 0x32, 0x17, 0x31, 0x16, 0x33, 0x32, 0x37, 0x31, 0x36, 0x33, 0x16, 0x17,
0x31, 0x16, 0x33, 0x16, 0x37, 0x31, 0x36, 0x33, 0x36, 0x17, 0x31, 0x16, 0x33, 0x32, 0x37, 0x31,
0x36, 0x33, 0x16, 0x17, 0x31, 0x16, 0x33, 0x16, 0x37, 0x31, 0x36, 0x33, 0x36, 0x17, 0x31, 0x16,
0x33, 0x32, 0x37, 0x31, 0x36, 0x33, 0x16, 0x17, 0x31, 0x16, 0x33, 0x16, 0x37, 0x31, 0x36, 0x33,
0x36, 0x17, 0x31, 0x16, 0x33, 0x32, 0x37, 0x31, 0x36, 0x33, 0x16, 0x17, 0x31, 0x16, 0x33, 0x16,
0x37, 0x31, 0x36, 0x33, 0x36, 0x17, 0x31, 0x16, 0x33, 0x32, 0x37, 0x31, 0x36, 0x33, 0x16, 0x17,
0x31, 0x16, 0x33, 0x16, 0x37, 0x31, 0x36, 0x33, 0x36, 0x17, 0x31, 0x16, 0x33, 0x32, 0x37, 0x31,
0x36, 0x33, 0x16, 0x17, 0x31, 0x16, 0x33, 0x16, 0x37, 0x31, 0x36, 0x37, 0x36, 0x17, 0x31, 0x16,
0x33, 0x32, 0x37, 0x31, 0x36, 0x33, 0x16, 0x17, 0x31, 0x16, 0x33, 0x32, 0x37, 0x31, 0x36, 0x33,
0x36, 0x17, 0x31, 0x16, 0x33, 0x36, 0x37, 0x31, 0x36, 0x33, 0x16, 0x17, 0x31, 0x16, 0x33, 0x16,
0x37, 0x31, 0x36, 0x33, 0x36, 0x17, 0x31, 0x16, 0x33, 0x36, 0x37, 0x31, 0x36, 0x33, 0x16, 0x17,
0x31, 0x16, 0x33, 0x16, 0x37, 0x31, 0x36, 0x17, 0x16, 0x17, 0x31, 0x17, 0x37, 0x31, 0x06, 0x17,
0x16, 0x17, 0x31, 0x16, 0x37, 0x36, 0x27, 0x31, 0x26, 0x27, 0x26, 0x07, 0x33, 0x31, 0x06, 0x17,
0x16, 0x37, 0x31, 0x36, 0x37, 0x36, 0x35, 0x31, 0x34, 0x27, 0x26, 0x27, 0x31, 0x26, 0x07, 0x06,
0x07, 0x25, 0x31, 0x06, 0x17, 0x16, 0x33, 0x31, 0x32, 0x37, 0x36, 0x27, 0x31, 0x26, 0x27, 0x26,
0x07, 0x07, 0x31, 0x06, 0x15, 0x14, 0x17, 0x31, 0x16, 0x17, 0x31, 0x16, 0x17, 0x16, 0x33, 0x31,
0x32, 0x37, 0x31, 0x32, 0x37, 0x36, 0x35, 0x31, 0x34, 0x27, 0x26, 0x21, 0x31, 0x22, 0x07, 0x31,
0x22, 0x07, 0x06, 0x07, 0x31, 0x06, 0x05, 0x31, 0x14, 0x17, 0x16, 0x17, 0x31, 0x16, 0x37, 0x36,
0x27, 0x31, 0x26, 0x27, 0x26, 0x07, 0xD4, 0x49, 0x02, 0x8A, 0xA0, 0x03, 0x9F, 0x04, 0x2E, 0xFD,
0x3C, 0xF7, 0xEB, 0x0D, 0x0A, 0x09, 0x0A, 0x29, 0x39, 0x04, 0x04, 0x17, 0x13, 0x07, 0x07, 0x02,
0x02, 0x05, 0x06, 0x0D, 0x0A, 0x0B, 0x0B, 0x07, 0x07, 0x06, 0x07, 0x03, 0x06, 0x31, 0x32, 0x07,
0x04, 0x05, 0x06, 0x08, 0x10, 0x2E, 0x2E, 0x07, 0x04, 0x05, 0x06, 0x08, 0x10, 0x2E, 0x2E, 0x07,
0x04, 0x05, 0x06, 0x08, 0x10, 0x2E, 0x2E, 0x07, 0x04, 0x05, 0x06, 0x08, 0x10, 0x2E, 0x2E, 0x07,
0x04, 0x06, 0x06, 0x07, 0x10, 0x2E, 0x2E, 0x08, 0x05, 0x04, 0x04, 0x05, 0x08, 0x34, 0x34, 0x08,
0x05, 0x04, 0x04, 0x05, 0x08, 0x34, 0x34, 0x09, 0x04, 0x04, 0x04, 0x05, 0x08, 0x34, 0x34, 0x09,
0x04, 0x04, 0x04, 0x05, 0x08, 0x34, 0x34, 0x09, 0x04, 0x04, 0x05, 0x05, 0x0E, 0x14, 0x14, 0x03,
0x02, 0x0F, 0x10, 0x32, 0x50, 0x57, 0x29, 0x19, 0x1A, 0x05, 0x0A, 0x12, 0x12, 0x0D, 0x07, 0x08,
0x08, 0x0B, 0x0C, 0x07, 0x08, 0x07, 0x08, 0x07, 0x08, 0x0C, 0x0C, 0x07, 0x08, 0x07, 0x08, 0x07,
0x08, 0x0C, 0x0C, 0x07, 0x08, 0x08, 0x07, 0x07, 0x08, 0x0D, 0x0D, 0x06, 0x06, 0x06, 0x06, 0x06,
0x07, 0x0F, 0x0E, 0x08, 0x08, 0x08, 0x07, 0x07, 0x08, 0x0D, 0x0D, 0x06, 0x07, 0x05, 0x06, 0x06,
0x07, 0x0F, 0x0E, 0x08, 0x08, 0x08, 0x07, 0x07, 0x08, 0x0D, 0x0D, 0x06, 0x07, 0x05, 0x06, 0x06,
0x07, 0x0F, 0x0E, 0x08, 0x08, 0x08, 0x07, 0x07, 0x08, 0x0D, 0x0D, 0x06, 0x07, 0x05, 0x06, 0x06,
0x07, 0x0F, 0x0E, 0x08, 0x08, 0x08, 0x07, 0x08, 0x08, 0x0C, 0x0D, 0x06, 0x07, 0x05, 0x06, 0x06,
0x07, 0x0F, 0x0E, 0x08, 0x08, 0x08, 0x07, 0x08, 0x08, 0x0C, 0x0D, 0x06, 0x07, 0x06, 0x07, 0x05,
0x05, 0x0D, 0x0A, 0x08, 0x09, 0x0C, 0x0B, 0x08, 0x08, 0x06, 0x07, 0x07, 0x07, 0x0A, 0x0A, 0x07,
0x07, 0x0B, 0x0B, 0x08, 0x09, 0x0C, 0x0C, 0x05, 0x06, 0x03, 0x03, 0x06, 0x07, 0x0F, 0x0F, 0x08,
0x09, 0x0A, 0x0A, 0x08, 0x09, 0x0C, 0x0C, 0x05, 0x06, 0x03, 0x03, 0x06, 0x07, 0x0F, 0x0E, 0x09,
0x09, 0x07, 0x0F, 0x0F, 0x0F, 0x08, 0x0B, 0x9C, 0x03, 0x01, 0x01, 0x05, 0x0C, 0x13, 0x13, 0x05,
0x05, 0x12, 0x12, 0x08, 0x8A, 0x0D, 0x26, 0x27, 0x85, 0x73, 0x22, 0x22, 0x22, 0x23, 0x75, 0x60,
0x2F, 0x2F, 0x04, 0x01, 0xAA, 0x08, 0x09, 0x0A, 0x13, 0x0C, 0x05, 0x05, 0x02, 0x04, 0x12, 0x13,
0x09, 0xFF, 0x03, 0x02, 0x01, 0x8D, 0x8C, 0xC0, 0xC1, 0xC9, 0xC9, 0x7A, 0x06, 0x04, 0x04, 0x4D,
0x4E, 0xFE, 0x45, 0xC7, 0x76, 0x77, 0x3F, 0x40, 0x14, 0x15, 0xF7, 0xC1, 0x03, 0x03, 0x05, 0x05,
0x01, 0x01, 0x02, 0x06, 0x05, 0x05, 0x02, 0x89, 0x27, 0x01, 0x51, 0x01, 0x6E, 0xFE, 0xA3, 0x28,
0x1D, 0x06, 0x06, 0x3B, 0x2A, 0x07, 0x08, 0x03, 0x02, 0x07, 0x07, 0x12, 0x12, 0x05, 0x05, 0x04,
0x02, 0x02, 0x02, 0x06, 0x06, 0x01, 0x04, 0x0B, 0x01, 0x0B, 0x07, 0x06, 0x0C, 0x01, 0x0C, 0x06,
0x01, 0x06, 0x0C, 0x01, 0x0C, 0x06, 0x01, 0x06, 0x0C, 0x01, 0x0C, 0x06, 0x01, 0x06, 0x0C, 0x01,
0x0C, 0x06, 0x01, 0x06, 0x0D, 0x0D, 0x07, 0x07, 0x0D, 0x0D, 0x07, 0x07, 0x0D, 0x0D, 0x07, 0x07,
0x0D, 0x0D, 0x07, 0x07, 0x0D, 0x0D, 0x07, 0x01, 0x09, 0x15, 0x0A, 0x0B, 0x1D, 0x17, 0x10, 0x11,
0x21, 0x35, 0x91, 0x32, 0x17, 0x14, 0x15, 0x0D, 0x18, 0x09, 0x0A, 0x0D, 0x07, 0x01, 0x07, 0x07,
0x07, 0x08, 0x08, 0x07, 0x07, 0x08, 0x08, 0x07, 0x07, 0x08, 0x08, 0x08, 0x01, 0x09, 0x09, 0x01,
0x0A, 0x08, 0x01, 0x07, 0x08, 0x08, 0x08, 0x01, 0x09, 0x09, 0x01, 0x0A, 0x08, 0x01, 0x07, 0x08,
0x08, 0x08, 0x01, 0x09, 0x09, 0x01, 0x0A, 0x08, 0x01, 0x07, 0x08, 0x08, 0x08, 0x01, 0x09, 0x09,
0x01, 0x0A, 0x08, 0x01, 0x07, 0x08, 0x08, 0x08, 0x01, 0x09, 0x09, 0x01, 0x0A, 0x08, 0x01, 0x07,
0x08, 0x08, 0x08, 0x01, 0x0A, 0x0A, 0x01, 0x0A, 0x09, 0x01, 0x01, 0x08, 0x07, 0x07, 0x07, 0x01,
0x08, 0x09, 0x09, 0x09, 0x01, 0x08, 0x08, 0x01, 0x08, 0x08, 0x01, 0x08, 0x09, 0x01, 0x09, 0x08,
0x01, 0x08, 0x08, 0x01, 0x08, 0x08, 0x01, 0x09, 0x08, 0x01, 0x06, 0x10, 0x04, 0x05, 0x16, 0x1C,
0x15, 0x05, 0x07, 0x08, 0x05, 0x0C, 0x07, 0x08, 0x0E, 0x0E, 0x03, 0x03, 0x0C, 0x16, 0x06, 0x06,
0x02, 0x02, 0x04, 0x04, 0x0B, 0x0B, 0x03, 0x04, 0x02, 0x02, 0x02, 0x03, 0x06, 0x01, 0x0D, 0x0B,
0x0B, 0x05, 0x05, 0x0A, 0x11, 0x06, 0x06, 0x0E, 0x7A, 0x07, 0x07, 0x07, 0x02, 0x02, 0x01, 0x01,
0x01, 0x01, 0x01, 0x06, 0x07, 0x0A, 0x11, 0x03, 0x03, 0x01, 0x02, 0x02, 0x04, 0x03, 0x67, 0x04,
0x05, 0x06, 0x02, 0x03, 0x03, 0x03, 0x07, 0x0F, 0x02, 0x03, 0x00, 0x00, 0x00, 0x03, 0x00, 0x00,
0xFF, 0xC0, 0x0F, 0x4A, 0x03, 0xC0, 0x01, 0x3E, 0x01, 0x69, 0x01, 0x79, 0x00, 0x00, 0x01, 0x31,
0x36, 0x37, 0x36, 0x33, 0x31, 0x32, 0x17, 0x16, 0x17, 0x31, 0x17, 0x37, 0x36, 0x37, 0x31, 0x36,
0x37, 0x36, 0x37, 0x31, 0x36, 0x37, 0x31, 0x25, 0x17, 0x16, 0x17, 0x16, 0x37, 0x31, 0x36, 0x27,
0x26, 0x27, 0x31, 0x26, 0x27, 0x26, 0x35, 0x31, 0x34, 0x17, 0x31, 0x16, 0x17, 0x16, 0x17, 0x31,
0x16, 0x17, 0x31, 0x16, 0x07, 0x06, 0x07, 0x31, 0x06, 0x07, 0x06, 0x07, 0x31, 0x06, 0x07, 0x31,
0x06, 0x07, 0x06, 0x07, 0x31, 0x06, 0x23, 0x31, 0x22, 0x27, 0x26, 0x27, 0x31, 0x26, 0x27, 0x26,
0x23, 0x31, 0x22, 0x27, 0x26, 0x27, 0x31, 0x26, 0x23, 0x06, 0x15, 0x31, 0x14, 0x07, 0x06, 0x07,
0x31, 0x06, 0x07, 0x06, 0x07, 0x31, 0x06, 0x07, 0x06, 0x23, 0x31, 0x22, 0x07, 0x06, 0x07, 0x31,
0x06, 0x27, 0x26, 0x27, 0x31, 0x26, 0x07, 0x06, 0x07, 0x31, 0x06, 0x07, 0x06, 0x27, 0x31, 0x26,
0x27, 0x26, 0x07, 0x31, 0x06, 0x27, 0x26, 0x27, 0x31, 0x26, 0x27, 0x26, 0x07, 0x31, 0x06, 0x27,
0x26, 0x27, 0x31, 0x26, 0x27, 0x26, 0x07, 0x31, 0x06, 0x27, 0x26, 0x27, 0x31, 0x26, 0x27, 0x26,
0x07, 0x31, 0x06, 0x27, 0x26, 0x27, 0x31, 0x26, 0x07, 0x06, 0x07, 0x31, 0x07, 0x27, 0x26, 0x27,
0x31, 0x26, 0x27, 0x26, 0x07, 0x31, 0x06, 0x07, 0x31, 0x06, 0x07, 0x31, 0x06, 0x07, 0x06, 0x07,
0x31, 0x06, 0x07, 0x31, 0x06, 0x07, 0x06, 0x27, 0x31, 0x22, 0x27, 0x26, 0x27, 0x31, 0x26, 0x27,
0x26, 0x27, 0x31, 0x26, 0x27, 0x26, 0x27, 0x31, 0x26, 0x37, 0x36, 0x37, 0x31, 0x36, 0x37, 0x36,
0x37, 0x31, 0x36, 0x37, 0x31, 0x36, 0x37, 0x36, 0x37, 0x31, 0x36, 0x37, 0x31, 0x36, 0x37, 0x31,
0x36, 0x37, 0x36, 0x17, 0x31, 0x16, 0x17, 0x31, 0x16, 0x17, 0x16, 0x17, 0x31, 0x16, 0x17, 0x16,
0x17, 0x31, 0x16, 0x33, 0x32, 0x37, 0x31, 0x36, 0x33, 0x32, 0x17, 0x31, 0x16, 0x33, 0x16, 0x37,
0x31, 0x36, 0x33, 0x16, 0x17, 0x31, 0x16, 0x37, 0x36, 0x37, 0x31, 0x36, 0x37, 0x36, 0x17, 0x31,
0x16, 0x37, 0x36, 0x35, 0x31, 0x34, 0x37, 0x36, 0x17, 0x31, 0x16, 0x37, 0x36, 0x37, 0x31, 0x36,
0x37, 0x36, 0x17, 0x31, 0x16, 0x37, 0x36, 0x37, 0x31, 0x36, 0x37, 0x36, 0x37, 0x05, 0x31, 0x06,
0x07, 0x06, 0x15, 0x31, 0x14, 0x17, 0x16, 0x37, 0x31, 0x36, 0x37, 0x31, 0x36, 0x37, 0x36, 0x37,
0x31, 0x36, 0x37, 0x31, 0x36, 0x37, 0x36, 0x27, 0x31, 0x26, 0x27, 0x26, 0x27, 0x31, 0x26, 0x27,
0x31, 0x26, 0x07, 0x06, 0x07, 0x31, 0x06, 0x07, 0x05, 0x31, 0x06, 0x17, 0x16, 0x37, 0x31, 0x36,
0x27, 0x26, 0x23, 0x31, 0x22, 0x07, 0x06, 0x07, 0x07, 0x46, 0x05, 0x04, 0x05, 0x02, 0x01, 0x0B,
0x0B, 0x0E, 0x21, 0x72, 0x17, 0x2D, 0x2D, 0x39, 0x39, 0x41, 0x41, 0x3F, 0x01, 0x34, 0x6E, 0x5E,
0x39, 0x39, 0x1A, 0x17, 0x01, 0x02, 0x1A, 0x0B, 0x08, 0x09, 0x7D, 0x7C, 0x97, 0x97, 0x80, 0x80,
0x07, 0x01, 0x33, 0x33, 0x4A, 0x95, 0x29, 0x2A, 0x98, 0x4E, 0x37, 0x38, 0x37, 0x38, 0x44, 0x44,
0x66, 0x96, 0x35, 0x36, 0x09, 0x07, 0x13, 0x14, 0x17, 0x16, 0x12, 0x13, 0x04, 0x06, 0x48, 0x48,
0x08, 0x09, 0x0B, 0x0C, 0x09, 0x09, 0x02, 0x01, 0x05, 0x06, 0x06, 0x06, 0x09, 0x09, 0x07, 0x0B,
0x07, 0x07, 0x13, 0x23, 0x1B, 0x1C, 0x0D, 0x08, 0x10, 0x11, 0x13, 0x08, 0x09, 0x09, 0x06, 0x07,
0x07, 0x08, 0x05, 0x06, 0x07, 0x08, 0x07, 0x07, 0x07, 0x08, 0x06, 0x07, 0x08, 0x08, 0x0A, 0x0B,
0x06, 0x06, 0x03, 0x02, 0x08, 0x09, 0x0B, 0x0B, 0x1A, 0x1B, 0x1B, 0x4F, 0x48, 0x49, 0x5D, 0x64,
0x6A, 0x30, 0x34, 0x34, 0x34, 0x34, 0x33, 0x33, 0x2F, 0x11, 0x1F, 0x1E, 0x26, 0x26, 0x2B, 0x2A,
0x29, 0x51, 0x3D, 0x3D, 0x05, 0x11, 0x0E, 0x0E, 0x05, 0x03, 0x06, 0x07, 0x07, 0x07, 0x08, 0x09,
0x05, 0x0C, 0x0C, 0x0D, 0x30, 0x14, 0x12, 0x13, 0x06, 0x0F, 0x29, 0x2A, 0x3C, 0x3C, 0x4A, 0x4A,
0x4F, 0x36, 0x58, 0x59, 0x5B, 0x5C, 0x4E, 0x4E, 0x20, 0x1B, 0x23, 0x23, 0x17, 0x16, 0x14, 0x15,
0x05, 0x08, 0x06, 0x06, 0x08, 0x09, 0x07, 0x07, 0x0B, 0x0B, 0x06, 0x07, 0x06, 0x0A, 0x10, 0x10,
0x04, 0x02, 0x05, 0x06, 0x0A, 0x0A, 0x0A, 0x0B, 0x0D, 0x0F, 0x05, 0x05, 0x05, 0x05, 0x0E, 0x0E,
0x06, 0x07, 0x03, 0x03, 0x08, 0x08, 0x12, 0x05, 0x06, 0x06, 0x04, 0x03, 0x06, 0x07, 0x05, 0x01,
0x3F, 0x04, 0x03, 0x04, 0x22, 0x22, 0x8A, 0x6A, 0x63, 0x63, 0x4D, 0x4D, 0x30, 0x2F, 0x04, 0x04,
0x01, 0x02, 0x02, 0x03, 0x2C, 0x2C, 0x80, 0x7E, 0x62, 0x62, 0x44, 0x44, 0x25, 0x26, 0x05, 0xF8,
0x28, 0x07, 0x0B, 0x0C, 0x09, 0x08, 0x03, 0x04, 0x0B, 0x04, 0x04, 0x04, 0x03, 0x02, 0xB4, 0x02,
0x02, 0x02, 0x08, 0x09, 0x0C, 0x1D, 0x05, 0x02, 0x02, 0x01, 0x02, 0x03, 0x03, 0x02, 0x02, 0x0C,
0x35, 0x2D, 0x0F, 0x10, 0x0C, 0x0A, 0x17, 0x17, 0x19, 0x0B, 0x09, 0x0A, 0x02, 0x06, 0x05, 0x06,
0x0B, 0x0B, 0x0C, 0x0D, 0x07, 0x01, 0x35, 0x35, 0x4A, 0x94, 0x1A, 0x1A, 0x28, 0x14, 0x0B, 0x0C,
0x06, 0x07, 0x01, 0x02, 0x02, 0x03, 0x08, 0x06, 0x04, 0x04, 0x02, 0x02, 0x02, 0x04, 0x01, 0x04,
0x01, 0x01, 0x02, 0x01, 0x01, 0x04, 0x04, 0x04, 0x04, 0x03, 0x03, 0x04, 0x04, 0x06, 0x0A, 0x02,
0x02, 0x14, 0x22, 0x09, 0x0A, 0x35, 0x1D, 0x05, 0x06, 0x15, 0x08, 0x04, 0x04, 0x03, 0x02, 0x03,
0x03, 0x08, 0x07, 0x03, 0x03, 0x03, 0x02, 0x03, 0x04, 0x09, 0x0A, 0x03, 0x03, 0x03, 0x03, 0x02,
0x02, 0x08, 0x06, 0x04, 0x04, 0x01, 0x01, 0x06, 0x06, 0x08, 0x1A, 0x03, 0x03, 0x20, 0x22, 0x1C,
0x0D, 0x09, 0x08, 0x04, 0x04, 0x01, 0x02, 0x06, 0x02, 0x06, 0x07, 0x09, 0x09, 0x0B, 0x0B, 0x0C,
0x17, 0x10, 0x11, 0x01, 0x1D, 0x1E, 0x30, 0x1B, 0x1B, 0x1C, 0x0C, 0x0B, 0x17, 0x17, 0x15, 0x32,
0x16, 0x17, 0x10, 0x07, 0x08, 0x09, 0x05, 0x0D, 0x0E, 0x0F, 0x0F, 0x0F, 0x0E, 0x0E, 0x0B, 0x08,
0x05, 0x05, 0x02, 0x03, 0x02, 0x01, 0x05, 0x05, 0x05, 0x06, 0x03, 0x04, 0x05, 0x06, 0x05, 0x06,
0x07, 0x08, 0x07, 0x07, 0x01, 0x06, 0x0A, 0x01, 0x0B, 0x06, 0x01, 0x01, 0x09, 0x09, 0x02, 0x03,
0x03, 0x04, 0x02, 0x03, 0x09, 0x09, 0x02, 0x03, 0x02, 0x03, 0x03, 0x03, 0x0A, 0x0D, 0x03, 0x04,
0x02, 0x01, 0x06, 0x07, 0x09, 0x0A, 0x08, 0x08, 0x02, 0xB7, 0x05, 0x0B, 0x0B, 0x0A, 0x21, 0x07,
0x07, 0x06, 0x04, 0x05, 0x06, 0x05, 0x06, 0x06, 0x05, 0x04, 0x04, 0x06, 0x07, 0x06, 0x07, 0x04,
0x04, 0x04, 0x04, 0x01, 0x02, 0x01, 0x01, 0x02, 0x03, 0x05, 0x5D, 0x0C, 0x09, 0x09, 0x09, 0x09,
0x0B, 0x0B, 0x03, 0x03, 0x04, 0x00, 0x00, 0x00, 0x00, 0x02, 0x00, 0x00, 0xFF, 0xC0, 0x10, 0x44,
0x03, 0xC0, 0x01, 0x2F, 0x01, 0x44, 0x00, 0x00, 0x01, 0x31, 0x36, 0x37, 0x36, 0x33, 0x31, 0x32,
0x17, 0x16, 0x15, 0x31, 0x14, 0x17, 0x16, 0x17, 0x31, 0x17, 0x25, 0x36, 0x17, 0x31, 0x16, 0x17,
0x16, 0x17, 0x31, 0x16, 0x17, 0x31, 0x16, 0x17, 0x31, 0x16, 0x17, 0x16, 0x17, 0x31, 0x16, 0x15,
0x31, 0x14, 0x07, 0x06, 0x07, 0x31, 0x07, 0x05, 0x06, 0x27, 0x26, 0x27, 0x31, 0x26, 0x27, 0x26,
0x07, 0x31, 0x06, 0x07, 0x06, 0x07, 0x31, 0x06, 0x07, 0x06, 0x07, 0x31, 0x0F, 0x01, 0x06, 0x07,
0x06, 0x27, 0x31, 0x26, 0x27, 0x26, 0x27, 0x31, 0x26, 0x27, 0x31, 0x26, 0x23, 0x26, 0x07, 0x31,
0x06, 0x07, 0x31, 0x06, 0x23, 0x22, 0x27, 0x31, 0x26, 0x23, 0x22, 0x07, 0x31, 0x06, 0x07, 0x06,
0x27, 0x31, 0x26, 0x07, 0x06, 0x07, 0x31, 0x06, 0x07, 0x06, 0x27, 0x31, 0x26, 0x07, 0x06, 0x07,
0x31, 0x06, 0x07, 0x06, 0x27, 0x31, 0x26, 0x07, 0x06, 0x07, 0x31, 0x06, 0x07, 0x06, 0x27, 0x31,
0x26, 0x07, 0x06, 0x07, 0x31, 0x06, 0x07, 0x06, 0x27, 0x31, 0x26, 0x27, 0x31, 0x26, 0x27, 0x26,
0x27, 0x31, 0x26, 0x35, 0x31, 0x34, 0x27, 0x26, 0x23, 0x31, 0x22, 0x27, 0x26, 0x27, 0x31, 0x27,
0x37, 0x36, 0x37, 0x36, 0x37, 0x31, 0x36, 0x37, 0x36, 0x37, 0x31, 0x36, 0x37, 0x36, 0x37, 0x31,
0x32, 0x37, 0x36, 0x37, 0x31, 0x36, 0x17, 0x16, 0x17, 0x31, 0x16, 0x33, 0x32, 0x37, 0x31, 0x36,
0x37, 0x36, 0x17, 0x31, 0x16, 0x37, 0x36, 0x37, 0x31, 0x36, 0x37, 0x36, 0x17, 0x31, 0x16, 0x37,
0x36, 0x37, 0x31, 0x36, 0x37, 0x36, 0x17, 0x31, 0x16, 0x37, 0x36, 0x37, 0x31, 0x36, 0x33, 0x32,
0x17, 0x31, 0x16, 0x37, 0x36, 0x37, 0x31, 0x36, 0x37, 0x36, 0x21, 0x31, 0x32, 0x17, 0x31, 0x32,
0x17, 0x16, 0x17, 0x31, 0x16, 0x17, 0x31, 0x16, 0x33, 0x16, 0x37, 0x31, 0x36, 0x33, 0x32, 0x17,
0x31, 0x16, 0x33, 0x32, 0x37, 0x31, 0x36, 0x33, 0x32, 0x17, 0x31, 0x16, 0x37, 0x36, 0x37, 0x31,
0x36, 0x37, 0x36, 0x33, 0x31, 0x16, 0x37, 0x36, 0x35, 0x31, 0x34, 0x37, 0x36, 0x37, 0x31, 0x36,
0x37, 0x36, 0x35, 0x31, 0x34, 0x37, 0x36, 0x37, 0x01, 0x31, 0x06, 0x17, 0x16, 0x33, 0x31, 0x32,
0x37, 0x36, 0x35, 0x31, 0x34, 0x27, 0x26, 0x27, 0x31, 0x26, 0x07, 0x06, 0x07, 0x07, 0xF6, 0x08,
0x0B, 0x0C, 0x08, 0x0E, 0x16, 0x16, 0x03, 0x03, 0x03, 0x0A, 0x01, 0x6D, 0xAE, 0xCC, 0xCC, 0xB9,
0xBA, 0x8F, 0x90, 0x34, 0x39, 0x3E, 0x3F, 0x33, 0x34, 0x22, 0x22, 0x3B, 0x3C, 0x53, 0xCA, 0xFE,
0xA8, 0xC3, 0x4D, 0x4D, 0x08, 0x08, 0x4E, 0x4F, 0xC2, 0xDC, 0x41, 0x41, 0x0B, 0x08, 0x17, 0x18,
0x2B, 0x51, 0x0D, 0x13, 0x21, 0x21, 0x2D, 0x0D, 0x14, 0x15, 0x10, 0x12, 0x1D, 0x1E, 0x42, 0x43,
0x76, 0x76, 0xC3, 0xD4, 0x4D, 0x4D, 0x08, 0x08, 0x06, 0x06, 0x09, 0x06, 0x0C, 0x0D, 0x0E, 0x0D,
0x0C, 0x0C, 0x06, 0x05, 0x0B, 0x0C, 0x0A, 0x0B, 0x0F, 0x0F, 0x0A, 0x0B, 0x0C, 0x0C, 0x07, 0x07,
0x0A, 0x0B, 0x09, 0x08, 0x0A, 0x0B, 0x06, 0x07, 0x06, 0x06, 0x05, 0x0B, 0x1C, 0x1D, 0x1C, 0x0B,
0x23, 0x22, 0x25, 0x25, 0x1D, 0x1D, 0x04, 0x04, 0x05, 0x05, 0x11, 0x12, 0x13, 0x2D, 0x1D, 0x0B,
0x10, 0x11, 0x0C, 0x0B, 0x0B, 0x0C, 0x04, 0x06, 0x0E, 0x0E, 0x22, 0x17, 0x15, 0x16, 0x07, 0x06,
0x0A, 0x0B, 0x08, 0x0B, 0x06, 0x06, 0x03, 0x03, 0x0B, 0x0B, 0x0F, 0x0D, 0x0B, 0x0C, 0x02, 0x03,
0x0B, 0x0B, 0x0D, 0x0F, 0x0A, 0x0B, 0x03, 0x03, 0x0A, 0x0A, 0x0D, 0x0D, 0x0C, 0x0C, 0x06, 0x08,
0x07, 0x07, 0x0A, 0x0C, 0x08, 0x09, 0x10, 0x12, 0x46, 0x47, 0x01, 0x25, 0x84, 0x54, 0x54, 0x30,
0x31, 0x15, 0x14, 0x05, 0x0A, 0x07, 0x08, 0x0F, 0x0F, 0x07, 0x07, 0x0A, 0x09, 0x07, 0x08, 0x0E,
0x0F, 0x07, 0x08, 0x09, 0x09, 0x07, 0x07, 0x0F, 0x09, 0x0A, 0x0B, 0x06, 0x13, 0x09, 0x09, 0x08,
0x09, 0x0C, 0x0D, 0x08, 0x08, 0x05, 0x06, 0x08, 0xF9, 0x18, 0x0D, 0x0A, 0x0A, 0x18, 0x0E, 0x04,
0x05, 0x04, 0x05, 0x0C, 0x08, 0x09, 0x0A, 0x06, 0x02, 0xD2, 0x08, 0x05, 0x06, 0x13, 0x14, 0x0D,
0x04, 0x0D, 0x0D, 0x0E, 0x22, 0x03, 0x01, 0x02, 0x02, 0x04, 0x05, 0x06, 0x06, 0x07, 0x08, 0x09,
0x0A, 0x09, 0x0A, 0x07, 0x08, 0x02, 0x03, 0x32, 0x33, 0x44, 0xA6, 0x07, 0x04, 0x01, 0x01, 0x07,
0x06, 0x02, 0x02, 0x03, 0x02, 0x03, 0x04, 0x0A, 0x08, 0x04, 0x04, 0x02, 0x03, 0x2C, 0x44, 0x05,
0x05, 0x3B, 0x11, 0x12, 0x13, 0x08, 0x0A, 0x05, 0x05, 0x01, 0x03, 0x03, 0x07, 0x08, 0x06, 0x07,
0x07, 0x05, 0x02, 0x02, 0x03, 0x03, 0x01, 0x02, 0x05, 0x04, 0x02, 0x02, 0x02, 0x02, 0x02, 0x03,
0x05, 0x05, 0x02, 0x03, 0x02, 0x02, 0x04, 0x05, 0x08, 0x09, 0x04, 0x05, 0x03, 0x02, 0x05, 0x06,
0x0F, 0x1F, 0x0E, 0x0E, 0x0B, 0x05, 0x24, 0x24, 0x2B, 0x2C, 0x26, 0x26, 0x08, 0x05, 0x04, 0x04,
0x0E, 0x0E, 0x14, 0x31, 0x24, 0x0F, 0x12, 0x12, 0x0A, 0x0A, 0x0D, 0x0D, 0x07, 0x0B, 0x04, 0x04,
0x01, 0x02, 0x03, 0x03, 0x03, 0x01, 0x01, 0x05, 0x05, 0x06, 0x04, 0x01, 0x02, 0x02, 0x02, 0x01,
0x02, 0x04, 0x04, 0x01, 0x01, 0x02, 0x03, 0x01, 0x02, 0x05, 0x04, 0x01, 0x02, 0x02, 0x03, 0x01,
0x02, 0x05, 0x07, 0x07, 0x07, 0x01, 0x01, 0x0B, 0x0B, 0x03, 0x03, 0x01, 0x01, 0x02, 0x03, 0x03,
0x04, 0x08, 0x01, 0x08, 0x08, 0x08, 0x08, 0x08, 0x08, 0x08, 0x08, 0x02, 0x02, 0x0D, 0x09, 0x05,
0x06, 0x03, 0x03, 0x04, 0x0A, 0x06, 0x08, 0x09, 0x07, 0x06, 0x09, 0x0A, 0x09, 0x08, 0x0B, 0x0B,
0x08, 0xFE, 0xBC, 0x10, 0x10, 0x10, 0x05, 0x06, 0x12, 0x11, 0x06, 0x07, 0x02, 0x01, 0x03, 0x04,
0x07, 0x00, 0x00, 0x00, 0x00, 0x01, 0x00, 0x00, 0xFF, 0xC0, 0x0E, 0x40, 0x03, 0xC0, 0x00, 0xC9,
0x00, 0x00, 0x01, 0x31, 0x06, 0x07, 0x06, 0x27, 0x31, 0x26, 0x07, 0x06, 0x07, 0x31, 0x06, 0x07,
0x06, 0x27, 0x31, 0x26, 0x07, 0x06, 0x07, 0x31, 0x06, 0x07, 0x06, 0x27, 0x31, 0x26, 0x07, 0x06,
0x07, 0x31, 0x06, 0x07, 0x31, 0x06, 0x07, 0x06, 0x07, 0x31, 0x06, 0x07, 0x31, 0x06, 0x07, 0x31,
0x06, 0x07, 0x06, 0x07, 0x31, 0x06, 0x07, 0x31, 0x06, 0x07, 0x31, 0x06, 0x07, 0x06, 0x07, 0x31,
0x06, 0x07, 0x31, 0x06, 0x07, 0x06, 0x07, 0x31, 0x06, 0x17, 0x16, 0x17, 0x31, 0x16, 0x37, 0x36,
0x37, 0x31, 0x36, 0x37, 0x31, 0x36, 0x37, 0x36, 0x37, 0x31, 0x36, 0x37, 0x31, 0x36, 0x37, 0x31,
0x36, 0x37, 0x36, 0x17, 0x31, 0x16, 0x17, 0x31, 0x16, 0x17, 0x16, 0x17, 0x31, 0x16, 0x37, 0x36,
0x37, 0x31, 0x36, 0x37, 0x36, 0x33, 0x31, 0x32, 0x17, 0x16, 0x17, 0x31, 0x16, 0x17, 0x16, 0x33,
0x31, 0x32, 0x17, 0x31, 0x16, 0x17, 0x16, 0x17, 0x31, 0x16, 0x17, 0x31, 0x16, 0x17, 0x16, 0x17,
0x31, 0x16, 0x37, 0x31, 0x36, 0x37, 0x36, 0x37, 0x31, 0x36, 0x37, 0x31, 0x37, 0x27, 0x26, 0x27,
0x31, 0x26, 0x27, 0x26, 0x27, 0x31, 0x26, 0x27, 0x31, 0x26, 0x27, 0x26, 0x07, 0x31, 0x06, 0x07,
0x31, 0x06, 0x23, 0x22, 0x27, 0x31, 0x26, 0x27, 0x31, 0x26, 0x27, 0x26, 0x27, 0x31, 0x26, 0x37,
0x36, 0x37, 0x31, 0x36, 0x27, 0x26, 0x23, 0x31, 0x22, 0x07, 0x06, 0x07, 0x08, 0x5E, 0x0E, 0x0C,
0x0D, 0x03, 0x03, 0x09, 0x0A, 0x0B, 0x0A, 0x09, 0x0A, 0x02, 0x02, 0x08, 0x09, 0x09, 0x0A, 0x09,
0x09, 0x04, 0x03, 0x08, 0x09, 0x09, 0x07, 0x1C, 0x1C, 0x36, 0x36, 0x51, 0x52, 0x71, 0x3D, 0x66,
0x67, 0x6B, 0x6B, 0x5E, 0x5D, 0x2B, 0x5D, 0x52, 0x53, 0x46, 0x46, 0x3A, 0x3A, 0x2D, 0x1F, 0x11,
0x12, 0x09, 0x03, 0x03, 0x03, 0x0F, 0x15, 0x13, 0x14, 0x35, 0x53, 0x4D, 0x4D, 0x4D, 0x4E, 0x52,
0x52, 0x5B, 0x36, 0x69, 0x69, 0x75, 0x75, 0x70, 0x6F, 0x43, 0x35, 0x4E, 0x4E, 0x3C, 0x7B, 0x16,
0x16, 0x11, 0x04, 0x05, 0x06, 0x02, 0x03, 0x08, 0x09, 0x0A, 0x0F, 0x0E, 0x0E, 0x19, 0x16, 0x2D,
0x2D, 0x38, 0x39, 0x3F, 0x3F, 0x3A, 0xA1, 0x40, 0x40, 0x43, 0x44, 0x44, 0x44, 0x43, 0x44, 0x42,
0x43, 0x40, 0x39, 0x53, 0x12, 0x21, 0x22, 0x2A, 0x2B, 0x31, 0x30, 0x30, 0xAC, 0x23, 0x24, 0x23,
0x48, 0x6F, 0x70, 0x6F, 0x70, 0x5C, 0x5B, 0x1E, 0x07, 0x0A, 0x0A, 0x07, 0x11, 0x01, 0x02, 0x12,
0x11, 0x04, 0x04, 0x16, 0x08, 0x10, 0x11, 0x0F, 0x02, 0xD2, 0x09, 0x05, 0x06, 0x02, 0x02, 0x03,
0x03, 0x05, 0x06, 0x02, 0x03, 0x02, 0x03, 0x03, 0x03, 0x06, 0x06, 0x03, 0x03, 0x02, 0x02, 0x02,
0x02, 0x06, 0x04, 0x03, 0x04, 0x03, 0x03, 0x03, 0x02, 0x03, 0x01, 0x08, 0x08, 0x0A, 0x0B, 0x0B,
0x0C, 0x09, 0x13, 0x1B, 0x1C, 0x23, 0x23, 0x2A, 0x2B, 0x31, 0x23, 0x28, 0x28, 0x36, 0x18, 0x0A,
0x0B, 0x10, 0x15, 0x04, 0x04, 0x23, 0x38, 0x29, 0x28, 0x1C, 0x1D, 0x10, 0x11, 0x08, 0x05, 0x02,
0x03, 0x01, 0x01, 0x01, 0x02, 0x03, 0x03, 0x0A, 0x0A, 0x0B, 0x17, 0x06, 0x07, 0x40, 0x13, 0x0D,
0x0D, 0x06, 0x07, 0x09, 0x0E, 0x04, 0x05, 0x06, 0x07, 0x0A, 0x0B, 0x0E, 0x0E, 0x0F, 0x2A, 0x0D,
0x0D, 0x04, 0x05, 0x07, 0x08, 0x13, 0x13, 0x1F, 0x1E, 0x2A, 0x25, 0x23, 0x07, 0x0E, 0x0E, 0x11,
0x12, 0x14, 0x13, 0x14, 0x45, 0x0B, 0x0B, 0x06, 0x0D, 0x06, 0x06, 0x06, 0x06, 0x0C, 0x04, 0x03,
0x04, 0x02, 0x05, 0x1A, 0x1B, 0x0C, 0x0C, 0x0B, 0x0B, 0x06, 0x07, 0x08, 0x00, 0x02, 0x00, 0x00,
0xFF, 0xC0, 0x0D, 0xC9, 0x03, 0xC0, 0x00, 0xE7, 0x00, 0xF7, 0x00, 0x00, 0x01, 0x31, 0x36, 0x33,
0x16, 0x17, 0x31, 0x16, 0x17, 0x31, 0x16, 0x17, 0x16, 0x17, 0x31, 0x16, 0x17, 0x31, 0x16, 0x17,
0x31, 0x16, 0x17, 0x16, 0x17, 0x31, 0x16, 0x17, 0x31, 0x16, 0x17, 0x16, 0x17, 0x31, 0x16, 0x07,
0x31, 0x06, 0x07, 0x06, 0x07, 0x31, 0x06, 0x07, 0x31, 0x06, 0x07, 0x31, 0x06, 0x07, 0x06, 0x07,
0x31, 0x06, 0x07, 0x31, 0x06, 0x07, 0x31, 0x06, 0x23, 0x22, 0x27, 0x31, 0x26, 0x27, 0x31, 0x26,
0x27, 0x31, 0x26, 0x27, 0x26, 0x27, 0x31, 0x26, 0x07, 0x31, 0x06, 0x07, 0x06, 0x07, 0x31, 0x06,
0x07, 0x06, 0x07, 0x31, 0x06, 0x27, 0x26, 0x27, 0x31, 0x26, 0x27, 0x26, 0x27, 0x31, 0x26, 0x27,
0x31, 0x26, 0x27, 0x26, 0x27, 0x31, 0x26, 0x07, 0x31, 0x06, 0x07, 0x06, 0x07, 0x31, 0x06, 0x07,
0x06, 0x23, 0x31, 0x22, 0x27, 0x26, 0x27, 0x31, 0x26, 0x27, 0x26, 0x07, 0x31, 0x06, 0x07, 0x06,
0x07, 0x31, 0x07, 0x27, 0x26, 0x27, 0x31, 0x26, 0x07, 0x06, 0x07, 0x31, 0x06, 0x07, 0x31, 0x06,
0x07, 0x06, 0x23, 0x31, 0x22, 0x27, 0x26, 0x27, 0x31, 0x26, 0x27, 0x26, 0x27, 0x31, 0x26, 0x37,
0x36, 0x37, 0x31, 0x36, 0x37, 0x31, 0x36, 0x37, 0x36, 0x37, 0x31, 0x36, 0x37, 0x31, 0x36, 0x37,
0x36, 0x17, 0x31, 0x16, 0x37, 0x36, 0x37, 0x31, 0x36, 0x37, 0x36, 0x37, 0x31, 0x36, 0x17, 0x16,
0x17, 0x31, 0x16, 0x17, 0x16, 0x37, 0x31, 0x36, 0x37, 0x36, 0x17, 0x31, 0x16, 0x33, 0x36, 0x37,
0x31, 0x36, 0x37, 0x36, 0x17, 0x31, 0x16, 0x37, 0x36, 0x37, 0x31, 0x36, 0x37, 0x36, 0x17, 0x31,
0x16, 0x37, 0x36, 0x37, 0x01, 0x31, 0x06, 0x17, 0x16, 0x33, 0x31, 0x32, 0x37, 0x36, 0x37, 0x31,
0x36, 0x27, 0x26, 0x07, 0x07, 0xE2, 0x0C, 0x06, 0x07, 0x3A, 0x2A, 0x26, 0x26, 0x2D, 0x2E, 0x3B,
0x3A, 0x53, 0x81, 0x77, 0x77, 0x6F, 0x70, 0x68, 0x68, 0x63, 0x31, 0x24, 0x24, 0x01, 0x03, 0x16,
0x16, 0x21, 0x22, 0x26, 0x26, 0x1E, 0x28, 0x2F, 0x30, 0x30, 0x31, 0x2F, 0x2F, 0x27, 0x29, 0x2B,
0x2B, 0x38, 0x39, 0x4A, 0x4B, 0x67, 0x2D, 0x33, 0x32, 0x30, 0x30, 0x29, 0x2A, 0x1B, 0x72, 0x11,
0x12, 0x1D, 0x0A, 0x09, 0x0A, 0x04, 0x10, 0x1C, 0x1C, 0x09, 0x04, 0x15, 0x15, 0x3D, 0x16, 0x20,
0x21, 0x25, 0x25, 0x27, 0x27, 0x23, 0x1F, 0x11, 0x12, 0x1A, 0x11, 0x10, 0x11, 0x05, 0x05, 0x11,
0x11, 0x13, 0x2D, 0x30, 0x30, 0x39, 0x37, 0x1A, 0x1A, 0x23, 0x24, 0x38, 0x2E, 0x34, 0x34, 0x31,
0x32, 0x2A, 0x2A, 0x19, 0x07, 0x09, 0x09, 0x06, 0x0E, 0x0F, 0x10, 0x08, 0x04, 0x0C, 0x0C, 0x0C,
0x24, 0x06, 0x07, 0x3E, 0x24, 0x37, 0x37, 0x3F, 0x3F, 0x41, 0x42, 0x38, 0x6C, 0x3B, 0x3B, 0x7A,
0x83, 0x43, 0x43, 0xA0, 0x24, 0x2E, 0x2E, 0x1C, 0x2D, 0x0C, 0x0D, 0x03, 0x05, 0x0C, 0x0C, 0x0B,
0x06, 0x05, 0x05, 0x07, 0x07, 0x05, 0x06, 0x07, 0x05, 0x09, 0x09, 0x07, 0x07, 0x08, 0x08, 0x05,
0x05, 0x07, 0x08, 0x07, 0x08, 0x08, 0x09, 0x06, 0xF9, 0x6E, 0x07, 0x03, 0x03, 0x09, 0x03, 0x03,
0x03, 0x02, 0x03, 0x05, 0x05, 0x0C, 0x02, 0xA7, 0x0D, 0x01, 0x14, 0x0E, 0x0A, 0x09, 0x06, 0x07,
0x04, 0x05, 0x03, 0x05, 0x0A, 0x0A, 0x0F, 0x0F, 0x14, 0x14, 0x19, 0x0C, 0x0A, 0x0A, 0x02, 0x02,
0x10, 0x10, 0x14, 0x15, 0x15, 0x16, 0x0E, 0x13, 0x12, 0x13, 0x0F, 0x0F, 0x0C, 0x0C, 0x05, 0x07,
0x03, 0x03, 0x04, 0x03, 0x06, 0x03, 0x02, 0x02, 0x01, 0x02, 0x01, 0x01, 0x01, 0x02, 0x0A, 0x0B,
0x55, 0x1D, 0x18, 0x18, 0x05, 0x16, 0x15, 0x15, 0x29, 0x13, 0x1A, 0x1B, 0x3F, 0x17, 0x11, 0x11,
0x0A, 0x0B, 0x02, 0x02, 0x07, 0x06, 0x0A, 0x0A, 0x1B, 0x12, 0x0D, 0x0D, 0x09, 0x09, 0x0D, 0x1E,
0x09, 0x0A, 0x09, 0x08, 0x0A, 0x0A, 0x19, 0x1A, 0x11, 0x0F, 0x01, 0x01, 0x09, 0x0A, 0x14, 0x13,
0x1C, 0x08, 0x05, 0x06, 0x1A, 0x1A, 0x26, 0x10, 0x19, 0x1A, 0x13, 0x35, 0x19, 0x19, 0x2B, 0x19,
0x1A, 0x1A, 0x16, 0x16, 0x11, 0x11, 0x08, 0x0E, 0x01, 0x02, 0x08, 0x09, 0x03, 0x04, 0x17, 0x06,
0x04, 0x05, 0x02, 0x03, 0x02, 0x03, 0x0B, 0x0E, 0x01, 0x01, 0x0E, 0x07, 0x01, 0x01, 0x06, 0x06,
0x01, 0x05, 0x05, 0x01, 0x02, 0x02, 0x03, 0x02, 0x03, 0x06, 0x06, 0x02, 0x03, 0x03, 0x02, 0x02,
0x03, 0x06, 0xFE, 0xD6, 0x0A, 0x0F, 0x10, 0x07, 0x08, 0x0B, 0x16, 0x03, 0x04, 0x0E, 0x00, 0x00,
0x00, 0x02, 0x00, 0x00, 0xFF, 0xC0, 0x13, 0x6A, 0x03, 0xC0, 0x00, 0x9B, 0x00, 0xAB, 0x00, 0x00,
0x01, 0x31, 0x36, 0x17, 0x16, 0x17, 0x31, 0x16, 0x17, 0x16, 0x17, 0x31, 0x16, 0x17, 0x31, 0x16,
0x17, 0x16, 0x17, 0x31, 0x16, 0x17, 0x31, 0x16, 0x17, 0x31, 0x16, 0x17, 0x16, 0x17, 0x31, 0x16,
0x17, 0x31, 0x16, 0x17, 0x31, 0x16, 0x17, 0x16, 0x17, 0x31, 0x16, 0x17, 0x31, 0x16, 0x07, 0x06,
0x07, 0x31, 0x06, 0x07, 0x31, 0x06, 0x07, 0x06, 0x07, 0x31, 0x06, 0x05, 0x31, 0x06, 0x07, 0x31,
0x06, 0x07, 0x06, 0x07, 0x31, 0x06, 0x07, 0x31, 0x06, 0x07, 0x06, 0x07, 0x31, 0x06, 0x17, 0x16,
0x17, 0x31, 0x16, 0x07, 0x06, 0x23, 0x31, 0x22, 0x27, 0x26, 0x27, 0x31, 0x27, 0x05, 0x04, 0x07,
0x31, 0x06, 0x07, 0x06, 0x07, 0x31, 0x06, 0x07, 0x31, 0x06, 0x07, 0x06, 0x27, 0x31, 0x26, 0x27,
0x26, 0x35, 0x31, 0x34, 0x37, 0x36, 0x37, 0x31, 0x36, 0x17, 0x16, 0x17, 0x31, 0x16, 0x17, 0x31,
0x16, 0x17, 0x16, 0x17, 0x31, 0x16, 0x21, 0x31, 0x04, 0x33, 0x31, 0x36, 0x37, 0x36, 0x37, 0x31,
0x36, 0x37, 0x31, 0x36, 0x27, 0x26, 0x27, 0x31, 0x26, 0x27, 0x26, 0x37, 0x01, 0x31, 0x06, 0x17,
0x16, 0x17, 0x31, 0x16, 0x37, 0x36, 0x27, 0x31, 0x26, 0x27, 0x26, 0x07, 0x0A, 0x3E, 0x10, 0x3A,
0x3A, 0x19, 0x0F, 0x0E, 0x0F, 0x30, 0x0F, 0x26, 0x27, 0x35, 0x35, 0x40, 0x40, 0x42, 0x90, 0xB3,
0xB3, 0xAE, 0xAF, 0x96, 0x95, 0x54, 0x46, 0x4F, 0x4F, 0x45, 0x45, 0x31, 0x31, 0x09, 0x11, 0x21,
0x22, 0x85, 0x66, 0x5D, 0x5D, 0x7B, 0x7B, 0xAD, 0xAC, 0xFE, 0xFA, 0x91, 0x87, 0x86, 0x6A, 0x6B,
0x46, 0x46, 0x11, 0x39, 0x0C, 0x0C, 0x03, 0x02, 0x03, 0x04, 0x05, 0x10, 0x0B, 0x0B, 0x20, 0x24,
0x21, 0x21, 0x0E, 0x10, 0xFC, 0x2F, 0xFE, 0x8C, 0xD8, 0xD8, 0x78, 0x78, 0x37, 0x36, 0x30, 0x1E,
0x1A, 0x1A, 0x06, 0x0F, 0x11, 0x11, 0x11, 0x11, 0x12, 0x07, 0x12, 0x13, 0x13, 0x2C, 0x3D, 0x3D,
0x7F, 0x80, 0xDC, 0xDC, 0x01, 0x69, 0x01, 0x23, 0xC0, 0xC0, 0x71, 0x72, 0x2F, 0x2F, 0x02, 0x02,
0x03, 0x03, 0x06, 0x06, 0x02, 0x02, 0x04, 0x01, 0xD7, 0x0C, 0x04, 0x05, 0x0F, 0x14, 0x11, 0x11,
0x08, 0x06, 0x14, 0x15, 0x0B, 0x02, 0x8A, 0x1A, 0x20, 0x20, 0x32, 0x1D, 0x08, 0x08, 0x06, 0x02,
0x03, 0x02, 0x03, 0x03, 0x03, 0x03, 0x02, 0x05, 0x0A, 0x0A, 0x0B, 0x0C, 0x0C, 0x0C, 0x0A, 0x08,
0x0C, 0x0B, 0x0B, 0x0C, 0x0A, 0x0A, 0x05, 0x09, 0x08, 0x08, 0x12, 0x0D, 0x09, 0x09, 0x06, 0x07,
0x04, 0x05, 0x05, 0x02, 0x03, 0x03, 0x03, 0x03, 0x03, 0x02, 0x02, 0x06, 0x06, 0x06, 0x19, 0x0E,
0x0F, 0x10, 0x07, 0x12, 0x0C, 0x0D, 0x16, 0x17, 0x22, 0x25, 0x01, 0x01, 0x01, 0x01, 0x03, 0x04,
0x07, 0x07, 0x0C, 0x08, 0x03, 0x04, 0x02, 0x06, 0x4C, 0x4D, 0x41, 0x45, 0x4B, 0x4B, 0x06, 0x03,
0x02, 0x02, 0x06, 0x0D, 0x08, 0x08, 0x04, 0x05, 0x01, 0x02, 0x01, 0x01, 0x01, 0x02, 0x03, 0x02,
0x05, 0x06, 0x0F, 0x0F, 0x0F, 0x0E, 0x0F, 0x0F, 0x06, 0xFE, 0xAA, 0x0C, 0x14, 0x15, 0x06, 0x08,
0x11, 0x11, 0x14, 0x10, 0x04, 0x05, 0x0C, 0x00, 0x00, 0x05, 0x00, 0x00, 0xFF, 0xC0, 0x08, 0xD5,
0x03, 0xC0, 0x00, 0xC0, 0x00, 0xD0, 0x00, 0xE0, 0x00, 0xF5, 0x01, 0x0F, 0x00, 0x00, 0x01, 0x31,
0x36, 0x37, 0x36, 0x33, 0x31, 0x32, 0x17, 0x16, 0x17, 0x31, 0x16, 0x37, 0x36, 0x27, 0x31, 0x27,
0x17, 0x16, 0x17, 0x16, 0x17, 0x31, 0x16, 0x33, 0x36, 0x35, 0x31, 0x34, 0x17, 0x16, 0x17, 0x31,
0x16, 0x17, 0x16, 0x35, 0x31, 0x34, 0x17, 0x16, 0x17, 0x31, 0x16, 0x17, 0x16, 0x33, 0x31, 0x32,
0x37, 0x36, 0x27, 0x31, 0x26, 0x37, 0x36, 0x37, 0x31, 0x36, 0x17, 0x16, 0x17, 0x31, 0x16, 0x17,
0x16, 0x35, 0x31, 0x34, 0x37, 0x36, 0x33, 0x31, 0x32, 0x17, 0x31, 0x16, 0x17, 0x16, 0x17, 0x31,
0x16, 0x17, 0x31, 0x16, 0x17, 0x16, 0x17, 0x31, 0x16, 0x17, 0x16, 0x17, 0x31, 0x16, 0x17, 0x16,
0x23, 0x31, 0x22, 0x27, 0x26, 0x27, 0x31, 0x26, 0x27, 0x31, 0x26, 0x27, 0x26, 0x27, 0x31, 0x26,
0x27, 0x31, 0x26, 0x27, 0x26, 0x07, 0x31, 0x06, 0x07, 0x06, 0x07, 0x31, 0x06, 0x07, 0x06, 0x07,
0x31, 0x06, 0x07, 0x06, 0x07, 0x31, 0x07, 0x27, 0x26, 0x27, 0x26, 0x27, 0x31, 0x22, 0x07, 0x06,
0x07, 0x31, 0x06, 0x07, 0x06, 0x07, 0x31, 0x06, 0x07, 0x06, 0x07, 0x31, 0x06, 0x07, 0x06, 0x23,
0x31, 0x22, 0x27, 0x26, 0x27, 0x31, 0x26, 0x27, 0x26, 0x37, 0x31, 0x36, 0x37, 0x31, 0x36, 0x37,
0x36, 0x37, 0x31, 0x36, 0x37, 0x31, 0x36, 0x37, 0x36, 0x37, 0x31, 0x36, 0x37, 0x36, 0x37, 0x17,
0x31, 0x06, 0x17, 0x16, 0x33, 0x31, 0x32, 0x37, 0x36, 0x27, 0x31, 0x26, 0x23, 0x22, 0x07, 0x17,
0x31, 0x06, 0x17, 0x16, 0x37, 0x31, 0x36, 0x35, 0x36, 0x27, 0x31, 0x26, 0x23, 0x06, 0x07, 0x17,
0x31, 0x06, 0x17, 0x16, 0x33, 0x31, 0x32, 0x37, 0x36, 0x37, 0x31, 0x36, 0x27, 0x26, 0x23, 0x31,
0x22, 0x07, 0x06, 0x07, 0x05, 0x31, 0x06, 0x07, 0x06, 0x07, 0x31, 0x06, 0x17, 0x16, 0x17, 0x31,
0x16, 0x37, 0x36, 0x37, 0x31, 0x36, 0x27, 0x26, 0x23, 0x31, 0x22, 0x07, 0x06, 0x07, 0x05, 0x0C,
0x1D, 0x16, 0x16, 0x03, 0x02, 0x0B, 0x0B, 0x0E, 0x1B, 0x0B, 0x0B, 0x12, 0x0F, 0x20, 0x24, 0x09,
0x09, 0x0A, 0x09, 0x08, 0x08, 0x04, 0x05, 0x12, 0x11, 0x07, 0x08, 0x06, 0x06, 0x0D, 0x07, 0x06,
0x06, 0x03, 0x02, 0x01, 0x01, 0x01, 0x02, 0x01, 0x01, 0x02, 0x03, 0x05, 0x05, 0x0A, 0x0F, 0x07,
0x08, 0x01, 0x01, 0x01, 0x07, 0x20, 0x1F, 0x28, 0x28, 0x27, 0x27, 0x15, 0x2A, 0x37, 0x37, 0x19,
0x1D, 0x1E, 0x1E, 0x0F, 0x0D, 0x06, 0x06, 0x04, 0x02, 0x14, 0x15, 0x1B, 0x4B, 0x4A, 0x49, 0x48,
0x48, 0x46, 0x47, 0x45, 0x49, 0x38, 0x38, 0x16, 0x0B, 0x0B, 0x0C, 0x06, 0x06, 0x0B, 0x0C, 0x0A,
0x1A, 0x22, 0x22, 0x1A, 0x1D, 0x18, 0x15, 0x15, 0x16, 0x36, 0x2B, 0x30, 0x30, 0x3C, 0x29, 0x11,
0x11, 0x3E, 0x65, 0x2B, 0x2C, 0x12, 0x1C, 0x29, 0x2A, 0x46, 0x24, 0x14, 0x14, 0x15, 0x22, 0x0C,
0x0C, 0x0B, 0x08, 0x1F, 0x1F, 0x33, 0x34, 0x49, 0x48, 0x5C, 0x75, 0x37, 0x37, 0x86, 0x97, 0x3F,
0x3F, 0x49, 0xC8, 0x13, 0x06, 0x07, 0x15, 0x19, 0x08, 0x09, 0x12, 0x0C, 0x07, 0x07, 0x0D, 0x58,
0x0E, 0x0E, 0x0E, 0x14, 0x0D, 0x01, 0x0C, 0x0C, 0x08, 0x08, 0x08, 0x4C, 0x04, 0x07, 0x07, 0x0B,
0x05, 0x05, 0x06, 0x03, 0x07, 0x06, 0x06, 0x0E, 0x07, 0x06, 0x06, 0x02, 0xFA, 0x97, 0x18, 0x0D,
0x0E, 0x02, 0x03, 0x08, 0x08, 0x16, 0x1F, 0x27, 0x27, 0x1F, 0x39, 0x1A, 0x1B, 0x4C, 0x0C, 0x0F,
0x0F, 0x08, 0x02, 0xD1, 0x0F, 0x0B, 0x0B, 0x08, 0x08, 0x0B, 0x17, 0x01, 0x02, 0x18, 0x12, 0x04,
0x05, 0x04, 0x05, 0x11, 0x10, 0x01, 0x10, 0x0D, 0x01, 0x02, 0x14, 0x14, 0x02, 0x02, 0x0E, 0x0E,
0x02, 0x02, 0x14, 0x09, 0x07, 0x07, 0x01, 0x02, 0x02, 0x03, 0x04, 0x04, 0x03, 0x05, 0x03, 0x04,
0x0D, 0x14, 0x02, 0x03, 0x0F, 0x05, 0x04, 0x04, 0x11, 0x10, 0x17, 0x17, 0x18, 0x19, 0x10, 0x20,
0x35, 0x36, 0x21, 0x27, 0x3F, 0x3F, 0x36, 0x2E, 0x1F, 0x1F, 0x11, 0x11, 0x17, 0x41, 0x35, 0x35,
0x29, 0x29, 0x1E, 0x1D, 0x12, 0x13, 0x08, 0x08, 0x04, 0x03, 0x02, 0x03, 0x01, 0x01, 0x06, 0x07,
0x09, 0x15, 0x0F, 0x0F, 0x02, 0x02, 0x27, 0x23, 0x0A, 0x0A, 0x01, 0x0E, 0x0F, 0x20, 0x16, 0x04,
0x04, 0x03, 0x04, 0x15, 0x16, 0x38, 0x55, 0x24, 0x24, 0x07, 0x07, 0x15, 0x20, 0x2B, 0x2B, 0x33,
0x28, 0x26, 0x26, 0x24, 0x24, 0x22, 0x21, 0x1E, 0x26, 0x09, 0x0A, 0x05, 0x07, 0x0C, 0x0C, 0x25,
0x48, 0x0C, 0x19, 0x19, 0x16, 0x17, 0x11, 0x0A, 0x0A, 0x24, 0x13, 0x0E, 0x0F, 0x0D, 0x09, 0x09,
0x09, 0x0B, 0x0B, 0x01, 0x0D, 0x24, 0x0B, 0x0A, 0x0B, 0x03, 0x03, 0x04, 0x0C, 0x0A, 0x0A, 0x03,
0x03, 0x04, 0xD9, 0x0C, 0x15, 0x16, 0x1E, 0x20, 0x15, 0x16, 0x13, 0x1B, 0x01, 0x01, 0x1C, 0x33,
0x44, 0x44, 0x03, 0x04, 0x04, 0x00, 0x00, 0x00, 0x00, 0x07, 0x00, 0x00, 0xFF, 0xC0, 0x0D, 0x6D,
0x03, 0xC0, 0x00, 0xA2, 0x00, 0xBD, 0x00, 0xCD, 0x00, 0xE2, 0x00, 0xF7, 0x01, 0x07, 0x01, 0x1B,
0x00, 0x00, 0x01, 0x31, 0x37, 0x17, 0x16, 0x17, 0x16, 0x37, 0x31, 0x36, 0x17, 0x16, 0x17, 0x31,
0x16, 0x17, 0x16, 0x33, 0x31, 0x32, 0x17, 0x31, 0x16, 0x17, 0x16, 0x17, 0x31, 0x16, 0x17, 0x31,
0x16, 0x17, 0x31, 0x16, 0x17, 0x16, 0x17, 0x31, 0x16, 0x17, 0x31, 0x16, 0x07, 0x31, 0x06, 0x07,
0x06, 0x07, 0x31, 0x06, 0x07, 0x31, 0x06, 0x07, 0x31, 0x06, 0x07, 0x06, 0x07, 0x31, 0x06, 0x07,
0x31, 0x06, 0x07, 0x06, 0x07, 0x31, 0x06, 0x07, 0x06, 0x23, 0x31, 0x22, 0x07, 0x06, 0x07, 0x31,
0x06, 0x07, 0x06, 0x07, 0x31, 0x06, 0x27, 0x26, 0x27, 0x31, 0x26, 0x27, 0x26, 0x27, 0x31, 0x26,
0x23, 0x31, 0x06, 0x07, 0x06, 0x07, 0x31, 0x06, 0x07, 0x31, 0x06, 0x07, 0x31, 0x06, 0x23, 0x06,
0x27, 0x31, 0x26, 0x27, 0x31, 0x26, 0x27, 0x31, 0x26, 0x27, 0x26, 0x27, 0x31, 0x26, 0x35, 0x31,
0x34, 0x37, 0x31, 0x36, 0x37, 0x36, 0x37, 0x31, 0x36, 0x37, 0x31, 0x36, 0x37, 0x31, 0x36, 0x37,
0x36, 0x17, 0x31, 0x16, 0x17, 0x31, 0x16, 0x17, 0x31, 0x16, 0x17, 0x16, 0x17, 0x31, 0x16, 0x37,
0x31, 0x36, 0x37, 0x36, 0x37, 0x07, 0x31, 0x06, 0x07, 0x31, 0x06, 0x07, 0x06, 0x17, 0x31, 0x16,
0x17, 0x31, 0x16, 0x37, 0x36, 0x37, 0x31, 0x36, 0x37, 0x31, 0x36, 0x27, 0x26, 0x27, 0x31, 0x26,
0x05, 0x31, 0x06, 0x17, 0x16, 0x17, 0x31, 0x16, 0x37, 0x36, 0x27, 0x31, 0x26, 0x07, 0x06, 0x07,
0x25, 0x31, 0x06, 0x07, 0x06, 0x17, 0x31, 0x16, 0x37, 0x36, 0x37, 0x31, 0x36, 0x27, 0x26, 0x27,
0x31, 0x26, 0x27, 0x26, 0x07, 0x17, 0x31, 0x06, 0x17, 0x16, 0x33, 0x31, 0x32, 0x37, 0x36, 0x37,
0x31, 0x36, 0x27, 0x26, 0x23, 0x31, 0x22, 0x07, 0x06, 0x07, 0x37, 0x31, 0x06, 0x17, 0x16, 0x37,
0x31, 0x36, 0x37, 0x36, 0x27, 0x31, 0x26, 0x23, 0x06, 0x07, 0x17, 0x31, 0x16, 0x17, 0x16, 0x33,
0x31, 0x32, 0x37, 0x36, 0x37, 0x31, 0x36, 0x27, 0x26, 0x23, 0x31, 0x22, 0x07, 0x06, 0x06, 0x13,
0x34, 0x19, 0x1B, 0x23, 0x23, 0x0F, 0x08, 0x09, 0x0A, 0x06, 0x0A, 0x21, 0x22, 0x57, 0xB7, 0xA9,
0xA8, 0x94, 0x95, 0x7E, 0x7F, 0x64, 0x28, 0x37, 0x36, 0x32, 0x32, 0x24, 0x25, 0x04, 0x05, 0x1E,
0x1E, 0x33, 0x33, 0x42, 0x42, 0x44, 0x5F, 0x61, 0x60, 0x74, 0x74, 0x90, 0x8F, 0xBE, 0xA6, 0x45,
0x46, 0x06, 0x04, 0x0C, 0x0D, 0x0E, 0x11, 0x0F, 0x0F, 0x0E, 0x0B, 0x0D, 0x0E, 0x07, 0x0E, 0x08,
0x09, 0x22, 0x42, 0x40, 0x41, 0x68, 0x25, 0x26, 0x27, 0x2B, 0x2B, 0x31, 0x31, 0x3A, 0x2A, 0x3B,
0x3B, 0x3B, 0x3C, 0x33, 0x33, 0x1A, 0x47, 0x3F, 0x3E, 0x2E, 0x2F, 0x1B, 0x1B, 0x1C, 0x1C, 0x2F,
0x2F, 0x3D, 0x3E, 0x44, 0x22, 0x33, 0x34, 0x35, 0x36, 0x30, 0x31, 0x1C, 0x34, 0x34, 0x33, 0x31,
0x32, 0x2E, 0x2D, 0x29, 0x73, 0x3B, 0x3C, 0x48, 0x32, 0x2B, 0x1B, 0x1B, 0x08, 0x08, 0x0B, 0x0C,
0x21, 0x32, 0x47, 0x47, 0x2D, 0x2F, 0x01, 0x02, 0x1D, 0x1E, 0x36, 0x36, 0xFA, 0xDD, 0x0E, 0x07,
0x07, 0x17, 0x20, 0x11, 0x11, 0x1A, 0x10, 0x11, 0x12, 0x0C, 0x06, 0x48, 0x0D, 0x01, 0x01, 0x0C,
0x0E, 0x13, 0x14, 0x05, 0x03, 0x02, 0x03, 0x0B, 0x0F, 0x06, 0x07, 0x0E, 0x7D, 0x05, 0x08, 0x09,
0x0E, 0x06, 0x06, 0x07, 0x03, 0x0A, 0x07, 0x08, 0x11, 0x09, 0x07, 0x08, 0x02, 0x87, 0x0B, 0x06,
0x06, 0x11, 0x0F, 0x05, 0x05, 0x0C, 0x0C, 0x05, 0x06, 0x08, 0x72, 0x01, 0x04, 0x05, 0x05, 0x05,
0x04, 0x04, 0x01, 0x02, 0x03, 0x03, 0x0A, 0x0A, 0x03, 0x04, 0x02, 0x95, 0x2A, 0x15, 0x16, 0x0F,
0x10, 0x04, 0x02, 0x02, 0x03, 0x05, 0x06, 0x02, 0x03, 0x07, 0x08, 0x0D, 0x0E, 0x15, 0x14, 0x1A,
0x0B, 0x11, 0x11, 0x10, 0x11, 0x0D, 0x0D, 0x04, 0x05, 0x0D, 0x0D, 0x11, 0x12, 0x13, 0x14, 0x11,
0x18, 0x10, 0x11, 0x0B, 0x0B, 0x07, 0x06, 0x04, 0x03, 0x03, 0x03, 0x06, 0x04, 0x03, 0x03, 0x05,
0x05, 0x0A, 0x08, 0x09, 0x0A, 0x06, 0x0A, 0x03, 0x04, 0x1C, 0x37, 0x16, 0x17, 0x05, 0x02, 0x01,
0x03, 0x03, 0x06, 0x05, 0x09, 0x06, 0x04, 0x03, 0x01, 0x02, 0x02, 0x06, 0x0E, 0x17, 0x17, 0x1B,
0x1B, 0x1C, 0x1D, 0x1A, 0x1A, 0x1C, 0x1C, 0x19, 0x1A, 0x15, 0x16, 0x0C, 0x05, 0x04, 0x03, 0x01,
0x01, 0x02, 0x02, 0x05, 0x0A, 0x06, 0x07, 0x04, 0x04, 0x02, 0x01, 0x02, 0x04, 0x14, 0x14, 0x39,
0x6B, 0x10, 0x22, 0x21, 0x29, 0x29, 0x2A, 0x2A, 0x1F, 0x2F, 0x01, 0x01, 0x2F, 0x31, 0x3A, 0x3A,
0x2D, 0x2E, 0x16, 0x16, 0x98, 0x15, 0x15, 0x16, 0x08, 0x0B, 0x21, 0x21, 0x18, 0x0F, 0x02, 0x02,
0x12, 0x04, 0x08, 0x17, 0x17, 0x0A, 0x0C, 0x07, 0x08, 0x12, 0x0D, 0x07, 0x08, 0x09, 0x0C, 0x01,
0x01, 0x08, 0x15, 0x0D, 0x0D, 0x0D, 0x04, 0x04, 0x05, 0x0F, 0x0C, 0x0C, 0x03, 0x04, 0x06, 0x01,
0x0D, 0x0C, 0x0C, 0x02, 0x03, 0x0E, 0x0F, 0x08, 0x07, 0x01, 0x0B, 0x0E, 0x07, 0x05, 0x06, 0x05,
0x06, 0x07, 0x0B, 0x03, 0x04, 0x03, 0x04, 0x00, 0x00, 0x13, 0x00, 0x00, 0xFF, 0xC0, 0x0B, 0x51,
0x03, 0xC0, 0x02, 0x08, 0x02, 0x18, 0x02, 0x38, 0x02, 0x48, 0x02, 0x67, 0x02, 0x7C, 0x02, 0x90,
0x02, 0xA4, 0x02, 0xB8, 0x02, 0xCC, 0x02, 0xE0, 0x02, 0xF4, 0x03, 0x08, 0x03, 0x1C, 0x03, 0x30,
0x03, 0x4F, 0x03, 0xA4, 0x03, 0xD3, 0x03, 0xE2, 0x00, 0x00, 0x01, 0x31, 0x36, 0x17, 0x16, 0x17,
0x31, 0x16, 0x17, 0x16, 0x15, 0x31, 0x15, 0x33, 0x36, 0x17, 0x16, 0x17, 0x31, 0x16, 0x33, 0x32,
0x37, 0x31, 0x36, 0x37, 0x36, 0x17, 0x31, 0x16, 0x17, 0x16, 0x17, 0x31, 0x16, 0x17, 0x16, 0x37,
0x31, 0x34, 0x33, 0x32, 0x17, 0x31, 0x17, 0x37, 0x36, 0x27, 0x26, 0x23, 0x31, 0x22, 0x27, 0x26,
0x35, 0x31, 0x3F, 0x01, 0x32, 0x17, 0x16, 0x17, 0x31, 0x16, 0x17, 0x16, 0x33, 0x31, 0x33, 0x17,
0x16, 0x17, 0x16, 0x15, 0x31, 0x15, 0x33, 0x32, 0x17, 0x16, 0x15, 0x31, 0x14, 0x17, 0x16, 0x17,
0x31, 0x16, 0x17, 0x16, 0x17, 0x31, 0x16, 0x17, 0x16, 0x37, 0x31, 0x37, 0x35, 0x34, 0x37, 0x36,
0x37, 0x31, 0x36, 0x37, 0x36, 0x37, 0x31, 0x3F, 0x01, 0x15, 0x14, 0x17, 0x16, 0x33, 0x31, 0x32,
0x17, 0x16, 0x15, 0x31, 0x14, 0x17, 0x16, 0x17, 0x31, 0x16, 0x33, 0x36, 0x37, 0x31, 0x36, 0x33,
0x16, 0x17, 0x31, 0x16, 0x15, 0x06, 0x07, 0x31, 0x06, 0x23, 0x26, 0x27, 0x31, 0x26, 0x23, 0x22,
0x07, 0x31, 0x06, 0x23, 0x06, 0x27, 0x31, 0x26, 0x23, 0x26, 0x07, 0x31, 0x06, 0x07, 0x06, 0x15,
0x31, 0x14, 0x17, 0x16, 0x33, 0x31, 0x1F, 0x01, 0x16, 0x15, 0x16, 0x07, 0x31, 0x06, 0x07, 0x06,
0x15, 0x31, 0x14, 0x07, 0x06, 0x23, 0x31, 0x22, 0x27, 0x26, 0x35, 0x31, 0x34, 0x27, 0x26, 0x07,
0x31, 0x06, 0x07, 0x06, 0x07, 0x31, 0x22, 0x07, 0x06, 0x07, 0x31, 0x06, 0x07, 0x06, 0x15, 0x31,
0x14, 0x07, 0x06, 0x23, 0x31, 0x22, 0x07, 0x06, 0x15, 0x31, 0x14, 0x17, 0x16, 0x33, 0x31, 0x32,
0x17, 0x16, 0x15, 0x31, 0x14, 0x07, 0x06, 0x23, 0x31, 0x22, 0x07, 0x06, 0x07, 0x31, 0x06, 0x23,
0x06, 0x27, 0x31, 0x26, 0x27, 0x26, 0x27, 0x31, 0x22, 0x23, 0x31, 0x22, 0x23, 0x26, 0x23, 0x31,
0x26, 0x23, 0x31, 0x27, 0x15, 0x14, 0x07, 0x06, 0x27, 0x31, 0x26, 0x27, 0x26, 0x27, 0x31, 0x26,
0x37, 0x36, 0x33, 0x31, 0x32, 0x17, 0x16, 0x17, 0x31, 0x16, 0x37, 0x36, 0x35, 0x31, 0x35, 0x23,
0x15, 0x14, 0x07, 0x06, 0x07, 0x31, 0x06, 0x07, 0x06, 0x23, 0x31, 0x27, 0x35, 0x34, 0x37, 0x36,
0x37, 0x31, 0x36, 0x27, 0x26, 0x23, 0x31, 0x22, 0x07, 0x06, 0x15, 0x31, 0x14, 0x07, 0x06, 0x07,
0x31, 0x06, 0x07, 0x06, 0x15, 0x31, 0x14, 0x07, 0x06, 0x23, 0x31, 0x22, 0x07, 0x06, 0x15, 0x31,
0x14, 0x07, 0x06, 0x23, 0x31, 0x22, 0x27, 0x26, 0x35, 0x31, 0x34, 0x07, 0x06, 0x07, 0x31, 0x06,
0x07, 0x06, 0x17, 0x31, 0x16, 0x07, 0x06, 0x23, 0x31, 0x26, 0x27, 0x26, 0x27, 0x31, 0x26, 0x37,
0x36, 0x37, 0x31, 0x36, 0x37, 0x36, 0x37, 0x31, 0x36, 0x27, 0x26, 0x27, 0x31, 0x26, 0x27, 0x26,
0x35, 0x31, 0x34, 0x27, 0x26, 0x27, 0x31, 0x26, 0x27, 0x26, 0x07, 0x31, 0x06, 0x27, 0x26, 0x27,
0x31, 0x26, 0x27, 0x26, 0x23, 0x31, 0x22, 0x27, 0x26, 0x27, 0x31, 0x26, 0x27, 0x31, 0x26, 0x23,
0x06, 0x07, 0x31, 0x06, 0x07, 0x31, 0x06, 0x07, 0x06, 0x17, 0x31, 0x16, 0x17, 0x16, 0x15, 0x31,
0x14, 0x07, 0x06, 0x07, 0x31, 0x22, 0x27, 0x26, 0x27, 0x31, 0x26, 0x27, 0x26, 0x27, 0x31, 0x26,
0x27, 0x26, 0x27, 0x31, 0x26, 0x35, 0x36, 0x17, 0x31, 0x16, 0x37, 0x36, 0x37, 0x31, 0x36, 0x17,
0x16, 0x17, 0x31, 0x1F, 0x01, 0x16, 0x17, 0x16, 0x17, 0x31, 0x16, 0x17, 0x16, 0x17, 0x31, 0x16,
0x17, 0x16, 0x37, 0x31, 0x36, 0x37, 0x36, 0x37, 0x31, 0x36, 0x37, 0x36, 0x27, 0x31, 0x34, 0x37,
0x36, 0x33, 0x31, 0x36, 0x37, 0x36, 0x37, 0x31, 0x36, 0x37, 0x36, 0x33, 0x31, 0x33, 0x35, 0x34,
0x37, 0x36, 0x37, 0x17, 0x31, 0x06, 0x17, 0x16, 0x17, 0x31, 0x16, 0x37, 0x36, 0x35, 0x31, 0x34,
0x27, 0x26, 0x07, 0x05, 0x31, 0x06, 0x07, 0x06, 0x23, 0x31, 0x23, 0x15, 0x14, 0x17, 0x16, 0x33,
0x31, 0x32, 0x37, 0x36, 0x35, 0x31, 0x34, 0x37, 0x36, 0x33, 0x31, 0x33, 0x2F, 0x02, 0x26, 0x07,
0x06, 0x07, 0x05, 0x31, 0x06, 0x17, 0x16, 0x33, 0x31, 0x32, 0x37, 0x36, 0x27, 0x31, 0x26, 0x27,
0x26, 0x07, 0x05, 0x31, 0x14, 0x17, 0x16, 0x33, 0x31, 0x32, 0x37, 0x36, 0x35, 0x31, 0x34, 0x27,
0x26, 0x23, 0x31, 0x22, 0x27, 0x26, 0x35, 0x31, 0x34, 0x27, 0x26, 0x23, 0x31, 0x22, 0x07, 0x06,
0x15, 0x37, 0x31, 0x14, 0x17, 0x16, 0x33, 0x31, 0x32, 0x37, 0x36, 0x35, 0x31, 0x34, 0x27, 0x26,
0x23, 0x31, 0x22, 0x07, 0x06, 0x15, 0x17, 0x31, 0x14, 0x17, 0x16, 0x33, 0x31, 0x32, 0x37, 0x36,
0x35, 0x31, 0x34, 0x27, 0x26, 0x23, 0x31, 0x22, 0x07, 0x06, 0x17, 0x31, 0x14, 0x17, 0x16, 0x33,
0x31, 0x32, 0x37, 0x36, 0x35, 0x31, 0x34, 0x27, 0x26, 0x23, 0x31, 0x22, 0x07, 0x06, 0x17, 0x31,
0x16, 0x17, 0x16, 0x33, 0x31, 0x32, 0x37, 0x36, 0x35, 0x31, 0x34, 0x27, 0x26, 0x23, 0x31, 0x22,
0x07, 0x06, 0x17, 0x31, 0x14, 0x17, 0x16, 0x33, 0x31, 0x32, 0x37, 0x36, 0x35, 0x31, 0x34, 0x27,
0x26, 0x23, 0x31, 0x22, 0x07, 0x06, 0x17, 0x31, 0x14, 0x17, 0x16, 0x33, 0x31, 0x32, 0x37, 0x36,
0x35, 0x31, 0x34, 0x27, 0x26, 0x23, 0x31, 0x22, 0x07, 0x06, 0x17, 0x31, 0x16, 0x17, 0x16, 0x33,
0x31, 0x32, 0x37, 0x36, 0x35, 0x31, 0x34, 0x27, 0x26, 0x23, 0x31, 0x22, 0x07, 0x06, 0x17, 0x31,
0x16, 0x17, 0x16, 0x33, 0x31, 0x32, 0x37, 0x36, 0x35, 0x31, 0x34, 0x27, 0x26, 0x23, 0x31, 0x22,
0x07, 0x06, 0x17, 0x31, 0x14, 0x17, 0x16, 0x33, 0x31, 0x32, 0x37, 0x36, 0x35, 0x31, 0x34, 0x27,
0x26, 0x23, 0x31, 0x22, 0x07, 0x06, 0x05, 0x31, 0x14, 0x17, 0x16, 0x33, 0x31, 0x32, 0x37, 0x36,
0x35, 0x31, 0x34, 0x27, 0x26, 0x23, 0x31, 0x22, 0x07, 0x06, 0x05, 0x31, 0x14, 0x17, 0x16, 0x17,
0x31, 0x16, 0x17, 0x16, 0x15, 0x31, 0x16, 0x33, 0x32, 0x37, 0x31, 0x36, 0x37, 0x36, 0x27, 0x31,
0x26, 0x27, 0x26, 0x23, 0x31, 0x22, 0x07, 0x06, 0x15, 0x07, 0x31, 0x06, 0x15, 0x06, 0x17, 0x31,
0x17, 0x37, 0x32, 0x37, 0x36, 0x37, 0x31, 0x36, 0x33, 0x36, 0x33, 0x31, 0x32, 0x37, 0x36, 0x35,
0x31, 0x34, 0x27, 0x26, 0x23, 0x31, 0x22, 0x07, 0x06, 0x15, 0x31, 0x14, 0x07, 0x06, 0x27, 0x31,
0x26, 0x27, 0x26, 0x35, 0x31, 0x34, 0x27, 0x26, 0x23, 0x31, 0x22, 0x35, 0x34, 0x37, 0x31, 0x36,
0x37, 0x36, 0x35, 0x31, 0x34, 0x23, 0x26, 0x23, 0x31, 0x23, 0x17, 0x16, 0x07, 0x06, 0x27, 0x31,
0x26, 0x27, 0x26, 0x35, 0x31, 0x26, 0x27, 0x26, 0x23, 0x31, 0x22, 0x07, 0x06, 0x07, 0x05, 0x31,
0x14, 0x17, 0x16, 0x33, 0x31, 0x16, 0x07, 0x06, 0x07, 0x31, 0x06, 0x07, 0x06, 0x17, 0x31, 0x14,
0x15, 0x06, 0x23, 0x31, 0x22, 0x27, 0x26, 0x37, 0x31, 0x36, 0x27, 0x26, 0x27, 0x31, 0x27, 0x1F,
0x02, 0x16, 0x37, 0x36, 0x35, 0x31, 0x35, 0x27, 0x26, 0x23, 0x06, 0x15, 0x05, 0x31, 0x06, 0x15,
0x16, 0x17, 0x31, 0x16, 0x37, 0x36, 0x35, 0x31, 0x34, 0x27, 0x26, 0x03, 0xCC, 0x0E, 0x0F, 0x0F,
0x22, 0x29, 0x0A, 0x0B, 0xC5, 0x84, 0x23, 0x23, 0x0A, 0x0A, 0x04, 0x04, 0x04, 0x06, 0x0A, 0x0B,
0x07, 0x03, 0x02, 0x03, 0x02, 0x01, 0x01, 0x01, 0x01, 0x03, 0x04, 0x0A, 0x0A, 0x02, 0x01, 0x01,
0x02, 0x07, 0x08, 0x01, 0x01, 0x02, 0x28, 0x19, 0x08, 0x09, 0x01, 0x02, 0x0F, 0x0F, 0x31, 0x4D,
0x0A, 0x04, 0x02, 0x03, 0x7D, 0x59, 0x12, 0x12, 0x03, 0x04, 0x0A, 0x07, 0x12, 0x13, 0x13, 0x15,
0x12, 0x13, 0x0A, 0x16, 0x02, 0x03, 0x03, 0x03, 0x03, 0x03, 0x02, 0x02, 0x23, 0x01, 0x01, 0x02,
0x02, 0x01, 0x02, 0x10, 0x11, 0x5A, 0x90, 0x4D, 0x4D, 0x01, 0x02, 0x38, 0x39, 0x05, 0x07, 0x01,
0x06, 0x05, 0x36, 0x37, 0x07, 0x02, 0x02, 0x03, 0x01, 0x01, 0x0A, 0x0B, 0x0F, 0x0E, 0x3C, 0x3D,
0x46, 0x69, 0x21, 0x21, 0x05, 0x06, 0x0D, 0x17, 0x06, 0x03, 0x01, 0x02, 0x02, 0x01, 0x01, 0x03,
0x03, 0x06, 0x05, 0x03, 0x04, 0x06, 0x06, 0x15, 0x0E, 0x12, 0x13, 0x0D, 0x0C, 0x0A, 0x0B, 0x03,
0x02, 0x01, 0x02, 0x01, 0x02, 0x01, 0x02, 0x01, 0x02, 0x01, 0x02, 0x02, 0x01, 0x01, 0x02, 0x06,
0x06, 0x05, 0x02, 0x02, 0x03, 0x01, 0x02, 0x09, 0x09, 0x02, 0x01, 0x2A, 0x2B, 0x72, 0x29, 0x2D,
0x2E, 0x2B, 0x2B, 0x25, 0x25, 0x19, 0x77, 0x03, 0x03, 0x0B, 0x07, 0x03, 0x04, 0x02, 0x01, 0x01,
0x02, 0x0B, 0x07, 0x05, 0x05, 0x01, 0x05, 0x03, 0x04, 0x38, 0x01, 0x01, 0x04, 0x03, 0x16, 0x17,
0x2D, 0x57, 0x01, 0x01, 0x01, 0x03, 0x02, 0x03, 0x0D, 0x0A, 0x04, 0x04, 0x03, 0x04, 0x05, 0x08,
0x02, 0x02, 0x01, 0x01, 0x02, 0x02, 0x01, 0x02, 0x0E, 0x0E, 0x3B, 0x2C, 0x0D, 0x0D, 0x0D, 0x0D,
0x12, 0x1D, 0x06, 0x07, 0x04, 0x06, 0x05, 0x06, 0x0E, 0x0A, 0x40, 0x40, 0x06, 0x01, 0x0F, 0x10,
0x18, 0x1D, 0x0E, 0x0F, 0x02, 0x03, 0x06, 0x07, 0x0C, 0x05, 0x04, 0x04, 0x03, 0x03, 0x05, 0x08,
0x07, 0x07, 0x1C, 0x18, 0x08, 0x09, 0x03, 0x03, 0x05, 0x05, 0x04, 0x05, 0x04, 0x04, 0x01, 0x02,
0x1A, 0x1B, 0x24, 0x25, 0x27, 0x28, 0x1C, 0x4E, 0x0F, 0x10, 0x10, 0x05, 0x03, 0x04, 0x3F, 0x3F,
0x7A, 0x4B, 0x14, 0x14, 0x05, 0x05, 0x01, 0x02, 0x02, 0x01, 0x02, 0x02, 0x05, 0x06, 0x01, 0x06,
0x01, 0x03, 0x04, 0x03, 0x0A, 0x08, 0x08, 0x0D, 0x11, 0x4A, 0x4A, 0x1D, 0x1E, 0x09, 0x04, 0x09,
0x09, 0x09, 0x16, 0x13, 0x13, 0x40, 0x1D, 0x1F, 0x20, 0x10, 0x22, 0x23, 0x24, 0x02, 0x02, 0x03,
0x08, 0x05, 0x0A, 0x0B, 0x08, 0x13, 0x27, 0x28, 0x1C, 0x1B, 0x07, 0x07, 0x0C, 0x2D, 0x09, 0x02,
0x03, 0x0D, 0x0D, 0x06, 0x07, 0x0C, 0x0D, 0x0A, 0x02, 0x9E, 0x02, 0x06, 0x06, 0x0C, 0x18, 0x02,
0x02, 0x07, 0x05, 0x03, 0x03, 0x0A, 0x0A, 0x4A, 0x5D, 0x02, 0x01, 0x4D, 0x31, 0x0E, 0x0F, 0x01,
0x02, 0x69, 0x03, 0x03, 0x03, 0x07, 0x03, 0x01, 0x02, 0x01, 0x01, 0x06, 0x06, 0x02, 0xFC, 0x3A,
0x05, 0x05, 0x1D, 0x11, 0x0B, 0x0B, 0x01, 0x02, 0x02, 0x01, 0x01, 0x02, 0x07, 0x07, 0x15, 0x19,
0x04, 0x05, 0x8A, 0x07, 0x07, 0x04, 0x02, 0x01, 0x02, 0x02, 0x03, 0x06, 0x05, 0x03, 0x04, 0xFE,
0x02, 0x03, 0x04, 0x04, 0x02, 0x03, 0x02, 0x03, 0x04, 0x04, 0x02, 0x03, 0x29, 0x03, 0x03, 0x03,
0x04, 0x03, 0x03, 0x03, 0x03, 0x04, 0x03, 0x03, 0x03, 0x2C, 0x01, 0x03, 0x03, 0x03, 0x02, 0x02,
0x02, 0x02, 0x03, 0x04, 0x04, 0x02, 0x02, 0x31, 0x01, 0x02, 0x02, 0x02, 0x01, 0x02, 0x01, 0x02,
0x02, 0x02, 0x01, 0x02, 0x41, 0x02, 0x02, 0x03, 0x03, 0x02, 0x02, 0x02, 0x02, 0x03, 0x03, 0x02,
0x02, 0x2C, 0x01, 0x02, 0x02, 0x02, 0x02, 0x01, 0x01, 0x02, 0x02, 0x03, 0x03, 0x01, 0x01, 0x2A,
0x02, 0x02, 0x02, 0x02, 0x01, 0x01, 0x02, 0x02, 0x02, 0x03, 0x03, 0x01, 0x02, 0x2D, 0x01, 0x02,
0x02, 0x02, 0x01, 0x01, 0x01, 0x01, 0x02, 0x02, 0x01, 0x02, 0x03, 0x07, 0x05, 0x06, 0x08, 0x07,
0x05, 0x06, 0x05, 0x06, 0x07, 0x08, 0x05, 0x06, 0xFD, 0x7A, 0x08, 0x09, 0x0C, 0x0C, 0x09, 0x09,
0x01, 0x02, 0x03, 0x05, 0x04, 0x01, 0x02, 0x01, 0x02, 0x08, 0x08, 0x15, 0x0F, 0x0B, 0x0B, 0xE4,
0x01, 0x01, 0x01, 0x01, 0x57, 0x24, 0x1A, 0x1B, 0x01, 0x01, 0x06, 0x07, 0x08, 0x0F, 0x02, 0x03,
0x01, 0x02, 0x01, 0x02, 0x01, 0x02, 0x06, 0x07, 0x0C, 0x08, 0x03, 0x03, 0x01, 0x02, 0x02, 0x09,
0x09, 0x05, 0x03, 0x04, 0x0C, 0x0D, 0x11, 0x29, 0x03, 0x04, 0x17, 0x17, 0x15, 0x06, 0x02, 0x03,
0x01, 0x01, 0x02, 0x07, 0x05, 0x03, 0x04, 0x01, 0xFC, 0xEE, 0x03, 0x03, 0x04, 0x07, 0x01, 0x02,
0x0D, 0x0F, 0x02, 0x03, 0x02, 0x01, 0x02, 0x06, 0x06, 0x06, 0x01, 0x01, 0x01, 0x02, 0x09, 0x0D,
0x02, 0x01, 0x3D, 0x38, 0x09, 0x0A, 0x27, 0x10, 0x0B, 0x0C, 0x03, 0xE6, 0x01, 0x01, 0x02, 0x03,
0x01, 0x01, 0x02, 0x02, 0x02, 0xB7, 0x08, 0x01, 0x02, 0x0C, 0x0E, 0x07, 0x08, 0x0E, 0x10, 0x01,
0x01, 0x02, 0x05, 0x05, 0x04, 0x06, 0x01, 0x01, 0x05, 0x01, 0x09, 0x0A, 0x0D, 0x0C, 0x05, 0x06,
0x04, 0x0A, 0x09, 0x0A, 0x15, 0x0F, 0x03, 0x03, 0x03, 0x04, 0x0F, 0x16, 0x02, 0x01, 0x01, 0x04,
0x05, 0x01, 0x01, 0x0C, 0x05, 0x07, 0x07, 0x05, 0x0A, 0x01, 0x02, 0x06, 0x05, 0x02, 0x03, 0x01,
0x01, 0x04, 0x04, 0x05, 0x05, 0x02, 0x03, 0x01, 0x02, 0x12, 0x08, 0x09, 0x0A, 0x06, 0x06, 0x0C,
0x0C, 0x0A, 0x1A, 0x03, 0x3D, 0x1C, 0x10, 0x10, 0x02, 0x03, 0x04, 0x07, 0x01, 0x02, 0x01, 0x01,
0x01, 0x02, 0x04, 0x01, 0x04, 0x05, 0x11, 0x12, 0x05, 0x05, 0x01, 0x05, 0x01, 0x01, 0x02, 0x01,
0x01, 0x01, 0x01, 0x01, 0x01, 0x01, 0x02, 0x04, 0x03, 0x02, 0x02, 0x02, 0x17, 0x0A, 0x07, 0x08,
0x02, 0x02, 0x03, 0x04, 0x04, 0x04, 0x02, 0x02, 0x02, 0x02, 0x03, 0x04, 0x01, 0x01, 0x02, 0x01,
0x01, 0x01, 0x01, 0x01, 0x02, 0x01, 0x02, 0x08, 0x08, 0x0B, 0x0A, 0x07, 0x08, 0x03, 0x04, 0x04,
0x05, 0x03, 0x04, 0x02, 0x03, 0x03, 0x07, 0x08, 0x09, 0x02, 0x02, 0x03, 0x06, 0x01, 0x06, 0x03,
0x01, 0x02, 0x01, 0x01, 0x01, 0x01, 0x14, 0x10, 0x02, 0x02, 0x0A, 0x07, 0x0C, 0x0C, 0x1C, 0x0E,
0x02, 0x03, 0x01, 0x01, 0x02, 0x09, 0x0A, 0x0B, 0x19, 0x25, 0xA6, 0x65, 0x21, 0x21, 0x04, 0x02,
0x01, 0x01, 0x02, 0xA1, 0x43, 0x31, 0x32, 0x04, 0x05, 0x01, 0x02, 0x01, 0x02, 0x04, 0x03, 0x03,
0x03, 0x01, 0x02, 0x04, 0x04, 0x0D, 0x08, 0x06, 0x06, 0x0A, 0x0B, 0x0F, 0x2A, 0x09, 0x0A, 0x04,
0x05, 0x0F, 0x05, 0x16, 0x16, 0x23, 0x37, 0x10, 0x10, 0x06, 0x09, 0x05, 0x06, 0x01, 0x14, 0x15,
0x05, 0x01, 0x15, 0x15, 0x1C, 0x23, 0x14, 0x15, 0x08, 0x10, 0x0C, 0x0C, 0x02, 0x02, 0x01, 0x02,
0x02, 0x01, 0x05, 0x05, 0x05, 0x09, 0x01, 0x01, 0x02, 0x02, 0x01, 0x01, 0x04, 0x03, 0x02, 0x02,
0x01, 0x02, 0x02, 0x03, 0x01, 0x01, 0x01, 0x03, 0x02, 0x04, 0x0B, 0x0B, 0x0C, 0x25, 0x0B, 0x09,
0x0A, 0x02, 0x06, 0x03, 0x03, 0x01, 0x01, 0x01, 0x05, 0x06, 0x1A, 0x1B, 0x64, 0x64, 0x1B, 0x1C,
0x08, 0x08, 0x0C, 0x0D, 0x03, 0x01, 0x02, 0x02, 0x04, 0x0A, 0x02, 0x02, 0x10, 0x12, 0x0A, 0x09,
0x05, 0x05, 0x04, 0x02, 0x08, 0x08, 0x09, 0x18, 0x03, 0x03, 0x0A, 0x04, 0x06, 0x06, 0x04, 0x09,
0x12, 0x13, 0x08, 0x05, 0x02, 0x02, 0x01, 0x02, 0x03, 0x02, 0x06, 0x05, 0x05, 0x11, 0x10, 0x0E,
0x0E, 0x06, 0x12, 0x0A, 0x07, 0x08, 0x01, 0x02, 0x03, 0x04, 0x09, 0x0D, 0x04, 0x04, 0x09, 0x41,
0x03, 0x02, 0x02, 0x14, 0x0E, 0x03, 0x04, 0x01, 0x02, 0x03, 0x11, 0x02, 0x03, 0x0C, 0x0D, 0x01,
0x01, 0x01, 0x01, 0x05, 0x16, 0x07, 0x05, 0x05, 0x02, 0x03, 0x05, 0x09, 0x02, 0x03, 0x07, 0x0F,
0x08, 0x01, 0x02, 0x01, 0x01, 0x03, 0x01, 0x01, 0x02, 0x02, 0x02, 0x03, 0x04, 0x01, 0x02, 0x01,
0x02, 0x09, 0x08, 0x04, 0x07, 0x08, 0x03, 0x04, 0x04, 0x07, 0x02, 0x03, 0x01, 0x01, 0x02, 0x05,
0x02, 0x01, 0x02, 0x01, 0x02, 0x02, 0x02, 0x01, 0x01, 0x01, 0x01, 0x02, 0x02, 0x01, 0x02, 0x01,
0x02, 0x02, 0x02, 0x01, 0x01, 0x01, 0x01, 0x02, 0x02, 0x01, 0x02, 0x01, 0x02, 0x02, 0x02, 0x01,
0x01, 0x01, 0x01, 0x02, 0x02, 0x01, 0x02, 0x01, 0x02, 0x02, 0x02, 0x01, 0x01, 0x01, 0x01, 0x02,
0x02, 0x01, 0x02, 0x01, 0x02, 0x02, 0x02, 0x01, 0x01, 0x01, 0x01, 0x02, 0x02, 0x01, 0x02, 0x01,
0x02, 0x02, 0x02, 0x01, 0x01, 0x01, 0x01, 0x02, 0x02, 0x01, 0x02, 0x01, 0x02, 0x02, 0x02, 0x01,
0x01, 0x01, 0x01, 0x02, 0x02, 0x01, 0x02, 0x01, 0x02, 0x02, 0x02, 0x01, 0x01, 0x01, 0x01, 0x47,
0x02, 0x01, 0x02, 0x01, 0x02, 0x02, 0x01, 0x01, 0x02, 0x01, 0x02, 0x1D, 0x01, 0x02, 0x02, 0x01,
0x01, 0x02, 0x02, 0x02, 0x03, 0x02, 0x02, 0x03, 0x04, 0x03, 0x04, 0x01, 0x01, 0x01, 0x01, 0x02,
0x59, 0x05, 0x09, 0x09, 0x08, 0x14, 0x01, 0x01, 0x01, 0x01, 0x01, 0x01, 0x02, 0x02, 0x0C, 0x07,
0x04, 0x05, 0x02, 0x02, 0x04, 0x0A, 0x03, 0x04, 0x02, 0x02, 0x02, 0x03, 0x06, 0x04, 0x03, 0x03,
0x05, 0x06, 0x03, 0x02, 0x02, 0x02, 0x01, 0x01, 0x01, 0x0F, 0x18, 0x0B, 0x0C, 0x10, 0x04, 0x06,
0x07, 0x0A, 0x0D, 0x03, 0x03, 0x02, 0x03, 0x05, 0x2E, 0x01, 0x01, 0x02, 0x01, 0x03, 0x03, 0x09,
0x0A, 0x04, 0x05, 0x10, 0x09, 0x06, 0x07, 0x13, 0x14, 0x0F, 0x10, 0x03, 0x03, 0x01, 0x02, 0x29,
0x29, 0x01, 0x01, 0x06, 0x06, 0x24, 0x22, 0x02, 0x01, 0x01, 0x02, 0x14, 0x05, 0x06, 0x07, 0x04,
0x06, 0x02, 0x02, 0x0E, 0x12, 0x03, 0x03, 0x00, 0x00, 0x04, 0x00, 0x00, 0xFF, 0xC0, 0x0A, 0x6F,
0x03, 0xC0, 0x01, 0xA7, 0x01, 0xC2, 0x01, 0xD2, 0x01, 0xFC, 0x00, 0x00, 0x01, 0x31, 0x36, 0x33,
0x16, 0x17, 0x31, 0x16, 0x17, 0x16, 0x15, 0x31, 0x14, 0x17, 0x16, 0x17, 0x31, 0x16, 0x37, 0x36,
0x37, 0x31, 0x36, 0x37, 0x36, 0x33, 0x31, 0x32, 0x17, 0x16, 0x17, 0x31, 0x17, 0x21, 0x1F, 0x01,
0x37, 0x36, 0x37, 0x36, 0x33, 0x31, 0x32, 0x37, 0x36, 0x35, 0x31, 0x34, 0x37, 0x31, 0x36, 0x33,
0x32, 0x17, 0x31, 0x16, 0x15, 0x31, 0x16, 0x17, 0x16, 0x15, 0x31, 0x16, 0x37, 0x36, 0x35, 0x31,
0x34, 0x37, 0x36, 0x37, 0x31, 0x36, 0x37, 0x36, 0x33, 0x31, 0x32, 0x17, 0x16, 0x17, 0x31, 0x1F,
0x02, 0x37, 0x32, 0x37, 0x36, 0x37, 0x31, 0x36, 0x33, 0x16, 0x17, 0x31, 0x16, 0x17, 0x16, 0x15,
0x31, 0x15, 0x27, 0x26, 0x23, 0x06, 0x15, 0x31, 0x14, 0x07, 0x06, 0x23, 0x31, 0x22, 0x27, 0x26,
0x35, 0x31, 0x34, 0x27, 0x26, 0x23, 0x31, 0x22, 0x07, 0x06, 0x07, 0x31, 0x06, 0x23, 0x26, 0x35,
0x31, 0x34, 0x07, 0x06, 0x07, 0x31, 0x06, 0x07, 0x06, 0x07, 0x31, 0x06, 0x07, 0x31, 0x06, 0x23,
0x22, 0x27, 0x31, 0x26, 0x35, 0x31, 0x34, 0x27, 0x26, 0x23, 0x31, 0x22, 0x27, 0x26, 0x27, 0x31,
0x26, 0x27, 0x26, 0x23, 0x31, 0x22, 0x15, 0x16, 0x17, 0x31, 0x16, 0x15, 0x06, 0x07, 0x31, 0x06,
0x07, 0x06, 0x17, 0x31, 0x14, 0x15, 0x06, 0x07, 0x31, 0x06, 0x17, 0x31, 0x16, 0x17, 0x16, 0x17,
0x31, 0x16, 0x17, 0x31, 0x16, 0x17, 0x16, 0x15, 0x31, 0x06, 0x07, 0x31, 0x06, 0x07, 0x06, 0x07,
0x31, 0x06, 0x23, 0x31, 0x06, 0x27, 0x26, 0x35, 0x31, 0x34, 0x27, 0x26, 0x27, 0x31, 0x26, 0x27,
0x26, 0x35, 0x31, 0x34, 0x27, 0x26, 0x27, 0x31, 0x27, 0x07, 0x06, 0x07, 0x06, 0x07, 0x31, 0x06,
0x07, 0x06, 0x07, 0x31, 0x06, 0x07, 0x06, 0x07, 0x31, 0x06, 0x27, 0x31, 0x26, 0x27, 0x26, 0x27,
0x31, 0x26, 0x35, 0x31, 0x34, 0x37, 0x36, 0x37, 0x31, 0x37, 0x27, 0x26, 0x27, 0x26, 0x27, 0x31,
0x26, 0x27, 0x26, 0x35, 0x31, 0x35, 0x27, 0x26, 0x23, 0x22, 0x07, 0x31, 0x06, 0x07, 0x06, 0x07,
0x31, 0x0F, 0x01, 0x06, 0x07, 0x06, 0x07, 0x31, 0x06, 0x07, 0x06, 0x23, 0x31, 0x22, 0x07, 0x06,
0x15, 0x31, 0x14, 0x07, 0x06, 0x23, 0x31, 0x23, 0x07, 0x06, 0x07, 0x06, 0x23, 0x31, 0x22, 0x27,
0x26, 0x27, 0x31, 0x26, 0x07, 0x31, 0x06, 0x07, 0x06, 0x07, 0x31, 0x06, 0x07, 0x31, 0x06, 0x07,
0x06, 0x23, 0x31, 0x22, 0x27, 0x26, 0x27, 0x31, 0x26, 0x27, 0x31, 0x26, 0x35, 0x26, 0x37, 0x31,
0x36, 0x37, 0x31, 0x36, 0x37, 0x36, 0x37, 0x31, 0x36, 0x37, 0x36, 0x33, 0x31, 0x32, 0x17, 0x16,
0x15, 0x31, 0x14, 0x17, 0x16, 0x33, 0x31, 0x32, 0x37, 0x36, 0x37, 0x31, 0x36, 0x37, 0x36, 0x33,
0x31, 0x32, 0x37, 0x36, 0x37, 0x31, 0x36, 0x37, 0x36, 0x37, 0x31, 0x32, 0x37, 0x36, 0x37, 0x31,
0x36, 0x35, 0x34, 0x27, 0x31, 0x26, 0x27, 0x26, 0x37, 0x31, 0x36, 0x37, 0x36, 0x35, 0x31, 0x34,
0x37, 0x36, 0x37, 0x05, 0x31, 0x06, 0x17, 0x16, 0x33, 0x31, 0x33, 0x35, 0x34, 0x27, 0x26, 0x27,
0x31, 0x26, 0x27, 0x26, 0x27, 0x31, 0x26, 0x27, 0x26, 0x23, 0x31, 0x22, 0x07, 0x06, 0x07, 0x31,
0x16, 0x33, 0x32, 0x37, 0x31, 0x36, 0x23, 0x26, 0x23, 0x31, 0x22, 0x23, 0x06, 0x17, 0x05, 0x31,
0x06, 0x07, 0x06, 0x07, 0x31, 0x06, 0x15, 0x16, 0x17, 0x31, 0x16, 0x07, 0x06, 0x27, 0x31, 0x26,
0x27, 0x26, 0x35, 0x31, 0x35, 0x07, 0x06, 0x07, 0x06, 0x17, 0x31, 0x17, 0x33, 0x32, 0x37, 0x36,
0x35, 0x31, 0x35, 0x27, 0x26, 0x23, 0x26, 0x07, 0x04, 0x6B, 0x06, 0x0A, 0x0A, 0x08, 0x05, 0x02,
0x02, 0x01, 0x02, 0x05, 0x04, 0x03, 0x04, 0x02, 0x02, 0x05, 0x06, 0x0A, 0x0C, 0x03, 0x03, 0x02,
0x04, 0x01, 0x74, 0x01, 0x02, 0x0D, 0x09, 0x05, 0x05, 0x10, 0x0A, 0x06, 0x07, 0x5D, 0x5D, 0x6F,
0x70, 0x5E, 0x5D, 0x01, 0x01, 0x01, 0x01, 0x04, 0x05, 0x06, 0x06, 0x14, 0x16, 0x15, 0x16, 0x08,
0x02, 0x05, 0x06, 0x06, 0x0E, 0x01, 0x02, 0x19, 0x0B, 0x21, 0x21, 0x23, 0x37, 0x11, 0x11, 0x02,
0x02, 0x01, 0x02, 0x76, 0x36, 0x20, 0x20, 0x04, 0x04, 0x05, 0x06, 0x04, 0x04, 0x0B, 0x0B, 0x11,
0x10, 0x0C, 0x0D, 0x01, 0x03, 0x0D, 0x0E, 0x01, 0x02, 0x02, 0x03, 0x01, 0x02, 0x02, 0x01, 0x5D,
0x5E, 0x70, 0x71, 0x5E, 0x5D, 0x06, 0x06, 0x09, 0x0E, 0x05, 0x06, 0x0C, 0x07, 0x07, 0x07, 0x02,
0x02, 0x01, 0x03, 0x05, 0x01, 0x05, 0x06, 0x01, 0x01, 0x01, 0x01, 0x02, 0x05, 0x01, 0x01, 0x06,
0x06, 0x09, 0x0A, 0x0B, 0x08, 0x04, 0x05, 0x01, 0x1F, 0x1F, 0x25, 0x26, 0x1F, 0x20, 0x02, 0x01,
0x01, 0x01, 0x05, 0x05, 0x07, 0x0D, 0x0F, 0x0F, 0x01, 0x01, 0x01, 0x03, 0x61, 0x2A, 0x1F, 0x20,
0x05, 0x08, 0x07, 0x07, 0x0F, 0x26, 0x11, 0x12, 0x02, 0x01, 0x1D, 0x1C, 0x21, 0x22, 0x1C, 0x1B,
0x19, 0x19, 0x23, 0x55, 0x0A, 0x07, 0x05, 0x05, 0x0E, 0x1C, 0x05, 0x06, 0x11, 0x0B, 0x09, 0x09,
0x17, 0x0E, 0x1E, 0x1E, 0x1B, 0x41, 0x18, 0x0A, 0x09, 0x0A, 0x03, 0x06, 0x05, 0x05, 0x0E, 0x0B,
0x05, 0x05, 0x0A, 0x0B, 0x24, 0x3A, 0x39, 0x18, 0x12, 0x12, 0x02, 0x02, 0x02, 0x02, 0x01, 0x01,
0x22, 0x23, 0x29, 0x29, 0x23, 0x22, 0x02, 0x01, 0x02, 0x02, 0x01, 0x08, 0x0F, 0x0F, 0x04, 0x02,
0x01, 0x01, 0x01, 0x01, 0x01, 0x02, 0x01, 0x04, 0x05, 0x0C, 0x0D, 0x2F, 0x2F, 0xD4, 0xC7, 0x33,
0x33, 0x11, 0x11, 0x3D, 0x3B, 0x13, 0x14, 0x04, 0x03, 0x07, 0x08, 0x07, 0x0D, 0x02, 0x03, 0x01,
0x02, 0x0B, 0x0C, 0x33, 0x20, 0x0B, 0x0B, 0x04, 0x0B, 0x0C, 0x06, 0x02, 0x03, 0x02, 0x02, 0x01,
0x01, 0x02, 0x02, 0x02, 0x04, 0xB3, 0x16, 0x03, 0x03, 0x30, 0x38, 0x02, 0x02, 0x05, 0x04, 0x04,
0x04, 0x03, 0x03, 0x04, 0x04, 0x0D, 0x0F, 0x05, 0x05, 0x02, 0x08, 0x0B, 0x0C, 0x08, 0x08, 0x06,
0x06, 0x10, 0x10, 0x05, 0x06, 0x08, 0xFB, 0xC9, 0x0A, 0x03, 0x04, 0x03, 0x02, 0x01, 0x04, 0x06,
0x02, 0x02, 0x0A, 0x04, 0x02, 0x03, 0x0E, 0x16, 0x05, 0x05, 0x0E, 0x08, 0x3E, 0x38, 0x09, 0x0A,
0x10, 0x0C, 0x0E, 0x0F, 0x16, 0x03, 0x10, 0x06, 0x01, 0x05, 0x05, 0x08, 0x09, 0x1B, 0x1B, 0x07,
0x08, 0x02, 0x01, 0x02, 0x02, 0x04, 0x05, 0x02, 0x02, 0x02, 0x03, 0x09, 0x0E, 0x18, 0x18, 0x16,
0x10, 0x03, 0x03, 0x01, 0x01, 0x02, 0x03, 0x01, 0x01, 0x02, 0x01, 0x03, 0x07, 0x0A, 0x0A, 0x0A,
0x0F, 0x03, 0x03, 0x0F, 0x0C, 0x0B, 0x0C, 0x1D, 0x1E, 0x16, 0x16, 0x04, 0x05, 0x06, 0x0F, 0x45,
0x45, 0x01, 0x01, 0x01, 0x02, 0x02, 0x01, 0x04, 0x03, 0x0A, 0x0B, 0x0C, 0x1E, 0x03, 0x01, 0x01,
0x02, 0x01, 0x01, 0x02, 0x01, 0x02, 0x02, 0x02, 0x01, 0x01, 0x01, 0x01, 0x02, 0x05, 0x01, 0x05,
0x02, 0x01, 0x02, 0x05, 0x07, 0x0C, 0x0C, 0x1C, 0x03, 0x01, 0x02, 0x01, 0x01, 0x03, 0x02, 0x01,
0x02, 0x03, 0x04, 0x12, 0x0B, 0x07, 0x07, 0x01, 0x01, 0x02, 0x03, 0x03, 0x04, 0x0A, 0x0A, 0x11,
0x11, 0x37, 0x24, 0x18, 0x19, 0x01, 0x01, 0x1A, 0x19, 0x25, 0x25, 0x2A, 0x2B, 0x24, 0x17, 0x11,
0x12, 0x01, 0x01, 0x09, 0x08, 0x0A, 0x0B, 0x09, 0x08, 0x01, 0x02, 0x03, 0x03, 0x03, 0x12, 0x12,
0x16, 0x2D, 0x45, 0x46, 0x13, 0x07, 0x09, 0x0A, 0x07, 0x10, 0x01, 0x01, 0x01, 0x02, 0x02, 0x03,
0x0C, 0x0D, 0x24, 0x5D, 0x2A, 0x2A, 0x02, 0x01, 0x05, 0x05, 0x07, 0x08, 0x07, 0x08, 0x02, 0x01,
0x2E, 0x2E, 0x3F, 0x99, 0x14, 0x0D, 0x04, 0x04, 0x02, 0x04, 0x07, 0x08, 0x21, 0x26, 0x07, 0x06,
0x03, 0x02, 0x02, 0x03, 0x01, 0x03, 0x26, 0x0F, 0x0F, 0x10, 0x06, 0x0A, 0x02, 0x03, 0x01, 0x02,
0x04, 0x04, 0x01, 0x02, 0x27, 0x10, 0x0B, 0x0C, 0x01, 0x02, 0x02, 0x04, 0x15, 0x15, 0x1B, 0x1C,
0x18, 0x19, 0x05, 0x04, 0x03, 0x04, 0x08, 0x09, 0x06, 0x04, 0x3C, 0x3D, 0x48, 0x49, 0x3F, 0x40,
0x09, 0x09, 0x05, 0x05, 0x05, 0x06, 0x01, 0x02, 0x01, 0x02, 0x04, 0x05, 0x01, 0x01, 0x01, 0x02,
0x04, 0x03, 0x02, 0x02, 0x02, 0x02, 0x0D, 0x10, 0x03, 0x04, 0x01, 0x01, 0x02, 0x05, 0x0D, 0x0A,
0x0A, 0x0D, 0x09, 0x05, 0x06, 0x02, 0x02, 0x04, 0x04, 0x04, 0x04, 0x04, 0x05, 0x02, 0x59, 0x23,
0x04, 0x04, 0x12, 0x0C, 0x04, 0x04, 0x02, 0x01, 0x05, 0x05, 0x07, 0x0B, 0x02, 0x02, 0x04, 0x04,
0x65, 0x01, 0x01, 0x01, 0x01, 0x01, 0x01, 0xDA, 0x01, 0x03, 0x04, 0x0B, 0x09, 0x09, 0x09, 0x0B,
0x13, 0x02, 0x02, 0x10, 0x07, 0x0A, 0x0B, 0x0B, 0x18, 0x03, 0x04, 0x13, 0x14, 0x1D, 0x10, 0x06,
0x06, 0x25, 0x22, 0x07, 0x05, 0x01, 0x04, 0x00, 0x00, 0x08, 0x00, 0x00, 0xFF, 0xC0, 0x0B, 0x6D,
0x03, 0xC0, 0x01, 0xC2, 0x01, 0xD6, 0x01, 0xF2, 0x02, 0x16, 0x02, 0x2B, 0x02, 0x3F, 0x02, 0x53,
0x02, 0x7E, 0x00, 0x00, 0x01, 0x31, 0x36, 0x37, 0x36, 0x33, 0x31, 0x32, 0x17, 0x31, 0x16, 0x17,
0x16, 0x17, 0x31, 0x16, 0x17, 0x31, 0x16, 0x17, 0x16, 0x15, 0x31, 0x16, 0x15, 0x16, 0x37, 0x31,
0x36, 0x37, 0x36, 0x37, 0x31, 0x32, 0x33, 0x36, 0x33, 0x31, 0x1F, 0x01, 0x16, 0x17, 0x16, 0x15,
0x31, 0x14, 0x17, 0x16, 0x33, 0x31, 0x32, 0x37, 0x36, 0x35, 0x31, 0x34, 0x37, 0x36, 0x37, 0x31,
0x36, 0x37, 0x36, 0x17, 0x31, 0x16, 0x17, 0x16, 0x15, 0x31, 0x1F, 0x01, 0x16, 0x33, 0x32, 0x37,
0x31, 0x36, 0x37, 0x36, 0x35, 0x31, 0x34, 0x37, 0x36, 0x37, 0x31, 0x36, 0x33, 0x36, 0x17, 0x31,
0x16, 0x17, 0x16, 0x17, 0x31, 0x16, 0x15, 0x14, 0x07, 0x31, 0x07, 0x21, 0x35, 0x34, 0x37, 0x36,
0x33, 0x31, 0x32, 0x37, 0x36, 0x27, 0x31, 0x26, 0x27, 0x31, 0x26, 0x23, 0x26, 0x23, 0x31, 0x22,
0x23, 0x31, 0x07, 0x15, 0x16, 0x07, 0x06, 0x07, 0x31, 0x06, 0x07, 0x06, 0x15, 0x31, 0x14, 0x07,
0x06, 0x23, 0x31, 0x22, 0x27, 0x26, 0x37, 0x31, 0x37, 0x23, 0x22, 0x07, 0x06, 0x15, 0x31, 0x14,
0x07, 0x06, 0x07, 0x31, 0x06, 0x27, 0x26, 0x35, 0x31, 0x34, 0x07, 0x06, 0x07, 0x31, 0x06, 0x07,
0x06, 0x23, 0x31, 0x22, 0x07, 0x06, 0x07, 0x31, 0x06, 0x07, 0x06, 0x23, 0x31, 0x22, 0x27, 0x26,
0x27, 0x31, 0x26, 0x23, 0x26, 0x15, 0x31, 0x14, 0x07, 0x06, 0x07, 0x31, 0x06, 0x07, 0x06, 0x07,
0x31, 0x14, 0x17, 0x16, 0x17, 0x31, 0x16, 0x07, 0x06, 0x07, 0x31, 0x06, 0x07, 0x06, 0x17, 0x31,
0x16, 0x17, 0x16, 0x17, 0x31, 0x16, 0x17, 0x16, 0x07, 0x31, 0x06, 0x07, 0x31, 0x06, 0x07, 0x06,
0x07, 0x31, 0x06, 0x27, 0x31, 0x26, 0x27, 0x26, 0x27, 0x31, 0x26, 0x27, 0x26, 0x27, 0x31, 0x2F,
0x01, 0x26, 0x07, 0x06, 0x07, 0x31, 0x06, 0x07, 0x06, 0x17, 0x31, 0x16, 0x17, 0x16, 0x23, 0x31,
0x22, 0x07, 0x06, 0x07, 0x31, 0x06, 0x07, 0x06, 0x07, 0x31, 0x06, 0x07, 0x06, 0x17, 0x31, 0x16,
0x15, 0x14, 0x07, 0x31, 0x06, 0x27, 0x26, 0x27, 0x31, 0x27, 0x37, 0x36, 0x37, 0x36, 0x27, 0x31,
0x26, 0x27, 0x26, 0x07, 0x31, 0x07, 0x35, 0x23, 0x22, 0x27, 0x26, 0x35, 0x31, 0x34, 0x27, 0x26,
0x23, 0x31, 0x22, 0x07, 0x06, 0x07, 0x31, 0x06, 0x07, 0x06, 0x23, 0x31, 0x06, 0x07, 0x06, 0x15,
0x31, 0x14, 0x07, 0x06, 0x23, 0x31, 0x23, 0x17, 0x16, 0x07, 0x06, 0x23, 0x31, 0x22, 0x07, 0x06,
0x15, 0x31, 0x14, 0x07, 0x06, 0x07, 0x31, 0x06, 0x27, 0x26, 0x35, 0x31, 0x34, 0x07, 0x06, 0x07,
0x31, 0x06, 0x07, 0x06, 0x23, 0x31, 0x22, 0x27, 0x26, 0x35, 0x31, 0x34, 0x27, 0x26, 0x23, 0x31,
0x22, 0x07, 0x06, 0x07, 0x31, 0x06, 0x07, 0x06, 0x07, 0x31, 0x06, 0x07, 0x06, 0x27, 0x31, 0x26,
0x27, 0x26, 0x27, 0x31, 0x26, 0x37, 0x36, 0x37, 0x31, 0x36, 0x37, 0x36, 0x33, 0x31, 0x32, 0x17,
0x16, 0x17, 0x31, 0x16, 0x17, 0x16, 0x17, 0x31, 0x16, 0x17, 0x16, 0x17, 0x31, 0x16, 0x33, 0x36,
0x37, 0x31, 0x36, 0x37, 0x36, 0x33, 0x31, 0x32, 0x37, 0x36, 0x35, 0x31, 0x34, 0x37, 0x36, 0x33,
0x31, 0x33, 0x37, 0x36, 0x37, 0x36, 0x37, 0x17, 0x31, 0x16, 0x17, 0x16, 0x33, 0x31, 0x32, 0x37,
0x36, 0x35, 0x31, 0x36, 0x27, 0x26, 0x23, 0x31, 0x22, 0x07, 0x06, 0x17, 0x31, 0x06, 0x07, 0x06,
0x17, 0x31, 0x16, 0x33, 0x16, 0x33, 0x31, 0x32, 0x37, 0x36, 0x37, 0x31, 0x36, 0x27, 0x26, 0x27,
0x31, 0x27, 0x23, 0x22, 0x07, 0x06, 0x07, 0x05, 0x31, 0x06, 0x07, 0x06, 0x17, 0x31, 0x16, 0x33,
0x16, 0x37, 0x31, 0x36, 0x37, 0x36, 0x35, 0x31, 0x34, 0x27, 0x26, 0x27, 0x31, 0x26, 0x27, 0x26,
0x27, 0x31, 0x26, 0x27, 0x26, 0x27, 0x31, 0x26, 0x07, 0x06, 0x07, 0x05, 0x31, 0x16, 0x17, 0x16,
0x33, 0x31, 0x32, 0x37, 0x36, 0x35, 0x31, 0x34, 0x27, 0x26, 0x23, 0x31, 0x22, 0x07, 0x06, 0x17,
0x05, 0x31, 0x14, 0x17, 0x16, 0x33, 0x31, 0x32, 0x37, 0x36, 0x35, 0x31, 0x34, 0x27, 0x26, 0x23,
0x31, 0x22, 0x07, 0x06, 0x05, 0x31, 0x14, 0x17, 0x16, 0x33, 0x31, 0x32, 0x37, 0x36, 0x35, 0x31,
0x34, 0x27, 0x26, 0x23, 0x31, 0x22, 0x07, 0x06, 0x05, 0x31, 0x06, 0x15, 0x16, 0x17, 0x31, 0x16,
0x17, 0x16, 0x33, 0x31, 0x33, 0x37, 0x36, 0x27, 0x26, 0x23, 0x31, 0x22, 0x07, 0x06, 0x07, 0x31,
0x06, 0x15, 0x14, 0x17, 0x31, 0x16, 0x23, 0x06, 0x27, 0x31, 0x26, 0x27, 0x26, 0x37, 0x31, 0x36,
0x23, 0x22, 0x07, 0x03, 0xB4, 0x03, 0x05, 0x05, 0x03, 0x0C, 0x3F, 0x3F, 0x46, 0x47, 0x39, 0x3A,
0x02, 0x10, 0x04, 0x04, 0x01, 0x01, 0x02, 0x02, 0x03, 0x03, 0x0B, 0x07, 0x41, 0x42, 0x56, 0xD1,
0x0E, 0x06, 0x04, 0x04, 0x01, 0x02, 0x02, 0x02, 0x01, 0x01, 0x06, 0x06, 0x17, 0x1E, 0x0D, 0x0E,
0x0D, 0x0D, 0x03, 0x03, 0x01, 0x4F, 0x20, 0x35, 0x35, 0x2A, 0x44, 0x10, 0x11, 0x01, 0x02, 0x03,
0x04, 0x28, 0x28, 0xC1, 0xC7, 0x24, 0x25, 0x04, 0x04, 0x04, 0x05, 0xFD, 0xC3, 0x02, 0x03, 0x05,
0x04, 0x02, 0x03, 0x01, 0x01, 0x1B, 0x1C, 0x2A, 0x2A, 0x33, 0x33, 0x2E, 0x33, 0x01, 0x03, 0x03,
0x09, 0x07, 0x04, 0x04, 0x03, 0x04, 0x05, 0x09, 0x01, 0x02, 0x01, 0x02, 0x21, 0x16, 0x06, 0x06,
0x01, 0x02, 0x02, 0x06, 0x06, 0x06, 0x06, 0x07, 0x03, 0x01, 0x02, 0x03, 0x03, 0x02, 0x03, 0x03,
0x01, 0x02, 0x2A, 0x2B, 0x9C, 0xA7, 0x17, 0x18, 0x02, 0x01, 0x09, 0x09, 0x03, 0x03, 0x07, 0x09,
0x02, 0x02, 0x01, 0x01, 0x01, 0x02, 0x04, 0x01, 0x01, 0x06, 0x09, 0x01, 0x01, 0x06, 0x04, 0x09,
0x09, 0x0E, 0x06, 0x02, 0x03, 0x02, 0x03, 0x1A, 0x1A, 0x1E, 0x1F, 0x1A, 0x19, 0x01, 0x03, 0x12,
0x13, 0x06, 0x03, 0x03, 0x03, 0x01, 0x04, 0x4D, 0x46, 0x13, 0x13, 0x0C, 0x07, 0x01, 0x02, 0x03,
0x02, 0x01, 0x01, 0x01, 0x01, 0x04, 0x04, 0x05, 0x06, 0x09, 0x0A, 0x0B, 0x12, 0x03, 0x04, 0x07,
0x02, 0x03, 0x04, 0x32, 0x32, 0x27, 0x11, 0x49, 0x3E, 0x07, 0x08, 0x14, 0x0B, 0x06, 0x06, 0x12,
0x19, 0x0E, 0x06, 0x04, 0x04, 0x0E, 0x0E, 0x18, 0x21, 0x0C, 0x0C, 0x09, 0x08, 0x0C, 0x0D, 0x23,
0x21, 0x0A, 0x0B, 0x09, 0x09, 0x1C, 0x2F, 0x03, 0x03, 0x05, 0x05, 0x1C, 0x15, 0x05, 0x06, 0x02,
0x03, 0x06, 0x0B, 0x05, 0x05, 0x08, 0x09, 0x28, 0x12, 0x0E, 0x0E, 0x02, 0x03, 0x01, 0x02, 0x01,
0x01, 0x02, 0x01, 0x12, 0x13, 0x18, 0x27, 0x09, 0x0A, 0x01, 0x01, 0x07, 0x08, 0x03, 0x01, 0x02,
0x03, 0x02, 0x05, 0x02, 0x02, 0x06, 0x03, 0x0A, 0x0B, 0x2A, 0x2B, 0x0A, 0x0B, 0x04, 0x05, 0x15,
0x16, 0x6C, 0x3E, 0x50, 0x50, 0x32, 0x44, 0x1C, 0x1C, 0x04, 0x03, 0x0A, 0x0A, 0x0B, 0x0F, 0x06,
0x07, 0x04, 0x05, 0x0A, 0x14, 0x25, 0x0F, 0x0D, 0x0E, 0x04, 0x0C, 0x01, 0x02, 0x02, 0x01, 0x02,
0x02, 0x02, 0x01, 0x01, 0x02, 0x04, 0x03, 0x01, 0x02, 0x31, 0x09, 0x0B, 0x0B, 0x03, 0x01, 0x35,
0x36, 0x4A, 0x94, 0x18, 0x18, 0x05, 0x01, 0x01, 0x02, 0x07, 0x0C, 0xA1, 0x73, 0x19, 0x19, 0x08,
0x03, 0x8C, 0x08, 0x04, 0x04, 0x02, 0x02, 0x0C, 0x0C, 0x11, 0x1B, 0x05, 0x05, 0x02, 0x03, 0x03,
0x04, 0x03, 0x03, 0x01, 0x01, 0x03, 0x03, 0x08, 0x09, 0x05, 0x06, 0x0C, 0xF8, 0xE5, 0x01, 0x0B,
0x0C, 0x19, 0x1A, 0x0A, 0x0B, 0x0B, 0x0B, 0x1B, 0x1C, 0x0A, 0x0A, 0x01, 0x07, 0x0F, 0x0A, 0x0A,
0x0F, 0x0F, 0x09, 0x0A, 0x09, 0x0A, 0x0F, 0x0F, 0x0A, 0x0A, 0xF8, 0xF9, 0x0B, 0x0C, 0x13, 0x12,
0x0B, 0x0C, 0x0B, 0x0C, 0x12, 0x13, 0x0B, 0x0C, 0x03, 0x8F, 0x0C, 0x01, 0x0C, 0x0A, 0x08, 0x09,
0x23, 0x30, 0x05, 0x07, 0x0B, 0x0C, 0x1D, 0x0E, 0x05, 0x06, 0x06, 0x09, 0x09, 0x08, 0x03, 0x04,
0x0C, 0x0B, 0x04, 0x04, 0x06, 0x05, 0x05, 0x05, 0x0B, 0x02, 0xE1, 0x03, 0x02, 0x02, 0x07, 0x07,
0x08, 0x09, 0x07, 0x08, 0x01, 0x0C, 0x0B, 0x0C, 0x22, 0x16, 0x06, 0x06, 0x09, 0x0D, 0x03, 0x03,
0x02, 0x01, 0x01, 0x0E, 0x06, 0x06, 0x07, 0x06, 0x05, 0x03, 0x04, 0x06, 0x06, 0x08, 0x0D, 0x0C,
0x0C, 0x20, 0x2A, 0x0B, 0x0C, 0x04, 0x05, 0x0E, 0x0F, 0x36, 0x3D, 0x02, 0x01, 0x01, 0x02, 0x01,
0x02, 0x05, 0x03, 0x05, 0x05, 0x03, 0x06, 0x01, 0x02, 0x03, 0x01, 0x02, 0x07, 0x08, 0x23, 0x24,
0x0C, 0x0B, 0x0A, 0x06, 0x02, 0x03, 0x01, 0x01, 0x02, 0x02, 0x01, 0x02, 0x01, 0x01, 0x0D, 0x08,
0x02, 0x03, 0x01, 0x01, 0x01, 0x02, 0x02, 0x02, 0x01, 0x01, 0x02, 0x03, 0x0D, 0x13, 0x01, 0x02,
0x06, 0x03, 0x04, 0x04, 0x02, 0x06, 0x05, 0x05, 0x09, 0x0B, 0x02, 0x03, 0x0B, 0x06, 0x04, 0x04,
0x02, 0x03, 0x03, 0x0A, 0x02, 0x03, 0x02, 0x02, 0x0B, 0x0D, 0x01, 0x0D, 0x05, 0x04, 0x05, 0x03,
0x04, 0x07, 0x08, 0x25, 0x19, 0x0E, 0x0E, 0x04, 0x04, 0x01, 0x02, 0x02, 0x02, 0x0D, 0x0E, 0x32,
0x26, 0x25, 0x26, 0x29, 0x11, 0x0B, 0x0C, 0x01, 0x02, 0x07, 0x08, 0x08, 0x08, 0x06, 0x07, 0x01,
0x04, 0x40, 0x41, 0x1A, 0x0F, 0x17, 0x17, 0x11, 0x29, 0x02, 0x01, 0x05, 0x06, 0x19, 0x0D, 0x06,
0x07, 0x05, 0x03, 0x03, 0x03, 0x03, 0x03, 0x03, 0x04, 0x0E, 0x0E, 0x16, 0x23, 0x0D, 0x0D, 0x06,
0x03, 0x02, 0x02, 0x03, 0x03, 0x09, 0x09, 0x0B, 0x05, 0x81, 0x6C, 0x17, 0x17, 0x14, 0x0C, 0x02,
0x02, 0x02, 0x03, 0x3C, 0x01, 0x01, 0x02, 0x02, 0x01, 0x02, 0x01, 0x02, 0x06, 0x06, 0x01, 0x02,
0x01, 0x01, 0x01, 0x04, 0x05, 0x01, 0x01, 0x17, 0x1A, 0x05, 0x06, 0x01, 0x02, 0x06, 0x05, 0x03,
0x03, 0x01, 0x03, 0x03, 0x03, 0x09, 0x0A, 0x04, 0x04, 0x1C, 0x0C, 0x09, 0x09, 0x06, 0x07, 0x0A,
0x0A, 0x06, 0x07, 0x08, 0x08, 0x0B, 0x13, 0x06, 0x07, 0x08, 0x0B, 0x03, 0x04, 0x09, 0x03, 0x17,
0x18, 0x1E, 0x3A, 0x45, 0x46, 0x0C, 0x06, 0x01, 0x02, 0x01, 0x02, 0x07, 0x07, 0x01, 0x02, 0x01,
0x01, 0x01, 0x02, 0x01, 0x01, 0x01, 0x03, 0x02, 0x02, 0x02, 0x01, 0x02, 0x03, 0x03, 0x01, 0x02,
0x3D, 0x18, 0x14, 0x14, 0x02, 0x23, 0x02, 0x01, 0x02, 0x01, 0x02, 0x02, 0x02, 0x01, 0x02, 0x01,
0x02, 0x1D, 0x07, 0x17, 0x18, 0x04, 0x01, 0x01, 0x03, 0x04, 0x17, 0x09, 0x05, 0x06, 0x07, 0x0C,
0x01, 0x02, 0x06, 0x21, 0x0D, 0x08, 0x09, 0x02, 0x02, 0x01, 0x01, 0x03, 0x02, 0x02, 0x08, 0x06,
0x05, 0x05, 0x02, 0x02, 0x05, 0x05, 0x04, 0x06, 0x02, 0x03, 0x01, 0x01, 0x04, 0x05, 0x13, 0x2A,
0x03, 0x01, 0x02, 0x01, 0x01, 0x04, 0x03, 0x01, 0x01, 0x01, 0x01, 0x03, 0x16, 0x02, 0x01, 0x02,
0x01, 0x02, 0x02, 0x02, 0x01, 0x01, 0x01, 0x01, 0x71, 0x02, 0x01, 0x02, 0x01, 0x02, 0x02, 0x02,
0x01, 0x02, 0x01, 0x02, 0x52, 0x0D, 0x11, 0x11, 0x0D, 0x09, 0x01, 0x02, 0x17, 0x1E, 0x0F, 0x0F,
0x02, 0x03, 0x09, 0x0C, 0x0C, 0x0C, 0x0C, 0x0B, 0x01, 0x09, 0x09, 0x10, 0x10, 0x0D, 0x0B, 0x0B,
0x00, 0x04, 0x00, 0x00, 0xFF, 0xC0, 0x04, 0xB4, 0x03, 0xC0, 0x00, 0xEC, 0x00, 0xFF, 0x01, 0x0F,
0x01, 0x44, 0x00, 0x00, 0x01, 0x31, 0x36, 0x37, 0x36, 0x17, 0x31, 0x16, 0x17, 0x16, 0x17, 0x31,
0x16, 0x17, 0x16, 0x15, 0x31, 0x14, 0x17, 0x16, 0x33, 0x31, 0x33, 0x35, 0x34, 0x37, 0x36, 0x33,
0x31, 0x32, 0x17, 0x16, 0x17, 0x31, 0x1F, 0x01, 0x16, 0x33, 0x16, 0x33, 0x31, 0x36, 0x37, 0x36,
0x37, 0x31, 0x36, 0x37, 0x36, 0x17, 0x31, 0x16, 0x17, 0x16, 0x15, 0x31, 0x14, 0x17, 0x16, 0x17,
0x31, 0x16, 0x17, 0x16, 0x15, 0x31, 0x14, 0x17, 0x16, 0x33, 0x31, 0x32, 0x33, 0x16, 0x33, 0x31,
0x17, 0x15, 0x07, 0x22, 0x23, 0x06, 0x23, 0x31, 0x22, 0x07, 0x06, 0x15, 0x31, 0x14, 0x07, 0x06,
0x07, 0x31, 0x06, 0x15, 0x14, 0x17, 0x31, 0x16, 0x15, 0x06, 0x07, 0x31, 0x06, 0x07, 0x06, 0x17,
0x31, 0x14, 0x07, 0x06, 0x27, 0x31, 0x26, 0x27, 0x26, 0x37, 0x31, 0x36, 0x35, 0x36, 0x27, 0x31,
0x26, 0x35, 0x36, 0x37, 0x31, 0x36, 0x35, 0x36, 0x27, 0x31, 0x26, 0x37, 0x36, 0x37, 0x31, 0x36,
0x37, 0x36, 0x37, 0x31, 0x35, 0x23, 0x22, 0x07, 0x06, 0x07, 0x31, 0x06, 0x07, 0x06, 0x15, 0x31,
0x14, 0x07, 0x06, 0x07, 0x31, 0x06, 0x07, 0x06, 0x27, 0x31, 0x26, 0x27, 0x26, 0x27, 0x31, 0x27,
0x15, 0x14, 0x07, 0x06, 0x23, 0x31, 0x22, 0x07, 0x06, 0x15, 0x31, 0x15, 0x23, 0x3F, 0x01, 0x23,
0x35, 0x34, 0x37, 0x36, 0x37, 0x31, 0x36, 0x35, 0x26, 0x27, 0x31, 0x27, 0x23, 0x22, 0x27, 0x26,
0x27, 0x31, 0x26, 0x27, 0x26, 0x23, 0x31, 0x22, 0x07, 0x06, 0x15, 0x31, 0x15, 0x23, 0x22, 0x27,
0x26, 0x27, 0x31, 0x26, 0x27, 0x26, 0x37, 0x31, 0x36, 0x37, 0x36, 0x37, 0x31, 0x36, 0x37, 0x36,
0x37, 0x07, 0x31, 0x06, 0x07, 0x06, 0x15, 0x31, 0x1F, 0x01, 0x37, 0x34, 0x35, 0x36, 0x35, 0x31,
0x34, 0x23, 0x26, 0x07, 0x17, 0x31, 0x14, 0x17, 0x16, 0x33, 0x31, 0x32, 0x37, 0x36, 0x27, 0x31,
0x26, 0x23, 0x22, 0x15, 0x05, 0x31, 0x14, 0x17, 0x16, 0x17, 0x31, 0x16, 0x37, 0x36, 0x37, 0x31,
0x36, 0x37, 0x36, 0x37, 0x31, 0x36, 0x27, 0x26, 0x27, 0x31, 0x26, 0x27, 0x26, 0x23, 0x31, 0x23,
0x17, 0x16, 0x17, 0x16, 0x17, 0x31, 0x16, 0x31, 0x06, 0x27, 0x31, 0x26, 0x27, 0x26, 0x35, 0x31,
0x34, 0x27, 0x26, 0x23, 0x31, 0x22, 0x07, 0x06, 0x15, 0x01, 0x5C, 0x06, 0x06, 0x06, 0x03, 0x34,
0x24, 0x25, 0x1E, 0x1B, 0x0A, 0x0B, 0x0D, 0x0D, 0x27, 0x40, 0x03, 0x03, 0x0F, 0x0E, 0x04, 0x04,
0x02, 0x02, 0x62, 0x28, 0x26, 0x26, 0x0E, 0x16, 0x05, 0x05, 0x01, 0x02, 0x13, 0x14, 0x0D, 0x06,
0x01, 0x02, 0x01, 0x02, 0x08, 0x04, 0x03, 0x03, 0x04, 0x04, 0x09, 0x08, 0x10, 0x10, 0x10, 0x26,
0x26, 0x10, 0x10, 0x10, 0x08, 0x08, 0x04, 0x05, 0x02, 0x02, 0x03, 0x07, 0x07, 0x05, 0x01, 0x06,
0x01, 0x01, 0x01, 0x01, 0x03, 0x03, 0x0F, 0x09, 0x02, 0x02, 0x03, 0x01, 0x01, 0x02, 0x01, 0x01,
0x02, 0x02, 0x01, 0x01, 0x02, 0x01, 0x02, 0x04, 0x04, 0x01, 0x02, 0x01, 0x58, 0x40, 0x0D, 0x0E,
0x09, 0x08, 0x02, 0x03, 0x02, 0x02, 0x07, 0x0C, 0x0F, 0x0F, 0x2D, 0x20, 0x0B, 0x0B, 0x07, 0x0B,
0x01, 0x02, 0x02, 0x02, 0x01, 0x02, 0x6B, 0x04, 0x03, 0x54, 0x03, 0x04, 0x09, 0x12, 0x01, 0x13,
0x11, 0x35, 0x1E, 0x0D, 0x0E, 0x05, 0x04, 0x03, 0x04, 0x02, 0x01, 0x01, 0x01, 0x16, 0x0C, 0x08,
0x09, 0x06, 0x0A, 0x01, 0x02, 0x08, 0x03, 0x02, 0x03, 0x03, 0x03, 0x04, 0x04, 0x13, 0x01, 0x03,
0x01, 0x01, 0x02, 0x19, 0x01, 0x01, 0x0A, 0x0A, 0x04, 0x24, 0x05, 0x05, 0x07, 0x0C, 0x01, 0x01,
0x08, 0x0C, 0x05, 0x06, 0x01, 0x43, 0x0A, 0x0A, 0x36, 0x29, 0x09, 0x0A, 0x06, 0x04, 0x03, 0x03,
0x01, 0x01, 0x01, 0x02, 0x09, 0x09, 0x09, 0x09, 0x1E, 0x2B, 0x02, 0x01, 0x02, 0x02, 0x01, 0x03,
0x01, 0x06, 0x09, 0x06, 0x06, 0x02, 0x02, 0x08, 0x08, 0x01, 0x02, 0x02, 0xFE, 0x02, 0x01, 0x01,
0x01, 0x0D, 0x06, 0x07, 0x02, 0x02, 0x02, 0x02, 0x03, 0x04, 0x01, 0x02, 0x0E, 0x0A, 0x02, 0x02,
0x02, 0x02, 0x09, 0x0E, 0x03, 0x01, 0x01, 0x02, 0x01, 0x02, 0x08, 0x09, 0x0A, 0x0A, 0x02, 0x01,
0x06, 0x06, 0x1B, 0x1C, 0x06, 0x06, 0x01, 0x01, 0x02, 0x03, 0x03, 0x05, 0x01, 0x02, 0x01, 0x01,
0x38, 0x01, 0x01, 0x01, 0x02, 0x03, 0x02, 0x02, 0x03, 0x01, 0x03, 0x15, 0x16, 0x09, 0x06, 0x14,
0x15, 0x08, 0x02, 0x2F, 0x30, 0x40, 0x7B, 0x16, 0x16, 0x05, 0x03, 0x0B, 0x0C, 0x29, 0x14, 0x25,
0x25, 0x20, 0x24, 0x18, 0x18, 0x04, 0x03, 0x07, 0x07, 0x07, 0x08, 0x04, 0x05, 0x02, 0x03, 0x06,
0x07, 0x0E, 0x1A, 0x01, 0x02, 0x08, 0x07, 0x06, 0x07, 0x11, 0x0F, 0x07, 0x08, 0x09, 0x0D, 0x02,
0x03, 0x03, 0x02, 0x03, 0x03, 0x07, 0x0A, 0x53, 0x28, 0x16, 0x16, 0x27, 0x27, 0x48, 0x96, 0x96,
0x96, 0x1F, 0x12, 0x11, 0x11, 0x1A, 0x36, 0x15, 0x16, 0x14, 0x12, 0x01, 0x02, 0x04, 0x03, 0x02,
0x02, 0x0A, 0x0A, 0x0F, 0x22, 0x02, 0x02, 0x05, 0x09, 0x0A, 0x0B, 0x12, 0x08, 0x1B, 0x1B, 0x33,
0x4E, 0x10, 0x10, 0x05, 0x18, 0x03, 0x12, 0x13, 0x25, 0x47, 0x03, 0x48, 0x1D, 0x17, 0x17, 0x02,
0x07, 0x01, 0x06, 0x03, 0x02, 0x01, 0x01, 0x01, 0x01, 0x02, 0x04, 0x04, 0xEF, 0x26, 0x07, 0x07,
0x03, 0x01, 0x01, 0x01, 0x07, 0x04, 0x09, 0x0A, 0x0C, 0x11, 0x05, 0x06, 0x08, 0x08, 0x02, 0x02,
0x1D, 0x0C, 0x0B, 0x0B, 0x04, 0x06, 0x01, 0x05, 0x07, 0x0F, 0x10, 0x0F, 0x0B, 0x02, 0x03, 0x04,
0x05, 0x1B, 0x00, 0x00, 0x00, 0x08, 0x00, 0x00, 0xFF, 0xC0, 0x07, 0x5F, 0x03, 0xC0, 0x01, 0x11,
0x01, 0x26, 0x01, 0x35, 0x01, 0x49, 0x01, 0x5D, 0x01, 0x69, 0x01, 0x82, 0x01, 0xA1, 0x00, 0x00,
0x13, 0x31, 0x36, 0x37, 0x36, 0x33, 0x31, 0x32, 0x17, 0x16, 0x17, 0x31, 0x16, 0x17, 0x16, 0x17,
0x31, 0x16, 0x17, 0x16, 0x17, 0x31, 0x16, 0x17, 0x16, 0x21, 0x31, 0x20, 0x37, 0x36, 0x37, 0x31,
0x36, 0x37, 0x36, 0x37, 0x31, 0x36, 0x37, 0x36, 0x33, 0x31, 0x32, 0x17, 0x16, 0x17, 0x31, 0x16,
0x17, 0x16, 0x33, 0x31, 0x32, 0x17, 0x16, 0x17, 0x31, 0x16, 0x17, 0x16, 0x17, 0x31, 0x16, 0x17,
0x16, 0x17, 0x31, 0x14, 0x17, 0x16, 0x33, 0x31, 0x32, 0x17, 0x16, 0x15, 0x31, 0x14, 0x07, 0x06,
0x23, 0x31, 0x22, 0x07, 0x06, 0x07, 0x31, 0x06, 0x07, 0x06, 0x23, 0x31, 0x22, 0x07, 0x06, 0x07,
0x31, 0x06, 0x07, 0x06, 0x23, 0x31, 0x23, 0x15, 0x14, 0x07, 0x06, 0x23, 0x31, 0x22, 0x07, 0x06,
0x07, 0x31, 0x06, 0x07, 0x06, 0x07, 0x31, 0x06, 0x07, 0x06, 0x07, 0x31, 0x06, 0x07, 0x06, 0x07,
0x31, 0x06, 0x07, 0x06, 0x27, 0x31, 0x26, 0x27, 0x26, 0x27, 0x31, 0x26, 0x27, 0x26, 0x35, 0x31,
0x26, 0x07, 0x06, 0x07, 0x31, 0x0F, 0x01, 0x06, 0x07, 0x06, 0x07, 0x31, 0x06, 0x07, 0x06, 0x23,
0x31, 0x22, 0x07, 0x06, 0x07, 0x31, 0x06, 0x07, 0x06, 0x07, 0x31, 0x06, 0x07, 0x06, 0x17, 0x31,
0x16, 0x07, 0x06, 0x23, 0x31, 0x22, 0x07, 0x06, 0x07, 0x31, 0x0F, 0x01, 0x06, 0x27, 0x26, 0x35,
0x31, 0x34, 0x37, 0x36, 0x37, 0x31, 0x36, 0x37, 0x36, 0x23, 0x31, 0x22, 0x27, 0x26, 0x35, 0x31,
0x35, 0x37, 0x36, 0x37, 0x36, 0x37, 0x31, 0x37, 0x27, 0x26, 0x27, 0x26, 0x23, 0x31, 0x22, 0x27,
0x31, 0x26, 0x27, 0x26, 0x27, 0x31, 0x26, 0x27, 0x31, 0x26, 0x27, 0x26, 0x07, 0x31, 0x06, 0x27,
0x26, 0x27, 0x31, 0x26, 0x37, 0x36, 0x37, 0x31, 0x36, 0x37, 0x36, 0x35, 0x31, 0x34, 0x37, 0x36,
0x37, 0x31, 0x36, 0x37, 0x36, 0x35, 0x31, 0x34, 0x37, 0x36, 0x17, 0x31, 0x17, 0x35, 0x34, 0x37,
0x36, 0x37, 0x17, 0x31, 0x14, 0x17, 0x16, 0x33, 0x31, 0x32, 0x37, 0x36, 0x35, 0x31, 0x36, 0x27,
0x26, 0x23, 0x31, 0x22, 0x07, 0x06, 0x15, 0x37, 0x31, 0x16, 0x17, 0x16, 0x33, 0x31, 0x33, 0x27,
0x26, 0x27, 0x26, 0x27, 0x31, 0x27, 0x05, 0x31, 0x14, 0x17, 0x16, 0x33, 0x31, 0x32, 0x37, 0x36,
0x35, 0x31, 0x34, 0x27, 0x26, 0x23, 0x31, 0x22, 0x07, 0x06, 0x17, 0x31, 0x14, 0x17, 0x16, 0x33,
0x31, 0x32, 0x37, 0x36, 0x27, 0x31, 0x26, 0x27, 0x26, 0x23, 0x31, 0x22, 0x07, 0x06, 0x05, 0x07,
0x06, 0x15, 0x06, 0x17, 0x31, 0x16, 0x37, 0x36, 0x27, 0x31, 0x05, 0x31, 0x06, 0x07, 0x06, 0x17,
0x31, 0x16, 0x17, 0x16, 0x33, 0x31, 0x32, 0x37, 0x36, 0x27, 0x31, 0x26, 0x27, 0x26, 0x37, 0x31,
0x36, 0x07, 0x06, 0x17, 0x31, 0x06, 0x07, 0x06, 0x17, 0x31, 0x16, 0x17, 0x16, 0x17, 0x31, 0x16,
0x33, 0x16, 0x37, 0x31, 0x36, 0x37, 0x36, 0x35, 0x31, 0x34, 0x27, 0x26, 0x27, 0x31, 0x26, 0x23,
0x06, 0x07, 0xD7, 0x02, 0x0D, 0x0E, 0x13, 0x1F, 0x0F, 0x10, 0x28, 0x17, 0x1E, 0x1F, 0x13, 0x14,
0x0E, 0x0F, 0x02, 0x04, 0x4B, 0x4B, 0x01, 0x16, 0x01, 0x33, 0x41, 0x41, 0x19, 0x0F, 0x0E, 0x0F,
0x05, 0x07, 0x08, 0x09, 0x0C, 0x13, 0x06, 0x06, 0x05, 0x02, 0x03, 0x03, 0x0B, 0x06, 0x08, 0x08,
0x04, 0x05, 0x13, 0x14, 0x26, 0x1D, 0x15, 0x16, 0x01, 0x16, 0x16, 0x1E, 0x3C, 0x09, 0x0A, 0x09,
0x0A, 0x3C, 0x2D, 0x0E, 0x0F, 0x01, 0x02, 0x0D, 0x0E, 0x2A, 0x28, 0x10, 0x11, 0x05, 0x04, 0x07,
0x08, 0x07, 0x11, 0x04, 0x05, 0x17, 0x0B, 0x1A, 0x1B, 0x1A, 0x44, 0x2B, 0x2B, 0x1A, 0x0A, 0x08,
0x09, 0x02, 0x02, 0x08, 0x09, 0x0F, 0x0C, 0x09, 0x09, 0x01, 0x01, 0x02, 0x02, 0x02, 0x02, 0x02,
0x02, 0x01, 0x19, 0x1A, 0x24, 0x57, 0x11, 0x06, 0x09, 0x0A, 0x06, 0x0F, 0x0F, 0x10, 0x39, 0x1F,
0x0E, 0x0F, 0x02, 0x02, 0x0A, 0x0A, 0x0C, 0x0F, 0x06, 0x06, 0x02, 0x02, 0x05, 0x06, 0x09, 0x0D,
0x07, 0x07, 0x11, 0x15, 0x5D, 0x3B, 0x11, 0x12, 0x06, 0x06, 0x09, 0x0E, 0x01, 0x02, 0x06, 0x06,
0x01, 0x02, 0x29, 0x12, 0x0F, 0x10, 0x04, 0x0C, 0x0E, 0x07, 0x06, 0x06, 0x06, 0x07, 0x2C, 0x2B,
0x34, 0x34, 0x30, 0x30, 0x10, 0x0C, 0x09, 0x09, 0x08, 0x08, 0x05, 0x05, 0x05, 0x0A, 0x02, 0x02,
0x11, 0x0B, 0x05, 0x05, 0x02, 0x03, 0x04, 0x04, 0x02, 0x03, 0x03, 0x03, 0x08, 0x0E, 0x01, 0x01,
0x01, 0x1D, 0x02, 0x02, 0x03, 0x02, 0x03, 0x03, 0x02, 0x01, 0x02, 0x05, 0x05, 0x02, 0x02, 0x26,
0x07, 0x07, 0x08, 0x1C, 0x27, 0x14, 0x09, 0x0E, 0x0F, 0x0C, 0x1E, 0x04, 0x01, 0x11, 0x11, 0x1C,
0x1D, 0x11, 0x11, 0x11, 0x11, 0x1D, 0x1C, 0x11, 0x11, 0x86, 0x04, 0x04, 0x06, 0x06, 0x03, 0x04,
0x02, 0x01, 0x04, 0x04, 0x05, 0x04, 0x03, 0x04, 0xFB, 0x0E, 0x10, 0x0C, 0x01, 0x0B, 0x09, 0x05,
0x06, 0x01, 0x02, 0x6C, 0x10, 0x05, 0x05, 0x06, 0x04, 0x05, 0x06, 0x18, 0x12, 0x05, 0x06, 0x06,
0x11, 0x05, 0x05, 0x09, 0x05, 0x07, 0x08, 0x1E, 0x08, 0x02, 0x03, 0x05, 0x02, 0x06, 0x06, 0x07,
0x0A, 0x05, 0x06, 0x09, 0x0D, 0x05, 0x05, 0x02, 0x02, 0x06, 0x0B, 0x13, 0x13, 0x07, 0x02, 0xE0,
0x01, 0x01, 0x01, 0x03, 0x03, 0x0F, 0x09, 0x08, 0x09, 0x04, 0x04, 0x04, 0x05, 0x03, 0x04, 0x01,
0x02, 0x01, 0x02, 0x06, 0x04, 0x05, 0x06, 0x04, 0x05, 0x02, 0x02, 0x06, 0x07, 0x1A, 0x0B, 0x02,
0x03, 0x02, 0x02, 0x03, 0x03, 0x02, 0x03, 0x02, 0x01, 0x02, 0x02, 0x02, 0x01, 0x01, 0x02, 0x03,
0x04, 0x17, 0x17, 0x03, 0x04, 0x01, 0x01, 0x05, 0x04, 0x01, 0x02, 0x01, 0x01, 0x04, 0x03, 0x02,
0x02, 0x1E, 0x20, 0x06, 0x06, 0x01, 0x02, 0x02, 0x05, 0x0E, 0x0E, 0x18, 0x0A, 0x09, 0x09, 0x03,
0x04, 0x03, 0x04, 0x02, 0x02, 0x01, 0x01, 0x01, 0x01, 0x10, 0x10, 0x15, 0x16, 0x0F, 0x10, 0x01,
0x01, 0x02, 0x03, 0x05, 0x0A, 0x11, 0x07, 0x0E, 0x0E, 0x0D, 0x1F, 0x06, 0x07, 0x01, 0x02, 0x03,
0x03, 0x14, 0x15, 0x1A, 0x23, 0x12, 0x12, 0x06, 0x0F, 0x0D, 0x0D, 0x0A, 0x0B, 0x28, 0x34, 0x01,
0x01, 0x01, 0x01, 0x04, 0x03, 0x10, 0x10, 0x14, 0x22, 0x07, 0x08, 0x05, 0x06, 0x15, 0x21, 0x44,
0x1C, 0x1B, 0x1C, 0x0B, 0x1A, 0x13, 0x0A, 0x04, 0x05, 0x0D, 0x0C, 0x11, 0x11, 0x11, 0x10, 0x07,
0x06, 0x02, 0x02, 0x01, 0x02, 0x01, 0x02, 0x04, 0x09, 0x06, 0x07, 0x11, 0x0B, 0x07, 0x08, 0x07,
0x05, 0x09, 0x0A, 0x08, 0x09, 0x08, 0x09, 0x04, 0x06, 0x01, 0x02, 0x01, 0x02, 0x1D, 0x0D, 0x09,
0x0A, 0x01, 0x24, 0x05, 0x03, 0x04, 0x03, 0x04, 0x05, 0x07, 0x02, 0x02, 0x02, 0x03, 0x06, 0x01,
0x09, 0x01, 0x02, 0x0A, 0x04, 0x03, 0x04, 0x01, 0x02, 0x59, 0x02, 0x01, 0x02, 0x01, 0x02, 0x02,
0x02, 0x01, 0x01, 0x01, 0x01, 0x02, 0x02, 0x01, 0x02, 0x01, 0x02, 0x02, 0x02, 0x01, 0x01, 0x01,
0x01, 0x2B, 0x10, 0x0D, 0x08, 0x09, 0x04, 0x03, 0x08, 0x09, 0x11, 0xA1, 0x0E, 0x0E, 0x0E, 0x0C,
0x08, 0x01, 0x02, 0x01, 0x01, 0x03, 0x06, 0x15, 0x15, 0x16, 0x0A, 0x03, 0x03, 0x04, 0x09, 0x0F,
0x10, 0x09, 0x04, 0x05, 0x06, 0x04, 0x05, 0x01, 0x03, 0x06, 0x09, 0x09, 0x14, 0x0C, 0x06, 0x06,
0x04, 0x07, 0x01, 0x07, 0x00, 0x01, 0x00, 0x00, 0xFF, 0xC0, 0x02, 0x86, 0x03, 0xC0, 0x00, 0x5F,
0x00, 0x00, 0x01, 0x31, 0x06, 0x07, 0x06, 0x07, 0x31, 0x06, 0x07, 0x06, 0x15, 0x31, 0x14, 0x07,
0x06, 0x07, 0x31, 0x06, 0x07, 0x06, 0x07, 0x31, 0x0F, 0x01, 0x06, 0x07, 0x06, 0x17, 0x31, 0x16,
0x17, 0x31, 0x16, 0x17, 0x16, 0x17, 0x31, 0x16, 0x17, 0x31, 0x32, 0x37, 0x36, 0x37, 0x31, 0x37,
0x27, 0x26, 0x37, 0x36, 0x37, 0x31, 0x36, 0x37, 0x36, 0x37, 0x31, 0x36, 0x37, 0x36, 0x35, 0x31,
0x34, 0x37, 0x36, 0x17, 0x31, 0x16, 0x07, 0x06, 0x07, 0x31, 0x06, 0x07, 0x06, 0x17, 0x31, 0x16,
0x17, 0x16, 0x37, 0x31, 0x36, 0x37, 0x36, 0x35, 0x31, 0x34, 0x27, 0x26, 0x27, 0x31, 0x26, 0x23,
0x06, 0x07, 0x02, 0x2A, 0x06, 0x08, 0x09, 0x05, 0x06, 0x04, 0x04, 0x0D, 0x0E, 0x12, 0x1E, 0x0D,
0x0E, 0x17, 0x22, 0x5E, 0x27, 0x1B, 0x1B, 0x01, 0x01, 0x16, 0x17, 0x1C, 0x1C, 0x1A, 0x19, 0x08,
0x03, 0x1F, 0x1F, 0x28, 0x61, 0x0A, 0x06, 0x02, 0x03, 0x10, 0x0A, 0x0A, 0x0B, 0x05, 0x05, 0x03,
0x04, 0x02, 0x03, 0x03, 0x0E, 0x07, 0x07, 0x18, 0x18, 0x05, 0x05, 0x0A, 0x08, 0x13, 0x14, 0x0C,
0x13, 0x0C, 0x0D, 0x06, 0x07, 0x11, 0x0C, 0x12, 0x13, 0x0D, 0x02, 0xB4, 0x06, 0x05, 0x06, 0x02,
0x02, 0x05, 0x05, 0x05, 0x05, 0x18, 0x18, 0x1D, 0x2E, 0x0F, 0x0F, 0x08, 0x0D, 0xC2, 0x50, 0x3C,
0x3D, 0x05, 0x04, 0x0E, 0x0E, 0x0F, 0x0F, 0x0C, 0x0C, 0x01, 0x3A, 0x3B, 0x52, 0xC7, 0x24, 0x19,
0x10, 0x10, 0x2D, 0x1C, 0x19, 0x1A, 0x09, 0x08, 0x0B, 0x0C, 0x07, 0x07, 0x03, 0x04, 0x02, 0x09,
0x29, 0x2A, 0x31, 0x33, 0x1C, 0x1D, 0x1B, 0x13, 0x01, 0x01, 0x13, 0x1E, 0x33, 0x33, 0x32, 0x32,
0x1B, 0x1C, 0x14, 0x0E, 0x01, 0x0E, 0x00, 0x00, 0x00, 0x03, 0x00, 0x00, 0xFF, 0xC0, 0x07, 0xE8,
0x03, 0xC0, 0x01, 0x4E, 0x01, 0x62, 0x01, 0x8A, 0x00, 0x00, 0x01, 0x31, 0x36, 0x37, 0x36, 0x17,
0x31, 0x16, 0x17, 0x16, 0x17, 0x31, 0x16, 0x17, 0x16, 0x17, 0x31, 0x16, 0x17, 0x16, 0x15, 0x31,
0x15, 0x21, 0x32, 0x17, 0x16, 0x17, 0x31, 0x16, 0x17, 0x16, 0x07, 0x31, 0x07, 0x21, 0x22, 0x07,
0x06, 0x15, 0x31, 0x14, 0x07, 0x06, 0x07, 0x31, 0x06, 0x07, 0x06, 0x27, 0x31, 0x25, 0x27, 0x26,
0x27, 0x26, 0x23, 0x31, 0x22, 0x07, 0x06, 0x17, 0x31, 0x16, 0x17, 0x16, 0x17, 0x31, 0x14, 0x17,
0x16, 0x17, 0x31, 0x16, 0x15, 0x16, 0x07, 0x31, 0x06, 0x17, 0x31, 0x16, 0x17, 0x16, 0x17, 0x31,
0x16, 0x17, 0x31, 0x16, 0x17, 0x16, 0x17, 0x31, 0x16, 0x17, 0x16, 0x07, 0x31, 0x06, 0x07, 0x06,
0x07, 0x31, 0x07, 0x27, 0x26, 0x27, 0x31, 0x26, 0x27, 0x26, 0x27, 0x31, 0x26, 0x27, 0x31, 0x26,
0x27, 0x26, 0x07, 0x31, 0x06, 0x07, 0x06, 0x07, 0x31, 0x06, 0x07, 0x06, 0x23, 0x31, 0x22, 0x35,
0x34, 0x37, 0x31, 0x37, 0x23, 0x07, 0x06, 0x07, 0x06, 0x07, 0x31, 0x06, 0x23, 0x26, 0x27, 0x31,
0x26, 0x07, 0x06, 0x07, 0x31, 0x06, 0x07, 0x06, 0x15, 0x31, 0x14, 0x07, 0x06, 0x07, 0x31, 0x06,
0x07, 0x06, 0x15, 0x31, 0x14, 0x07, 0x06, 0x07, 0x31, 0x06, 0x07, 0x06, 0x07, 0x31, 0x06, 0x07,
0x06, 0x07, 0x31, 0x07, 0x27, 0x26, 0x27, 0x26, 0x27, 0x31, 0x26, 0x37, 0x36, 0x37, 0x31, 0x36,
0x37, 0x36, 0x37, 0x31, 0x36, 0x27, 0x26, 0x27, 0x31, 0x26, 0x23, 0x26, 0x23, 0x31, 0x22, 0x27,
0x26, 0x27, 0x31, 0x26, 0x27, 0x26, 0x07, 0x31, 0x06, 0x07, 0x06, 0x23, 0x31, 0x22, 0x27, 0x26,
0x37, 0x31, 0x36, 0x37, 0x36, 0x37, 0x31, 0x37, 0x07, 0x06, 0x07, 0x06, 0x07, 0x31, 0x06, 0x07,
0x06, 0x07, 0x31, 0x06, 0x27, 0x26, 0x27, 0x31, 0x26, 0x27, 0x26, 0x37, 0x31, 0x36, 0x37, 0x36,
0x37, 0x31, 0x36, 0x37, 0x36, 0x35, 0x31, 0x36, 0x37, 0x36, 0x35, 0x31, 0x36, 0x37, 0x36, 0x17,
0x31, 0x16, 0x17, 0x16, 0x33, 0x31, 0x17, 0x3F, 0x02, 0x36, 0x37, 0x36, 0x17, 0x31, 0x16, 0x33,
0x36, 0x35, 0x31, 0x34, 0x37, 0x36, 0x17, 0x31, 0x16, 0x17, 0x16, 0x17, 0x31, 0x16, 0x17, 0x16,
0x07, 0x31, 0x06, 0x17, 0x16, 0x37, 0x31, 0x32, 0x33, 0x31, 0x36, 0x33, 0x16, 0x17, 0x31, 0x16,
0x17, 0x31, 0x17, 0x27, 0x26, 0x35, 0x34, 0x37, 0x05, 0x31, 0x14, 0x17, 0x16, 0x17, 0x31, 0x16,
0x31, 0x32, 0x35, 0x31, 0x34, 0x27, 0x26, 0x27, 0x31, 0x26, 0x23, 0x06, 0x05, 0x31, 0x06, 0x07,
0x06, 0x07, 0x31, 0x06, 0x17, 0x16, 0x37, 0x31, 0x3F, 0x01, 0x36, 0x27, 0x26, 0x23, 0x31, 0x22,
0x07, 0x06, 0x17, 0x31, 0x17, 0x27, 0x26, 0x27, 0x26, 0x27, 0x31, 0x26, 0x27, 0x26, 0x23, 0x31,
0x22, 0x07, 0x06, 0x07, 0x05, 0x6E, 0x02, 0x03, 0x03, 0x06, 0x06, 0x03, 0x04, 0x05, 0x04, 0x04,
0x05, 0x02, 0x03, 0x02, 0x02, 0x01, 0x1D, 0xC9, 0x2B, 0x2B, 0x02, 0x05, 0x01, 0x01, 0x04, 0x06,
0xFE, 0xE3, 0xD0, 0x27, 0x27, 0x02, 0x02, 0x03, 0x03, 0x3D, 0x3D, 0x8D, 0xFE, 0xFC, 0x01, 0x01,
0x03, 0x03, 0x04, 0x06, 0x02, 0x03, 0x06, 0x01, 0x01, 0x02, 0x01, 0x01, 0x02, 0x02, 0x02, 0x01,
0x01, 0x02, 0x0A, 0x09, 0x10, 0x11, 0x15, 0x15, 0x13, 0x0F, 0x14, 0x14, 0x0D, 0x0D, 0x08, 0x09,
0x02, 0x01, 0x0B, 0x0C, 0x0F, 0x23, 0x20, 0x19, 0x1D, 0x1C, 0x1A, 0x1A, 0x15, 0x16, 0x0C, 0x06,
0x03, 0x04, 0x0E, 0x0D, 0x03, 0x03, 0x03, 0x02, 0x02, 0x03, 0x01, 0x04, 0x04, 0x04, 0x24, 0x15,
0x09, 0x08, 0x08, 0x02, 0x05, 0x23, 0x24, 0x21, 0x18, 0x06, 0x07, 0x06, 0x03, 0x02, 0x03, 0x03,
0x04, 0x04, 0x05, 0x03, 0x04, 0x03, 0x03, 0x05, 0x05, 0x04, 0x04, 0x01, 0x02, 0x03, 0x04, 0x05,
0x0A, 0x3C, 0x1F, 0x0E, 0x0F, 0x01, 0x01, 0x15, 0x16, 0x13, 0x0E, 0x05, 0x05, 0x01, 0x03, 0x11,
0x11, 0x33, 0x10, 0x0C, 0x0D, 0x01, 0x02, 0x01, 0x02, 0x01, 0x02, 0x02, 0x02, 0x03, 0x02, 0x07,
0x07, 0x08, 0x12, 0x04, 0x05, 0x08, 0x03, 0x03, 0x03, 0x01, 0x04, 0x0C, 0x0A, 0x06, 0x07, 0x0D,
0x05, 0x06, 0x06, 0x02, 0x07, 0x0C, 0x0C, 0x09, 0x05, 0x02, 0x02, 0x01, 0x01, 0x01, 0x02, 0x02,
0x01, 0x01, 0x02, 0x03, 0x02, 0x03, 0x01, 0x06, 0x06, 0x20, 0x0C, 0x0E, 0x0F, 0x09, 0x14, 0x14,
0x85, 0x02, 0x01, 0x0A, 0x0B, 0x0B, 0x06, 0x01, 0x02, 0x02, 0x02, 0x02, 0x02, 0x07, 0x07, 0x07,
0x0C, 0x02, 0x03, 0x02, 0x03, 0x0D, 0x0D, 0x4B, 0x23, 0x22, 0x21, 0x37, 0x38, 0x5B, 0x5B, 0x97,
0xF4, 0x03, 0x01, 0x01, 0xFB, 0x94, 0x01, 0x02, 0x02, 0x03, 0x01, 0x01, 0x01, 0x02, 0x02, 0x01,
0x02, 0x01, 0x28, 0x02, 0x03, 0x03, 0x02, 0x07, 0x0B, 0x0C, 0x37, 0x3B, 0x0B, 0x0F, 0x02, 0x03,
0x2A, 0x2A, 0x06, 0x07, 0x04, 0x03, 0x09, 0x04, 0x03, 0x04, 0x02, 0x02, 0x02, 0x02, 0x08, 0x06,
0x03, 0x04, 0x02, 0x02, 0xF3, 0x07, 0x02, 0x03, 0x01, 0x01, 0x06, 0x06, 0x10, 0x0C, 0x0B, 0x0C,
0x05, 0x05, 0x0A, 0x0A, 0x08, 0x16, 0x01, 0x01, 0x06, 0x0C, 0x21, 0x21, 0x0E, 0x14, 0x01, 0x01,
0x06, 0x04, 0x04, 0x04, 0x02, 0x03, 0x01, 0x01, 0x01, 0x01, 0x0A, 0x05, 0x03, 0x03, 0x06, 0x06,
0x04, 0x01, 0x04, 0x05, 0x06, 0x06, 0x07, 0x08, 0x05, 0x05, 0x04, 0x05, 0x02, 0x04, 0x19, 0x1A,
0x23, 0x24, 0x28, 0x27, 0x21, 0x18, 0x1F, 0x1F, 0x13, 0x13, 0x0E, 0x0F, 0x01, 0x02, 0x09, 0x09,
0x0C, 0x1B, 0x2C, 0x22, 0x2E, 0x2E, 0x30, 0x30, 0x2D, 0x2E, 0x22, 0x12, 0x02, 0x03, 0x01, 0x01,
0x03, 0x03, 0x10, 0x09, 0x06, 0x07, 0x06, 0x06, 0x0E, 0x0F, 0x2A, 0x12, 0x0D, 0x0E, 0x01, 0x04,
0x01, 0x04, 0x02, 0x01, 0x01, 0x06, 0x04, 0x05, 0x06, 0x04, 0x04, 0x08, 0x09, 0x07, 0x08, 0x08,
0x09, 0x04, 0x04, 0x09, 0x0A, 0x09, 0x09, 0x0B, 0x0C, 0x07, 0x07, 0x08, 0x08, 0x04, 0x09, 0x20,
0x10, 0x0A, 0x0A, 0x04, 0x0C, 0x32, 0x33, 0x1B, 0x15, 0x0B, 0x0C, 0x10, 0x25, 0x0E, 0x0E, 0x02,
0x01, 0x01, 0x03, 0x03, 0x04, 0x05, 0x01, 0x01, 0x03, 0x02, 0x01, 0x02, 0x08, 0x08, 0x0F, 0x05,
0x07, 0x08, 0x05, 0x0B, 0x0A, 0x0A, 0x14, 0x15, 0x44, 0x1E, 0x16, 0x17, 0x02, 0x04, 0x01, 0x01,
0x05, 0x04, 0x04, 0x05, 0x07, 0x05, 0x0C, 0x0C, 0x0B, 0x0C, 0x08, 0x09, 0x01, 0x0C, 0x26, 0x27,
0x29, 0x3F, 0x0A, 0x0B, 0x04, 0x01, 0x01, 0x02, 0x01, 0x41, 0x05, 0x11, 0x10, 0x07, 0x07, 0x07,
0x04, 0x01, 0x05, 0x03, 0x01, 0x02, 0x01, 0x01, 0x02, 0x03, 0x03, 0x04, 0x03, 0x03, 0x07, 0x12,
0x03, 0x03, 0x01, 0x01, 0x01, 0x01, 0x01, 0x01, 0x03, 0x17, 0x0A, 0x0A, 0x0A, 0x05, 0xD9, 0x02,
0x03, 0x03, 0x03, 0x04, 0x05, 0x03, 0x03, 0x03, 0x02, 0x01, 0x01, 0x93, 0x05, 0x09, 0x09, 0x08,
0x16, 0x05, 0x06, 0x02, 0x01, 0x1B, 0x25, 0x03, 0x04, 0x05, 0x06, 0x22, 0x1A, 0x0A, 0x05, 0x0A,
0x0A, 0x0B, 0x11, 0x04, 0x04, 0x02, 0x03, 0x05, 0x00, 0x07, 0x00, 0x00, 0xFF, 0xC0, 0x05, 0x3A,
0x03, 0xC0, 0x02, 0x42, 0x02, 0x51, 0x02, 0x65, 0x02, 0x7A, 0x02, 0x89, 0x02, 0x98, 0x02, 0xBE,
0x00, 0x00, 0x01, 0x31, 0x34, 0x37, 0x36, 0x17, 0x31, 0x16, 0x17, 0x16, 0x15, 0x31, 0x14, 0x15,
0x16, 0x17, 0x31, 0x16, 0x17, 0x16, 0x17, 0x31, 0x16, 0x17, 0x16, 0x17, 0x31, 0x16, 0x17, 0x16,
0x37, 0x31, 0x36, 0x33, 0x32, 0x17, 0x31, 0x16, 0x33, 0x32, 0x37, 0x31, 0x36, 0x33, 0x32, 0x17,
0x31, 0x16, 0x33, 0x32, 0x37, 0x31, 0x36, 0x33, 0x32, 0x17, 0x31, 0x16, 0x33, 0x32, 0x37, 0x31,
0x36, 0x33, 0x32, 0x17, 0x31, 0x16, 0x33, 0x32, 0x37, 0x31, 0x36, 0x33, 0x32, 0x17, 0x31, 0x16,
0x33, 0x32, 0x37, 0x31, 0x36, 0x33, 0x32, 0x17, 0x31, 0x16, 0x33, 0x32, 0x37, 0x31, 0x36, 0x33,
0x32, 0x17, 0x31, 0x16, 0x33, 0x32, 0x37, 0x31, 0x36, 0x33, 0x32, 0x17, 0x31, 0x16, 0x33, 0x32,
0x37, 0x31, 0x36, 0x33, 0x32, 0x17, 0x31, 0x16, 0x33, 0x32, 0x37, 0x31, 0x36, 0x33, 0x32, 0x17,
0x31, 0x16, 0x33, 0x32, 0x37, 0x31, 0x36, 0x33, 0x32, 0x17, 0x31, 0x16, 0x33, 0x36, 0x37, 0x31,
0x36, 0x33, 0x32, 0x17, 0x31, 0x16, 0x33, 0x32, 0x37, 0x31, 0x36, 0x33, 0x32, 0x17, 0x31, 0x16,
0x33, 0x32, 0x37, 0x31, 0x36, 0x33, 0x32, 0x17, 0x31, 0x16, 0x33, 0x32, 0x37, 0x31, 0x36, 0x33,
0x32, 0x17, 0x31, 0x16, 0x33, 0x32, 0x37, 0x31, 0x36, 0x33, 0x32, 0x17, 0x31, 0x16, 0x33, 0x32,
0x37, 0x31, 0x36, 0x33, 0x32, 0x17, 0x31, 0x16, 0x33, 0x32, 0x37, 0x31, 0x36, 0x33, 0x32, 0x17,
0x31, 0x16, 0x33, 0x32, 0x37, 0x31, 0x36, 0x33, 0x32, 0x17, 0x31, 0x16, 0x33, 0x32, 0x37, 0x31,
0x36, 0x33, 0x32, 0x17, 0x31, 0x16, 0x33, 0x32, 0x37, 0x31, 0x36, 0x33, 0x36, 0x17, 0x31, 0x16,
0x17, 0x16, 0x33, 0x31, 0x32, 0x37, 0x36, 0x37, 0x31, 0x36, 0x33, 0x16, 0x17, 0x31, 0x16, 0x33,
0x32, 0x37, 0x31, 0x36, 0x33, 0x36, 0x17, 0x31, 0x16, 0x17, 0x16, 0x33, 0x31, 0x32, 0x37, 0x36,
0x37, 0x31, 0x36, 0x33, 0x16, 0x17, 0x31, 0x16, 0x37, 0x36, 0x37, 0x31, 0x36, 0x37, 0x36, 0x33,
0x31, 0x33, 0x37, 0x36, 0x37, 0x36, 0x33, 0x31, 0x32, 0x17, 0x16, 0x17, 0x31, 0x16, 0x17, 0x16,
0x17, 0x31, 0x16, 0x15, 0x14, 0x07, 0x31, 0x06, 0x15, 0x06, 0x17, 0x31, 0x16, 0x17, 0x16, 0x15,
0x31, 0x14, 0x17, 0x16, 0x33, 0x31, 0x32, 0x17, 0x16, 0x17, 0x31, 0x16, 0x17, 0x16, 0x17, 0x31,
0x16, 0x17, 0x16, 0x17, 0x31, 0x16, 0x17, 0x16, 0x33, 0x31, 0x32, 0x17, 0x16, 0x17, 0x31, 0x16,
0x33, 0x32, 0x37, 0x31, 0x36, 0x37, 0x36, 0x33, 0x31, 0x33, 0x15, 0x27, 0x26, 0x23, 0x06, 0x07,
0x31, 0x06, 0x17, 0x16, 0x17, 0x31, 0x16, 0x07, 0x06, 0x27, 0x31, 0x26, 0x27, 0x26, 0x07, 0x31,
0x06, 0x07, 0x06, 0x07, 0x31, 0x06, 0x07, 0x06, 0x07, 0x31, 0x06, 0x07, 0x06, 0x27, 0x31, 0x26,
0x27, 0x26, 0x27, 0x31, 0x2F, 0x01, 0x26, 0x35, 0x34, 0x37, 0x31, 0x36, 0x35, 0x34, 0x27, 0x31,
0x26, 0x27, 0x26, 0x35, 0x31, 0x2F, 0x01, 0x22, 0x07, 0x06, 0x07, 0x31, 0x06, 0x07, 0x06, 0x07,
0x31, 0x06, 0x07, 0x06, 0x07, 0x31, 0x06, 0x07, 0x06, 0x23, 0x31, 0x22, 0x07, 0x06, 0x07, 0x31,
0x06, 0x07, 0x06, 0x27, 0x31, 0x26, 0x15, 0x14, 0x17, 0x31, 0x16, 0x17, 0x16, 0x17, 0x31, 0x16,
0x15, 0x06, 0x07, 0x31, 0x06, 0x17, 0x31, 0x16, 0x17, 0x16, 0x17, 0x31, 0x16, 0x17, 0x31, 0x16,
0x17, 0x16, 0x15, 0x31, 0x14, 0x07, 0x06, 0x07, 0x31, 0x06, 0x23, 0x22, 0x35, 0x31, 0x34, 0x37,
0x36, 0x33, 0x31, 0x32, 0x35, 0x26, 0x27, 0x31, 0x26, 0x27, 0x26, 0x35, 0x31, 0x35, 0x27, 0x26,
0x27, 0x26, 0x27, 0x31, 0x26, 0x37, 0x36, 0x37, 0x31, 0x36, 0x35, 0x36, 0x27, 0x31, 0x27, 0x25,
0x07, 0x06, 0x07, 0x06, 0x07, 0x31, 0x06, 0x27, 0x26, 0x35, 0x31, 0x35, 0x33, 0x35, 0x34, 0x37,
0x36, 0x37, 0x31, 0x36, 0x17, 0x16, 0x17, 0x31, 0x16, 0x37, 0x36, 0x37, 0x31, 0x36, 0x37, 0x36,
0x33, 0x31, 0x32, 0x37, 0x36, 0x37, 0x31, 0x36, 0x37, 0x36, 0x33, 0x31, 0x32, 0x37, 0x36, 0x37,
0x31, 0x36, 0x37, 0x36, 0x35, 0x05, 0x31, 0x06, 0x17, 0x16, 0x37, 0x31, 0x32, 0x37, 0x36, 0x35,
0x31, 0x34, 0x27, 0x26, 0x17, 0x31, 0x14, 0x17, 0x16, 0x33, 0x31, 0x16, 0x37, 0x36, 0x35, 0x31,
0x34, 0x27, 0x26, 0x23, 0x31, 0x22, 0x07, 0x06, 0x07, 0x31, 0x06, 0x17, 0x16, 0x33, 0x31, 0x32,
0x37, 0x36, 0x27, 0x31, 0x26, 0x27, 0x26, 0x23, 0x31, 0x22, 0x07, 0x06, 0x07, 0x05, 0x31, 0x16,
0x33, 0x32, 0x37, 0x31, 0x36, 0x23, 0x26, 0x23, 0x31, 0x22, 0x23, 0x06, 0x07, 0x31, 0x06, 0x17,
0x16, 0x33, 0x31, 0x32, 0x37, 0x36, 0x27, 0x31, 0x26, 0x23, 0x22, 0x05, 0x31, 0x14, 0x17, 0x16,
0x17, 0x31, 0x16, 0x17, 0x16, 0x23, 0x31, 0x22, 0x27, 0x26, 0x27, 0x31, 0x26, 0x07, 0x06, 0x17,
0x31, 0x16, 0x17, 0x16, 0x33, 0x31, 0x32, 0x37, 0x36, 0x37, 0x31, 0x36, 0x27, 0x26, 0x23, 0x31,
0x23, 0x01, 0x7A, 0x01, 0x02, 0x02, 0x02, 0x01, 0x01, 0x01, 0x01, 0x01, 0x08, 0x08, 0x0A, 0x10,
0x04, 0x05, 0x01, 0x01, 0x04, 0x04, 0x04, 0x01, 0x02, 0x02, 0x03, 0x02, 0x03, 0x03, 0x03, 0x04,
0x02, 0x02, 0x03, 0x02, 0x01, 0x02, 0x03, 0x03, 0x02, 0x02, 0x05, 0x04, 0x03, 0x03, 0x03, 0x03,
0x03, 0x03, 0x03, 0x03, 0x02, 0x02, 0x03, 0x02, 0x02, 0x02, 0x05, 0x05, 0x02, 0x02, 0x03, 0x03,
0x01, 0x02, 0x03, 0x02, 0x02, 0x03, 0x04, 0x05, 0x02, 0x03, 0x02, 0x03, 0x02, 0x02, 0x03, 0x03,
0x02, 0x03, 0x04, 0x04, 0x02, 0x02, 0x02, 0x03, 0x02, 0x02, 0x05, 0x05, 0x02, 0x02, 0x03, 0x02,
0x02, 0x02, 0x02, 0x03, 0x02, 0x02, 0x03, 0x03, 0x03, 0x03, 0x05, 0x06, 0x02, 0x03, 0x03, 0x03,
0x01, 0x02, 0x02, 0x03, 0x02, 0x02, 0x05, 0x05, 0x02, 0x02, 0x03, 0x02, 0x02, 0x02, 0x04, 0x03,
0x02, 0x03, 0x04, 0x03, 0x02, 0x03, 0x03, 0x03, 0x02, 0x03, 0x03, 0x04, 0x03, 0x03, 0x04, 0x04,
0x02, 0x03, 0x02, 0x03, 0x02, 0x02, 0x03, 0x03, 0x02, 0x03, 0x04, 0x03, 0x02, 0x03, 0x03, 0x03,
0x02, 0x03, 0x04, 0x04, 0x02, 0x02, 0x02, 0x03, 0x02, 0x02, 0x05, 0x04, 0x03, 0x03, 0x04, 0x05,
0x02, 0x02, 0x03, 0x02, 0x02, 0x02, 0x03, 0x03, 0x01, 0x02, 0x01, 0x01, 0x02, 0x03, 0x03, 0x02,
0x02, 0x03, 0x01, 0x01, 0x02, 0x02, 0x05, 0x05, 0x02, 0x02, 0x03, 0x03, 0x01, 0x02, 0x01, 0x01,
0x02, 0x03, 0x03, 0x02, 0x02, 0x03, 0x01, 0x01, 0x02, 0x02, 0x04, 0x05, 0x02, 0x03, 0x03, 0x03,
0x05, 0x05, 0x13, 0x1B, 0x02, 0x01, 0x01, 0x02, 0x06, 0x06, 0x02, 0x02, 0x02, 0x01, 0x03, 0x03,
0x08, 0x0B, 0x0C, 0x07, 0x01, 0x07, 0x04, 0x03, 0x03, 0x01, 0x02, 0x03, 0x02, 0x08, 0x09, 0x09,
0x09, 0x0A, 0x0B, 0x06, 0x0B, 0x03, 0x04, 0x08, 0x07, 0x04, 0x04, 0x05, 0x03, 0x03, 0x04, 0x01,
0x02, 0x01, 0x02, 0x03, 0x02, 0x0F, 0x10, 0x16, 0x32, 0x3A, 0x17, 0x12, 0x12, 0x01, 0x01, 0x01,
0x02, 0x03, 0x08, 0x06, 0x06, 0x10, 0x0A, 0x09, 0x0A, 0x11, 0x09, 0x04, 0x05, 0x07, 0x08, 0x01,
0x02, 0x01, 0x01, 0x01, 0x02, 0x06, 0x03, 0x0C, 0x0D, 0x0F, 0x23, 0x02, 0x01, 0x01, 0x01, 0x02,
0x01, 0x01, 0x02, 0x01, 0x4D, 0x23, 0x17, 0x18, 0x04, 0x05, 0x03, 0x04, 0x03, 0x05, 0x05, 0x05,
0x0D, 0x09, 0x0C, 0x0C, 0x1B, 0x17, 0x0E, 0x0F, 0x07, 0x05, 0x04, 0x05, 0x01, 0x03, 0x04, 0x02,
0x03, 0x03, 0x02, 0x04, 0x01, 0x03, 0x06, 0x04, 0x03, 0x08, 0x08, 0x0A, 0x0A, 0x07, 0x03, 0x01,
0x02, 0x0F, 0x0F, 0x21, 0x3B, 0x0F, 0x0F, 0x02, 0x02, 0x03, 0x06, 0x01, 0x0C, 0x0B, 0x08, 0x09,
0x13, 0x0C, 0x04, 0x05, 0x02, 0x04, 0x01, 0x02, 0x06, 0x05, 0x01, 0x03, 0x05, 0xFE, 0xF9, 0x0B,
0x09, 0x09, 0x09, 0x13, 0x1B, 0x03, 0x03, 0x3C, 0x02, 0x02, 0x06, 0x05, 0x04, 0x04, 0x03, 0x07,
0x0C, 0x0C, 0x0A, 0x06, 0x06, 0x06, 0x05, 0x05, 0x04, 0x04, 0x01, 0x01, 0x03, 0x03, 0x03, 0x03,
0x05, 0x06, 0x04, 0x07, 0x02, 0x02, 0x02, 0x3A, 0x05, 0x08, 0x08, 0x11, 0x0C, 0x05, 0x06, 0x17,
0x18, 0x57, 0x04, 0x05, 0x09, 0x0C, 0x03, 0x03, 0x03, 0x04, 0x0C, 0x0C, 0x03, 0x03, 0x2C, 0x01,
0x0A, 0x0B, 0x16, 0x15, 0x0A, 0x0B, 0x01, 0x01, 0x0C, 0x0D, 0x0F, 0x10, 0x0C, 0x0D, 0x01, 0x01,
0x1B, 0x06, 0x08, 0x09, 0x07, 0x06, 0x04, 0x05, 0x0C, 0x0D, 0x04, 0x05, 0x04, 0x01, 0x06, 0x07,
0x0C, 0x0E, 0x05, 0x05, 0x04, 0x07, 0x11, 0x11, 0xFD, 0xE4, 0x03, 0x03, 0x05, 0x0A, 0x01, 0x02,
0x08, 0x02, 0x06, 0x07, 0x06, 0x10, 0x08, 0x09, 0x04, 0x04, 0x0A, 0x0B, 0x2A, 0x2B, 0x0B, 0x0C,
0x06, 0x06, 0x07, 0x07, 0x2D, 0x34, 0x03, 0x0C, 0x0C, 0x05, 0x06, 0x02, 0x01, 0x08, 0x09, 0x0C,
0x0B, 0x09, 0x09, 0x01, 0x01, 0x02, 0x02, 0x01, 0x02, 0x02, 0x03, 0x06, 0x08, 0x02, 0x02, 0x07,
0x02, 0x02, 0x03, 0x03, 0x03, 0x04, 0x05, 0x05, 0x04, 0x04, 0x03, 0x02, 0x03, 0x03, 0x03, 0x04,
0x04, 0x04, 0x04, 0x04, 0x05, 0x05, 0x04, 0x04, 0x04, 0x04, 0x04, 0x03, 0x03, 0x03, 0x03, 0x04,
0x04, 0x04, 0x04, 0x04, 0x05, 0x05, 0x04, 0x03, 0x03, 0x03, 0x04, 0x01, 0x04, 0x05, 0x05, 0x04,
0x04, 0x04, 0x04, 0x04, 0x03, 0x03, 0x03, 0x03, 0x03, 0x03, 0x03, 0x02, 0x03, 0x04, 0x04, 0x04,
0x03, 0x03, 0x03, 0x03, 0x03, 0x03, 0x03, 0x03, 0x04, 0x04, 0x04, 0x03, 0x03, 0x04, 0x04, 0x04,
0x04, 0x04, 0x01, 0x04, 0x02, 0x02, 0x02, 0x02, 0x02, 0x02, 0x04, 0x01, 0x04, 0x04, 0x04, 0x04,
0x01, 0x04, 0x02, 0x02, 0x02, 0x02, 0x02, 0x02, 0x04, 0x01, 0x03, 0x04, 0x01, 0x01, 0x08, 0x08,
0x02, 0x02, 0x1F, 0x14, 0x05, 0x06, 0x04, 0x04, 0x0B, 0x0C, 0x03, 0x04, 0x01, 0x01, 0x05, 0x05,
0x06, 0x04, 0x01, 0x01, 0x02, 0x01, 0x03, 0x03, 0x03, 0x03, 0x02, 0x02, 0x04, 0x04, 0x06, 0x06,
0x05, 0x06, 0x01, 0x02, 0x06, 0x06, 0x1D, 0x17, 0x08, 0x09, 0x01, 0x02, 0x02, 0x03, 0x03, 0x02,
0x01, 0x02, 0x2F, 0x01, 0x01, 0x01, 0x01, 0x01, 0x0A, 0x0A, 0x0C, 0x22, 0x06, 0x06, 0x1A, 0x11,
0x06, 0x06, 0x02, 0x01, 0x04, 0x05, 0x0D, 0x10, 0x16, 0x16, 0x63, 0x5F, 0x15, 0x15, 0x01, 0x01,
0x03, 0x03, 0x04, 0x08, 0x12, 0x08, 0x20, 0x21, 0x27, 0x26, 0x1E, 0x1E, 0x04, 0x03, 0x0B, 0x0C,
0x0C, 0x1E, 0x02, 0x01, 0x01, 0x02, 0x02, 0x08, 0x08, 0x0D, 0x1A, 0x09, 0x09, 0x08, 0x06, 0x01,
0x02, 0x02, 0x02, 0x03, 0x03, 0x01, 0x01, 0x01, 0x03, 0x07, 0x08, 0x3E, 0x1C, 0x19, 0x1A, 0x08,
0x0A, 0x05, 0x05, 0x02, 0x03, 0x26, 0x26, 0x2D, 0x2D, 0x27, 0x26, 0x04, 0x02, 0x03, 0x03, 0x02,
0x03, 0x03, 0x04, 0x04, 0x07, 0x07, 0x02, 0x02, 0x02, 0x05, 0x06, 0x32, 0x2D, 0x37, 0x38, 0x1C,
0x16, 0x02, 0x01, 0x02, 0x03, 0x07, 0x11, 0x34, 0x35, 0x28, 0x20, 0x0D, 0x0E, 0x06, 0x0A, 0x03,
0x3D, 0x36, 0x12, 0x13, 0x05, 0x07, 0x0E, 0x0F, 0x89, 0xA4, 0x14, 0x0D, 0x04, 0x05, 0x02, 0x01,
0x01, 0x01, 0x03, 0x0A, 0x02, 0x03, 0x0D, 0x08, 0x04, 0x04, 0x01, 0x02, 0x02, 0x02, 0x01, 0x02,
0x03, 0x03, 0x04, 0x06, 0x07, 0x07, 0x0F, 0x6A, 0x07, 0x03, 0x03, 0x01, 0x02, 0x02, 0x04, 0x06,
0x02, 0x03, 0x0A, 0x04, 0x02, 0x03, 0x01, 0x01, 0x02, 0x06, 0x06, 0x01, 0x02, 0x01, 0x02, 0x30,
0x02, 0x01, 0x01, 0x01, 0x01, 0x02, 0x02, 0x01, 0x02, 0x01, 0x02, 0x02, 0x28, 0x01, 0x01, 0x01,
0x01, 0x01, 0x19, 0x02, 0x01, 0x02, 0x01, 0x02, 0x02, 0x04, 0x3B, 0x06, 0x06, 0x07, 0x05, 0x09,
0x04, 0x05, 0x05, 0x06, 0x07, 0x14, 0x02, 0x02, 0x17, 0x14, 0x04, 0x05, 0x06, 0x07, 0x1B, 0x19,
0x04, 0x04, 0x00, 0x00, 0x00, 0x03, 0x00, 0x00, 0xFF, 0xC0, 0x07, 0x4C, 0x03, 0xC0, 0x01, 0xC1,
0x01, 0xDC, 0x01, 0xFB, 0x00, 0x00, 0x01, 0x31, 0x36, 0x37, 0x36, 0x33, 0x31, 0x32, 0x17, 0x16,
0x17, 0x31, 0x16, 0x17, 0x16, 0x37, 0x31, 0x36, 0x33, 0x32, 0x17, 0x31, 0x16, 0x33, 0x36, 0x37,
0x31, 0x36, 0x33, 0x16, 0x17, 0x31, 0x16, 0x33, 0x32, 0x35, 0x31, 0x34, 0x33, 0x16, 0x17, 0x31,
0x16, 0x33, 0x36, 0x37, 0x31, 0x36, 0x33, 0x36, 0x17, 0x31, 0x16, 0x33, 0x32, 0x37, 0x31, 0x36,
0x33, 0x32, 0x15, 0x31, 0x14, 0x33, 0x36, 0x37, 0x31, 0x36, 0x33, 0x16, 0x17, 0x31, 0x16, 0x33,
0x32, 0x37, 0x31, 0x36, 0x33, 0x32, 0x17, 0x31, 0x16, 0x33, 0x32, 0x37, 0x31, 0x36, 0x33, 0x32,
0x17, 0x31, 0x16, 0x33, 0x32, 0x37, 0x31, 0x36, 0x33, 0x32, 0x17, 0x31, 0x16, 0x33, 0x32, 0x37,
0x31, 0x36, 0x33, 0x16, 0x17, 0x31, 0x16, 0x33, 0x36, 0x37, 0x31, 0x36, 0x33, 0x36, 0x17, 0x31,
0x16, 0x33, 0x32, 0x37, 0x31, 0x36, 0x33, 0x32, 0x17, 0x31, 0x16, 0x33, 0x16, 0x37, 0x31, 0x36,
0x33, 0x32, 0x15, 0x31, 0x14, 0x33, 0x32, 0x37, 0x31, 0x36, 0x33, 0x32, 0x17, 0x31, 0x16, 0x33,
0x32, 0x37, 0x31, 0x36, 0x33, 0x32, 0x17, 0x31, 0x16, 0x33, 0x16, 0x37, 0x31, 0x36, 0x37, 0x36,
0x33, 0x31, 0x16, 0x37, 0x36, 0x35, 0x31, 0x34, 0x33, 0x32, 0x17, 0x31, 0x16, 0x17, 0x16, 0x17,
0x31, 0x16, 0x17, 0x16, 0x17, 0x31, 0x16, 0x17, 0x16, 0x33, 0x31, 0x32, 0x15, 0x14, 0x07, 0x31,
0x06, 0x33, 0x16, 0x17, 0x31, 0x32, 0x37, 0x36, 0x37, 0x31, 0x36, 0x33, 0x32, 0x17, 0x31, 0x16,
0x33, 0x36, 0x37, 0x31, 0x36, 0x33, 0x32, 0x17, 0x31, 0x16, 0x17, 0x16, 0x33, 0x31, 0x33, 0x0F,
0x01, 0x06, 0x07, 0x06, 0x17, 0x31, 0x16, 0x17, 0x16, 0x17, 0x31, 0x16, 0x17, 0x16, 0x07, 0x31,
0x06, 0x27, 0x26, 0x27, 0x31, 0x26, 0x27, 0x26, 0x07, 0x31, 0x06, 0x07, 0x06, 0x07, 0x31, 0x06,
0x17, 0x16, 0x17, 0x31, 0x16, 0x17, 0x16, 0x15, 0x31, 0x14, 0x07, 0x06, 0x07, 0x31, 0x06, 0x07,
0x06, 0x27, 0x31, 0x26, 0x27, 0x31, 0x26, 0x27, 0x26, 0x27, 0x31, 0x26, 0x27, 0x31, 0x2F, 0x01,
0x26, 0x07, 0x06, 0x07, 0x31, 0x06, 0x07, 0x06, 0x07, 0x31, 0x06, 0x27, 0x26, 0x27, 0x31, 0x26,
0x07, 0x06, 0x07, 0x31, 0x06, 0x07, 0x06, 0x07, 0x31, 0x06, 0x07, 0x06, 0x23, 0x31, 0x22, 0x07,
0x06, 0x07, 0x31, 0x07, 0x23, 0x11, 0x23, 0x35, 0x36, 0x37, 0x36, 0x37, 0x31, 0x36, 0x37, 0x36,
0x27, 0x31, 0x26, 0x27, 0x26, 0x27, 0x31, 0x26, 0x27, 0x26, 0x27, 0x31, 0x26, 0x27, 0x26, 0x27,
0x31, 0x27, 0x21, 0x22, 0x23, 0x31, 0x06, 0x23, 0x22, 0x07, 0x31, 0x22, 0x07, 0x31, 0x06, 0x07,
0x06, 0x07, 0x31, 0x06, 0x07, 0x06, 0x17, 0x31, 0x14, 0x07, 0x31, 0x06, 0x07, 0x06, 0x07, 0x31,
0x06, 0x07, 0x31, 0x06, 0x07, 0x06, 0x27, 0x31, 0x26, 0x35, 0x34, 0x37, 0x31, 0x36, 0x37, 0x36,
0x37, 0x31, 0x36, 0x37, 0x36, 0x37, 0x31, 0x36, 0x33, 0x36, 0x17, 0x31, 0x16, 0x33, 0x36, 0x37,
0x31, 0x36, 0x37, 0x36, 0x37, 0x31, 0x3F, 0x01, 0x36, 0x35, 0x26, 0x27, 0x31, 0x26, 0x37, 0x36,
0x37, 0x31, 0x36, 0x33, 0x36, 0x17, 0x31, 0x17, 0x05, 0x31, 0x06, 0x07, 0x06, 0x17, 0x31, 0x16,
0x17, 0x16, 0x33, 0x31, 0x33, 0x27, 0x26, 0x27, 0x26, 0x37, 0x31, 0x36, 0x27, 0x26, 0x27, 0x31,
0x26, 0x07, 0x06, 0x17, 0x31, 0x06, 0x15, 0x16, 0x17, 0x31, 0x16, 0x17, 0x16, 0x07, 0x31, 0x06,
0x17, 0x16, 0x33, 0x31, 0x32, 0x37, 0x36, 0x37, 0x31, 0x36, 0x27, 0x26, 0x23, 0x31, 0x22, 0x07,
0x06, 0x07, 0x04, 0x2F, 0x03, 0x02, 0x03, 0x01, 0x01, 0x07, 0x07, 0x08, 0x0A, 0x05, 0x06, 0x03,
0x04, 0x0C, 0x0C, 0x07, 0x03, 0x04, 0x04, 0x04, 0x04, 0x03, 0x04, 0x04, 0x04, 0x01, 0x02, 0x09,
0x09, 0x02, 0x01, 0x02, 0x02, 0x05, 0x05, 0x03, 0x03, 0x06, 0x04, 0x03, 0x03, 0x01, 0x03, 0x09,
0x09, 0x05, 0x05, 0x0A, 0x03, 0x04, 0x04, 0x02, 0x03, 0x02, 0x03, 0x04, 0x03, 0x03, 0x04, 0x05,
0x05, 0x04, 0x04, 0x05, 0x05, 0x03, 0x03, 0x03, 0x03, 0x03, 0x03, 0x05, 0x05, 0x04, 0x04, 0x05,
0x04, 0x03, 0x04, 0x01, 0x03, 0x08, 0x09, 0x02, 0x01, 0x02, 0x02, 0x05, 0x04, 0x03, 0x04, 0x06,
0x05, 0x03, 0x04, 0x05, 0x05, 0x03, 0x04, 0x04, 0x04, 0x02, 0x02, 0x02, 0x03, 0x09, 0x09, 0x02,
0x03, 0x04, 0x05, 0x04, 0x04, 0x05, 0x05, 0x02, 0x03, 0x01, 0x01, 0x03, 0x04, 0x08, 0x07, 0x04,
0x05, 0x02, 0x01, 0x07, 0x07, 0x09, 0x11, 0x16, 0x16, 0x06, 0x07, 0x01, 0x01, 0x06, 0x06, 0x07,
0x08, 0x08, 0x08, 0x04, 0x04, 0x05, 0x05, 0x03, 0x08, 0x08, 0x03, 0x01, 0x02, 0x06, 0x06, 0x05,
0x06, 0x03, 0x03, 0x02, 0x03, 0x04, 0x05, 0x02, 0x02, 0x03, 0x02, 0x02, 0x02, 0x04, 0x02, 0x07,
0x08, 0x08, 0x14, 0x02, 0x1C, 0x23, 0x06, 0x06, 0x02, 0x01, 0x03, 0x04, 0x03, 0x04, 0x01, 0x02,
0x01, 0x04, 0x06, 0x07, 0x08, 0x0A, 0x0C, 0x0D, 0x18, 0x0E, 0x05, 0x06, 0x04, 0x05, 0x01, 0x01,
0x0B, 0x0D, 0x11, 0x12, 0x08, 0x08, 0x28, 0x17, 0x11, 0x12, 0x01, 0x03, 0x05, 0x04, 0x04, 0x05,
0x04, 0x03, 0x01, 0x01, 0x0F, 0x11, 0x0F, 0x0F, 0x1D, 0x0D, 0x0C, 0x0D, 0x05, 0x08, 0x28, 0x28,
0x0D, 0x06, 0x04, 0x04, 0x07, 0x07, 0x02, 0x03, 0x01, 0x01, 0x02, 0x02, 0x02, 0x01, 0x01, 0x02,
0x01, 0x01, 0x78, 0x2C, 0x01, 0x02, 0x03, 0x0D, 0x0E, 0x01, 0x01, 0x0C, 0x04, 0x18, 0x18, 0x42,
0x2D, 0x22, 0x23, 0x03, 0x03, 0x02, 0x03, 0x01, 0x02, 0xFE, 0xE7, 0x3A, 0x35, 0x35, 0x28, 0x29,
0x1A, 0x19, 0x04, 0x0F, 0x0D, 0x0E, 0x14, 0x0A, 0x02, 0x03, 0x01, 0x08, 0x08, 0x0B, 0x0B, 0x0A,
0x0A, 0x04, 0x04, 0x10, 0x11, 0x07, 0x03, 0x02, 0x02, 0x04, 0x05, 0x04, 0x0A, 0x03, 0x03, 0x03,
0x02, 0x4C, 0x4D, 0xC2, 0xF5, 0x33, 0x34, 0x04, 0x03, 0x08, 0x09, 0x11, 0x1E, 0x02, 0x01, 0x01,
0x02, 0x02, 0x01, 0x02, 0x04, 0x06, 0x08, 0x09, 0x18, 0x25, 0x01, 0x3C, 0x08, 0x01, 0x01, 0x05,
0x05, 0x06, 0x06, 0x0E, 0x17, 0x0C, 0x09, 0x01, 0x02, 0x01, 0x01, 0x01, 0x02, 0x07, 0x05, 0x04,
0x04, 0x2D, 0x06, 0x01, 0x06, 0x03, 0x01, 0x01, 0x01, 0x01, 0x03, 0x04, 0x0B, 0x0D, 0x07, 0x07,
0x0D, 0x1A, 0x07, 0x08, 0x26, 0x15, 0x05, 0x06, 0x03, 0x03, 0x03, 0x06, 0x04, 0x04, 0x06, 0x07,
0x0A, 0x0C, 0x04, 0x05, 0x03, 0x04, 0x04, 0x02, 0x01, 0x02, 0x03, 0x01, 0x03, 0x03, 0x02, 0x06,
0x01, 0x05, 0x04, 0x01, 0x04, 0x03, 0x01, 0x03, 0x03, 0x02, 0x04, 0x04, 0x03, 0x01, 0x04, 0x02,
0x01, 0x02, 0x03, 0x03, 0x03, 0x03, 0x04, 0x04, 0x03, 0x03, 0x03, 0x03, 0x03, 0x03, 0x03, 0x02,
0x05, 0x01, 0x05, 0x04, 0x01, 0x04, 0x03, 0x01, 0x03, 0x04, 0x04, 0x03, 0x04, 0x02, 0x01, 0x03,
0x04, 0x04, 0x02, 0x03, 0x03, 0x03, 0x03, 0x03, 0x03, 0x03, 0x02, 0x01, 0x02, 0x02, 0x01, 0x01,
0x01, 0x05, 0x06, 0x05, 0x04, 0x04, 0x01, 0x04, 0x05, 0x05, 0x05, 0x08, 0x09, 0x07, 0x07, 0x05,
0x05, 0x06, 0x07, 0x02, 0x01, 0x01, 0x01, 0x01, 0x02, 0x02, 0x03, 0x04, 0x04, 0x01, 0x04, 0x04,
0x03, 0x03, 0x01, 0x02, 0x48, 0x01, 0x01, 0x03, 0x04, 0x0F, 0x07, 0x0C, 0x0D, 0x0A, 0x0A, 0x08,
0x09, 0x02, 0x07, 0x05, 0x05, 0x10, 0x16, 0x06, 0x06, 0x06, 0x03, 0x04, 0x04, 0x09, 0x0A, 0x09,
0x0A, 0x22, 0x26, 0x4C, 0x4C, 0x0E, 0x08, 0x03, 0x03, 0x07, 0x04, 0x02, 0x03, 0x01, 0x02, 0x18,
0x19, 0x22, 0x22, 0x25, 0x25, 0x19, 0x30, 0x0C, 0x0C, 0x04, 0x05, 0x1B, 0x0D, 0x09, 0x0A, 0x01,
0x02, 0x01, 0x01, 0x03, 0x01, 0x06, 0x06, 0x16, 0x16, 0x14, 0x15, 0x33, 0x21, 0x17, 0x17, 0x27,
0x27, 0x37, 0x85, 0x01, 0x0A, 0x38, 0x26, 0x14, 0x15, 0x2E, 0x36, 0x15, 0x16, 0x0A, 0x04, 0x03,
0x03, 0x04, 0x03, 0x03, 0x03, 0x02, 0x01, 0x05, 0x05, 0x05, 0x0C, 0x01, 0x01, 0x01, 0x02, 0x08,
0x09, 0x13, 0x09, 0x06, 0x06, 0x0D, 0x07, 0x23, 0x23, 0x27, 0x28, 0x22, 0x21, 0x05, 0x05, 0x01,
0x01, 0x05, 0x02, 0x08, 0x09, 0x15, 0x0F, 0x2B, 0x2C, 0x2D, 0x6F, 0x1C, 0x1C, 0x05, 0x03, 0x01,
0x02, 0x01, 0x01, 0x06, 0x04, 0x02, 0x03, 0x02, 0x02, 0x25, 0x10, 0x0C, 0x0D, 0x02, 0x02, 0x04,
0x04, 0x03, 0x06, 0x01, 0x02, 0x03, 0xD2, 0x10, 0x0D, 0x0E, 0x09, 0x06, 0x02, 0x02, 0x0A, 0x07,
0x05, 0x06, 0x12, 0x12, 0x04, 0x04, 0x01, 0x01, 0x02, 0x03, 0x06, 0x0C, 0x06, 0x06, 0x0C, 0x05,
0x06, 0x06, 0x03, 0x04, 0x01, 0x02, 0x03, 0x04, 0x0D, 0x19, 0x0E, 0x0F, 0x01, 0x02, 0x08, 0x00,
0x00, 0x08, 0x00, 0x00, 0xFF, 0xC0, 0x0B, 0xC3, 0x03, 0xC0, 0x02, 0x4E, 0x02, 0x62, 0x02, 0x76,
0x02, 0x89, 0x02, 0x99, 0x02, 0xBE, 0x02, 0xDD, 0x03, 0x0A, 0x00, 0x00, 0x01, 0x31, 0x36, 0x37,
0x31, 0x36, 0x33, 0x16, 0x17, 0x31, 0x16, 0x17, 0x31, 0x16, 0x15, 0x14, 0x07, 0x31, 0x06, 0x07,
0x06, 0x07, 0x31, 0x06, 0x07, 0x06, 0x15, 0x31, 0x15, 0x21, 0x37, 0x36, 0x37, 0x36, 0x37, 0x31,
0x36, 0x37, 0x36, 0x37, 0x31, 0x36, 0x37, 0x36, 0x37, 0x31, 0x36, 0x37, 0x36, 0x33, 0x31, 0x32,
0x17, 0x16, 0x15, 0x31, 0x14, 0x17, 0x16, 0x17, 0x31, 0x17, 0x33, 0x32, 0x17, 0x16, 0x17, 0x31,
0x16, 0x33, 0x32, 0x37, 0x31, 0x36, 0x37, 0x36, 0x37, 0x31, 0x36, 0x17, 0x16, 0x07, 0x31, 0x0F,
0x01, 0x06, 0x27, 0x26, 0x35, 0x31, 0x34, 0x27, 0x31, 0x26, 0x23, 0x22, 0x07, 0x31, 0x06, 0x07,
0x31, 0x06, 0x07, 0x06, 0x23, 0x31, 0x22, 0x07, 0x06, 0x15, 0x31, 0x14, 0x17, 0x16, 0x33, 0x31,
0x32, 0x17, 0x16, 0x07, 0x31, 0x14, 0x07, 0x06, 0x23, 0x31, 0x22, 0x07, 0x06, 0x07, 0x31, 0x06,
0x17, 0x16, 0x33, 0x31, 0x33, 0x15, 0x14, 0x07, 0x06, 0x07, 0x31, 0x06, 0x23, 0x06, 0x27, 0x31,
0x26, 0x27, 0x26, 0x35, 0x31, 0x35, 0x23, 0x22, 0x07, 0x06, 0x15, 0x31, 0x14, 0x07, 0x06, 0x07,
0x31, 0x06, 0x07, 0x06, 0x23, 0x31, 0x23, 0x17, 0x16, 0x07, 0x06, 0x07, 0x31, 0x06, 0x15, 0x06,
0x17, 0x31, 0x16, 0x07, 0x06, 0x23, 0x31, 0x22, 0x27, 0x26, 0x37, 0x31, 0x36, 0x35, 0x36, 0x27,
0x31, 0x26, 0x35, 0x34, 0x37, 0x31, 0x36, 0x35, 0x34, 0x27, 0x31, 0x26, 0x35, 0x36, 0x37, 0x31,
0x36, 0x35, 0x36, 0x27, 0x31, 0x27, 0x23, 0x22, 0x27, 0x26, 0x27, 0x31, 0x27, 0x15, 0x14, 0x17,
0x16, 0x17, 0x31, 0x16, 0x17, 0x16, 0x17, 0x31, 0x16, 0x17, 0x31, 0x16, 0x15, 0x16, 0x15, 0x31,
0x14, 0x07, 0x31, 0x07, 0x2F, 0x01, 0x26, 0x27, 0x26, 0x35, 0x31, 0x26, 0x37, 0x36, 0x33, 0x31,
0x32, 0x37, 0x36, 0x35, 0x31, 0x35, 0x23, 0x07, 0x06, 0x07, 0x06, 0x07, 0x31, 0x06, 0x07, 0x06,
0x07, 0x31, 0x06, 0x07, 0x06, 0x07, 0x31, 0x06, 0x07, 0x06, 0x07, 0x31, 0x06, 0x07, 0x06, 0x27,
0x31, 0x27, 0x07, 0x17, 0x16, 0x15, 0x06, 0x07, 0x31, 0x06, 0x27, 0x26, 0x27, 0x31, 0x26, 0x37,
0x36, 0x37, 0x31, 0x36, 0x37, 0x36, 0x37, 0x31, 0x36, 0x37, 0x36, 0x27, 0x31, 0x26, 0x27, 0x26,
0x27, 0x31, 0x26, 0x27, 0x26, 0x07, 0x31, 0x06, 0x23, 0x06, 0x23, 0x31, 0x26, 0x27, 0x26, 0x27,
0x31, 0x26, 0x27, 0x26, 0x23, 0x31, 0x22, 0x27, 0x26, 0x27, 0x31, 0x26, 0x27, 0x26, 0x23, 0x31,
0x22, 0x07, 0x06, 0x07, 0x31, 0x06, 0x07, 0x06, 0x27, 0x31, 0x26, 0x27, 0x26, 0x27, 0x31, 0x34,
0x27, 0x26, 0x27, 0x31, 0x26, 0x07, 0x06, 0x07, 0x31, 0x06, 0x07, 0x06, 0x07, 0x31, 0x06, 0x07,
0x06, 0x07, 0x31, 0x06, 0x07, 0x06, 0x07, 0x31, 0x07, 0x37, 0x36, 0x37, 0x31, 0x36, 0x35, 0x34,
0x27, 0x31, 0x26, 0x27, 0x31, 0x26, 0x37, 0x36, 0x37, 0x31, 0x36, 0x37, 0x36, 0x17, 0x31, 0x16,
0x17, 0x16, 0x17, 0x31, 0x17, 0x33, 0x32, 0x37, 0x36, 0x27, 0x31, 0x34, 0x37, 0x36, 0x37, 0x31,
0x36, 0x37, 0x36, 0x33, 0x31, 0x32, 0x17, 0x16, 0x15, 0x31, 0x14, 0x17, 0x16, 0x33, 0x31, 0x32,
0x37, 0x36, 0x35, 0x31, 0x34, 0x37, 0x36, 0x17, 0x31, 0x16, 0x37, 0x36, 0x27, 0x31, 0x26, 0x27,
0x26, 0x35, 0x31, 0x34, 0x37, 0x36, 0x37, 0x31, 0x36, 0x17, 0x16, 0x17, 0x31, 0x1F, 0x01, 0x16,
0x17, 0x16, 0x17, 0x31, 0x16, 0x17, 0x16, 0x15, 0x31, 0x15, 0x17, 0x16, 0x33, 0x32, 0x37, 0x31,
0x36, 0x17, 0x16, 0x17, 0x31, 0x16, 0x33, 0x16, 0x27, 0x31, 0x26, 0x27, 0x26, 0x07, 0x31, 0x06,
0x27, 0x26, 0x35, 0x31, 0x34, 0x37, 0x36, 0x33, 0x31, 0x32, 0x37, 0x36, 0x37, 0x31, 0x36, 0x37,
0x36, 0x37, 0x31, 0x36, 0x37, 0x36, 0x37, 0x31, 0x36, 0x33, 0x36, 0x17, 0x31, 0x16, 0x17, 0x16,
0x17, 0x31, 0x16, 0x17, 0x16, 0x17, 0x31, 0x16, 0x17, 0x16, 0x33, 0x31, 0x32, 0x17, 0x16, 0x17,
0x31, 0x16, 0x33, 0x16, 0x37, 0x31, 0x36, 0x37, 0x36, 0x33, 0x31, 0x32, 0x37, 0x36, 0x35, 0x31,
0x30, 0x23, 0x26, 0x23, 0x31, 0x07, 0x35, 0x34, 0x37, 0x36, 0x37, 0x05, 0x31, 0x14, 0x17, 0x16,
0x33, 0x31, 0x32, 0x37, 0x36, 0x35, 0x31, 0x34, 0x27, 0x26, 0x23, 0x31, 0x22, 0x07, 0x06, 0x05,
0x31, 0x16, 0x17, 0x16, 0x33, 0x31, 0x32, 0x37, 0x36, 0x35, 0x31, 0x34, 0x27, 0x26, 0x23, 0x31,
0x22, 0x07, 0x06, 0x05, 0x31, 0x06, 0x15, 0x06, 0x17, 0x31, 0x16, 0x17, 0x16, 0x33, 0x31, 0x33,
0x35, 0x23, 0x22, 0x07, 0x06, 0x07, 0x05, 0x31, 0x16, 0x33, 0x32, 0x37, 0x31, 0x36, 0x23, 0x26,
0x23, 0x31, 0x22, 0x23, 0x06, 0x17, 0x05, 0x31, 0x14, 0x15, 0x31, 0x14, 0x15, 0x16, 0x17, 0x31,
0x14, 0x33, 0x31, 0x14, 0x37, 0x36, 0x37, 0x31, 0x36, 0x37, 0x36, 0x35, 0x31, 0x34, 0x27, 0x26,
0x27, 0x31, 0x26, 0x27, 0x26, 0x23, 0x31, 0x22, 0x07, 0x06, 0x15, 0x21, 0x31, 0x06, 0x15, 0x06,
0x15, 0x31, 0x14, 0x17, 0x16, 0x37, 0x31, 0x36, 0x33, 0x36, 0x33, 0x31, 0x32, 0x37, 0x36, 0x35,
0x31, 0x34, 0x27, 0x26, 0x27, 0x31, 0x26, 0x23, 0x06, 0x23, 0x05, 0x31, 0x06, 0x17, 0x16, 0x17,
0x31, 0x16, 0x27, 0x26, 0x27, 0x31, 0x27, 0x07, 0x06, 0x17, 0x16, 0x17, 0x31, 0x16, 0x37, 0x36,
0x37, 0x31, 0x36, 0x37, 0x36, 0x35, 0x31, 0x34, 0x37, 0x36, 0x37, 0x31, 0x37, 0x23, 0x22, 0x27,
0x26, 0x27, 0x31, 0x26, 0x07, 0x06, 0x07, 0x07, 0x26, 0x05, 0x2E, 0x2D, 0x36, 0x36, 0x2D, 0x2D,
0x04, 0x09, 0x08, 0x05, 0x08, 0x08, 0x1D, 0x0B, 0x03, 0x03, 0x01, 0x22, 0x01, 0x01, 0x03, 0x04,
0x04, 0x05, 0x04, 0x04, 0x03, 0x02, 0x02, 0x03, 0x02, 0x03, 0x03, 0x04, 0x11, 0x0C, 0x05, 0x06,
0x04, 0x05, 0x06, 0x0E, 0x5E, 0x2B, 0x1A, 0x1A, 0x01, 0x03, 0x4F, 0x50, 0x04, 0x02, 0x1B, 0x1C,
0x25, 0x4C, 0x09, 0x09, 0x02, 0x01, 0x5B, 0x2D, 0x17, 0x17, 0x1A, 0x1A, 0x1F, 0x1F, 0x1B, 0x1A,
0x02, 0x01, 0x18, 0x19, 0x28, 0x24, 0x19, 0x1A, 0x04, 0x04, 0x04, 0x03, 0x01, 0x02, 0x01, 0x02,
0x03, 0x03, 0x03, 0x02, 0x02, 0x01, 0x01, 0x03, 0x04, 0x08, 0x11, 0x02, 0x02, 0x07, 0x0A, 0x15,
0x16, 0x0C, 0x08, 0x02, 0x02, 0x19, 0x14, 0x05, 0x05, 0x03, 0x04, 0x08, 0x09, 0x07, 0x07, 0x0E,
0x16, 0x03, 0x01, 0x01, 0x01, 0x04, 0x07, 0x01, 0x04, 0x03, 0x08, 0x08, 0x11, 0x15, 0x09, 0x09,
0x0C, 0x04, 0x01, 0x03, 0x02, 0x02, 0x03, 0x02, 0x02, 0x01, 0x02, 0x02, 0x01, 0x01, 0x04, 0xD7,
0x59, 0x48, 0x48, 0x0B, 0x1D, 0x01, 0x02, 0x06, 0x04, 0x03, 0x04, 0x01, 0x02, 0x01, 0x02, 0x01,
0x01, 0x03, 0xC4, 0x03, 0x02, 0x01, 0x01, 0x01, 0x03, 0x03, 0x0B, 0x06, 0x03, 0x03, 0x32, 0x03,
0x02, 0x03, 0x03, 0x07, 0x08, 0x03, 0x03, 0x03, 0x02, 0x03, 0x03, 0x09, 0x05, 0x06, 0x06, 0x03,
0x0A, 0x19, 0x19, 0x2A, 0x2F, 0x51, 0x04, 0x01, 0x01, 0x02, 0x05, 0x44, 0x44, 0x04, 0x05, 0x06,
0x06, 0x0C, 0x0A, 0x14, 0x15, 0x08, 0x11, 0x01, 0x02, 0x10, 0x04, 0x09, 0x09, 0x07, 0x0D, 0x09,
0x0A, 0x07, 0x02, 0x09, 0x09, 0x0C, 0x11, 0x07, 0x08, 0x05, 0x05, 0x0A, 0x0A, 0x24, 0x26, 0x08,
0x09, 0x02, 0x01, 0x04, 0x04, 0x0A, 0x09, 0x05, 0x05, 0x01, 0x02, 0x06, 0x07, 0x10, 0x17, 0x05,
0x05, 0x01, 0x05, 0x06, 0x13, 0x2A, 0x3D, 0x3D, 0x0B, 0x06, 0x2E, 0x2E, 0x3A, 0x4D, 0x23, 0x24,
0x06, 0x0C, 0x12, 0x13, 0x2B, 0x2B, 0x04, 0x03, 0x02, 0x02, 0x02, 0x02, 0x03, 0x02, 0x01, 0x02,
0x06, 0x07, 0x06, 0x07, 0x14, 0x1F, 0x11, 0x12, 0x09, 0x0B, 0xE7, 0x9F, 0x3E, 0x3E, 0x04, 0x01,
0x01, 0x02, 0x04, 0x06, 0x06, 0x13, 0x0D, 0x08, 0x09, 0x05, 0x06, 0x08, 0x0B, 0x03, 0x04, 0x08,
0x09, 0x2B, 0x22, 0x0B, 0x0C, 0x04, 0x04, 0x01, 0x02, 0x02, 0x02, 0x05, 0x0A, 0x0A, 0x0A, 0x14,
0x18, 0x3D, 0x2A, 0x0A, 0x0B, 0x06, 0x04, 0x02, 0x03, 0x3D, 0x38, 0x12, 0x13, 0x37, 0x2A, 0x09,
0x0A, 0x05, 0x06, 0x09, 0x0A, 0x01, 0x01, 0x03, 0x03, 0x05, 0x06, 0x02, 0x03, 0x02, 0x03, 0x05,
0x04, 0x03, 0x04, 0x01, 0x02, 0x07, 0x07, 0x17, 0x12, 0x09, 0x0A, 0x01, 0x02, 0x07, 0x07, 0x05,
0x03, 0x0F, 0x0F, 0x20, 0x1A, 0x13, 0x13, 0x02, 0x02, 0x11, 0x11, 0x1D, 0x26, 0x12, 0x12, 0x19,
0x1A, 0x07, 0x07, 0x03, 0x02, 0x03, 0x03, 0x03, 0x05, 0x23, 0x24, 0x25, 0x26, 0x34, 0x7F, 0x01,
0x02, 0x05, 0xFD, 0xB7, 0x01, 0x02, 0x02, 0x02, 0x01, 0x02, 0x01, 0x02, 0x02, 0x02, 0x01, 0x02,
0x06, 0x92, 0x01, 0x07, 0x08, 0x09, 0x0A, 0x06, 0x07, 0x07, 0x08, 0x0B, 0x0B, 0x06, 0x07, 0xF8,
0x0D, 0x04, 0x01, 0x03, 0x02, 0x05, 0x05, 0x09, 0x12, 0x10, 0x0A, 0x04, 0x04, 0x03, 0x08, 0x01,
0x04, 0x04, 0x05, 0x04, 0x03, 0x02, 0x03, 0x07, 0x06, 0x02, 0x03, 0x03, 0xF5, 0xCC, 0x01, 0x01,
0x01, 0x1C, 0x1D, 0x28, 0x49, 0x11, 0x12, 0x05, 0x05, 0x0D, 0x07, 0x11, 0x12, 0x38, 0x24, 0x19,
0x1A, 0x01, 0xBD, 0x01, 0x01, 0x02, 0x02, 0x04, 0x03, 0x08, 0x08, 0x08, 0x0B, 0x05, 0x05, 0x06,
0x06, 0x0E, 0x0B, 0x08, 0x08, 0x01, 0x02, 0x70, 0x02, 0x04, 0x05, 0x0A, 0x0A, 0x08, 0x08, 0x18,
0x1C, 0x08, 0x0D, 0x08, 0x08, 0x2B, 0x0F, 0x0D, 0x0E, 0x06, 0x10, 0x0C, 0x0C, 0x01, 0x01, 0x02,
0x05, 0x27, 0x10, 0x0D, 0x0E, 0x03, 0x03, 0x02, 0x02, 0x02, 0x02, 0xD0, 0x03, 0x01, 0x02, 0x01,
0x01, 0x02, 0x03, 0x06, 0x23, 0x23, 0x0C, 0x08, 0x03, 0x03, 0x05, 0x01, 0x03, 0x03, 0x07, 0x0B,
0x0A, 0x05, 0x04, 0x04, 0x02, 0x03, 0x05, 0x06, 0x09, 0x08, 0x0A, 0x0B, 0x07, 0x0D, 0x02, 0x02,
0x01, 0x01, 0x03, 0x03, 0x0E, 0x0F, 0x13, 0x2D, 0x01, 0x02, 0x02, 0x04, 0x04, 0x02, 0x01, 0x02,
0x01, 0x01, 0x04, 0x04, 0x1F, 0x15, 0x01, 0x01, 0x01, 0x01, 0x03, 0x02, 0x01, 0x01, 0x01, 0x01,
0x02, 0x03, 0x01, 0x01, 0x01, 0x01, 0x02, 0x0B, 0x0B, 0x0B, 0x03, 0x03, 0x07, 0x05, 0x03, 0x04,
0x02, 0x02, 0x02, 0x03, 0x01, 0x02, 0x24, 0x18, 0x07, 0x08, 0x07, 0x09, 0x01, 0x0A, 0x06, 0x06,
0x07, 0x11, 0x1C, 0x06, 0x06, 0x19, 0x09, 0x07, 0x07, 0x08, 0x0A, 0x02, 0x03, 0x1B, 0x0E, 0x0D,
0x0E, 0x10, 0x18, 0x08, 0x09, 0x10, 0x0C, 0x06, 0x07, 0x0D, 0x0E, 0x0E, 0x04, 0x07, 0x07, 0x10,
0x0F, 0x0D, 0x0E, 0x10, 0x0F, 0x0D, 0x0D, 0x0A, 0x0A, 0x06, 0x06, 0x02, 0x01, 0x03, 0x04, 0x04,
0x0A, 0x01, 0x01, 0x01, 0x03, 0x2D, 0x1E, 0x07, 0x08, 0x02, 0x01, 0x03, 0x04, 0x04, 0x05, 0x26,
0x27, 0x2D, 0x2E, 0x27, 0x28, 0x08, 0x10, 0x03, 0x1C, 0x0B, 0x26, 0x26, 0x2A, 0x4D, 0x19, 0x19,
0x08, 0x08, 0x13, 0x14, 0x12, 0x0C, 0x03, 0x04, 0x01, 0x01, 0x04, 0x04, 0x0E, 0x0D, 0x05, 0x05,
0x03, 0x02, 0x04, 0x05, 0x05, 0x0F, 0x06, 0x06, 0x03, 0x03, 0x94, 0x1A, 0x0D, 0x07, 0x08, 0x01,
0x03, 0x08, 0x08, 0x05, 0x04, 0x1A, 0x1B, 0x21, 0x1A, 0x20, 0x20, 0x03, 0x06, 0x1E, 0x1F, 0x0B,
0x03, 0x0B, 0x0B, 0x0C, 0x15, 0x06, 0x06, 0x07, 0x01, 0x01, 0x01, 0x02, 0x02, 0x05, 0x06, 0x01,
0x02, 0x01, 0x02, 0x07, 0x05, 0x02, 0x02, 0x02, 0x02, 0x03, 0x04, 0x01, 0x02, 0x01, 0x02, 0x02,
0x02, 0x0A, 0x06, 0x02, 0x02, 0x02, 0x04, 0x01, 0x01, 0x05, 0x02, 0x1C, 0x1D, 0x26, 0x32, 0x18,
0x19, 0x09, 0x10, 0x06, 0x07, 0x03, 0x03, 0x22, 0x23, 0x30, 0x30, 0x2E, 0x2F, 0x27, 0x27, 0x11,
0x07, 0x05, 0x05, 0x06, 0x06, 0x01, 0x02, 0x02, 0x03, 0x06, 0x06, 0x09, 0x0B, 0x02, 0x02, 0x05,
0x01, 0x03, 0x04, 0x05, 0x06, 0x02, 0x02, 0x01, 0x02, 0x02, 0x02, 0x01, 0x01, 0x01, 0x02, 0x06,
0x07, 0x01, 0x01, 0x01, 0x01, 0x01, 0x01, 0x03, 0x03, 0x0A, 0x0A, 0x18, 0x1B, 0x09, 0x0A, 0x06,
0x0A, 0x02, 0x02, 0x0F, 0x12, 0x02, 0x02, 0x01, 0x02, 0x08, 0x04, 0x08, 0x08, 0x08, 0x11, 0x03,
0x02, 0x02, 0x02, 0x01, 0x01, 0x07, 0x09, 0x01, 0x09, 0x04, 0x01, 0x02, 0x01, 0x01, 0x02, 0x02,
0x05, 0x05, 0x02, 0x03, 0x02, 0x03, 0x04, 0x05, 0x02, 0x03, 0x02, 0x01, 0x02, 0x03, 0x03, 0x06,
0x01, 0x06, 0x04, 0x02, 0x02, 0x01, 0x01, 0x02, 0x03, 0x02, 0x02, 0x01, 0x02, 0x02, 0x02, 0x08,
0x08, 0x01, 0x05, 0x03, 0x02, 0x02, 0x0F, 0x10, 0x03, 0x01, 0x01, 0x1D, 0x11, 0x07, 0x07, 0x02,
0x7C, 0x02, 0x01, 0x01, 0x01, 0x01, 0x02, 0x02, 0x01, 0x02, 0x01, 0x02, 0x22, 0x02, 0x01, 0x02,
0x01, 0x02, 0x02, 0x02, 0x01, 0x02, 0x01, 0x02, 0x13, 0x09, 0x22, 0x23, 0x09, 0x03, 0x02, 0x02,
0x6A, 0x02, 0x02, 0x08, 0x09, 0x01, 0x01, 0x01, 0x01, 0x01, 0x01, 0x18, 0x08, 0x20, 0x1F, 0x23,
0x24, 0x1C, 0x1C, 0x01, 0x11, 0x12, 0x19, 0x2F, 0x10, 0x11, 0x14, 0x0B, 0x07, 0x08, 0x09, 0x05,
0x01, 0x02, 0x01, 0x01, 0x02, 0x01, 0x03, 0x04, 0x03, 0x05, 0x01, 0x02, 0x02, 0x01, 0x01, 0x01,
0x02, 0x04, 0x03, 0x02, 0x02, 0x01, 0x01, 0x01, 0xB6, 0x0D, 0x0C, 0x0D, 0x0A, 0x0B, 0x01, 0x01,
0x0D, 0x0F, 0x0C, 0x10, 0x05, 0x05, 0x01, 0x01, 0x01, 0x02, 0x03, 0x07, 0x0C, 0x0C, 0x08, 0x05,
0x06, 0x07, 0x05, 0x0B, 0x01, 0x01, 0x01, 0x01, 0x02, 0x03, 0x09, 0x00, 0x00, 0x04, 0x00, 0x00,
0xFF, 0xC0, 0x0B, 0x75, 0x03, 0xC0, 0x01, 0x19, 0x01, 0x29, 0x01, 0x3D, 0x01, 0x6B, 0x00, 0x00,
0x01, 0x31, 0x36, 0x17, 0x16, 0x17, 0x31, 0x16, 0x17, 0x16, 0x33, 0x31, 0x32, 0x17, 0x16, 0x17,
0x31, 0x17, 0x33, 0x32, 0x17, 0x16, 0x17, 0x31, 0x16, 0x17, 0x31, 0x16, 0x17, 0x16, 0x17, 0x31,
0x16, 0x17, 0x31, 0x16, 0x33, 0x31, 0x16, 0x33, 0x36, 0x37, 0x31, 0x36, 0x37, 0x31, 0x36, 0x37,
0x36, 0x35, 0x31, 0x34, 0x37, 0x36, 0x33, 0x31, 0x32, 0x37, 0x36, 0x37, 0x31, 0x36, 0x37, 0x36,
0x33, 0x31, 0x32, 0x17, 0x16, 0x15, 0x31, 0x14, 0x17, 0x16, 0x17, 0x31, 0x16, 0x17, 0x16, 0x33,
0x31, 0x32, 0x17, 0x16, 0x17, 0x31, 0x16, 0x15, 0x14, 0x07, 0x31, 0x07, 0x23, 0x22, 0x23, 0x06,
0x07, 0x31, 0x22, 0x23, 0x06, 0x07, 0x31, 0x22, 0x07, 0x06, 0x15, 0x31, 0x14, 0x17, 0x16, 0x33,
0x31, 0x32, 0x17, 0x16, 0x07, 0x31, 0x06, 0x07, 0x06, 0x07, 0x31, 0x06, 0x07, 0x06, 0x27, 0x31,
0x26, 0x27, 0x26, 0x23, 0x31, 0x22, 0x07, 0x06, 0x07, 0x31, 0x06, 0x07, 0x06, 0x27, 0x31, 0x26,
0x07, 0x06, 0x07, 0x31, 0x06, 0x07, 0x31, 0x06, 0x07, 0x06, 0x07, 0x31, 0x06, 0x23, 0x31, 0x22,
0x27, 0x26, 0x35, 0x31, 0x34, 0x27, 0x26, 0x07, 0x31, 0x06, 0x23, 0x26, 0x27, 0x31, 0x26, 0x27,
0x31, 0x26, 0x23, 0x22, 0x07, 0x31, 0x06, 0x07, 0x31, 0x06, 0x07, 0x06, 0x07, 0x31, 0x06, 0x07,
0x06, 0x23, 0x31, 0x22, 0x27, 0x26, 0x27, 0x31, 0x2F, 0x01, 0x26, 0x07, 0x06, 0x07, 0x31, 0x0F,
0x01, 0x06, 0x27, 0x26, 0x27, 0x31, 0x26, 0x27, 0x26, 0x07, 0x31, 0x22, 0x07, 0x31, 0x06, 0x07,
0x06, 0x07, 0x31, 0x06, 0x07, 0x31, 0x06, 0x07, 0x31, 0x06, 0x07, 0x06, 0x07, 0x31, 0x06, 0x07,
0x31, 0x06, 0x27, 0x26, 0x27, 0x31, 0x26, 0x37, 0x36, 0x37, 0x31, 0x36, 0x37, 0x36, 0x37, 0x31,
0x25, 0x17, 0x16, 0x17, 0x16, 0x33, 0x31, 0x32, 0x37, 0x36, 0x37, 0x31, 0x36, 0x37, 0x36, 0x33,
0x31, 0x32, 0x37, 0x36, 0x37, 0x31, 0x36, 0x37, 0x36, 0x37, 0x05, 0x31, 0x14, 0x17, 0x16, 0x33,
0x31, 0x32, 0x37, 0x36, 0x27, 0x31, 0x26, 0x23, 0x06, 0x07, 0x05, 0x31, 0x06, 0x17, 0x16, 0x33,
0x31, 0x32, 0x37, 0x36, 0x35, 0x31, 0x34, 0x27, 0x26, 0x23, 0x31, 0x22, 0x07, 0x06, 0x05, 0x31,
0x06, 0x17, 0x16, 0x17, 0x31, 0x16, 0x15, 0x16, 0x23, 0x31, 0x22, 0x27, 0x26, 0x27, 0x31, 0x26,
0x07, 0x06, 0x15, 0x31, 0x14, 0x17, 0x16, 0x17, 0x31, 0x16, 0x17, 0x16, 0x37, 0x31, 0x36, 0x37,
0x36, 0x35, 0x31, 0x34, 0x27, 0x26, 0x23, 0x31, 0x22, 0x07, 0x06, 0x07, 0x04, 0xB4, 0x03, 0x0A,
0x0A, 0x0C, 0x0F, 0x0B, 0x0C, 0x0B, 0x0D, 0x05, 0x06, 0x04, 0x08, 0xC4, 0x81, 0x22, 0x22, 0x02,
0x02, 0x11, 0x11, 0x37, 0x37, 0x69, 0x68, 0xB0, 0xB3, 0x68, 0x69, 0x37, 0x37, 0x10, 0x11, 0x02,
0x03, 0x02, 0x03, 0x01, 0x01, 0x02, 0x02, 0x03, 0x03, 0x01, 0x03, 0x03, 0x04, 0x07, 0x0B, 0x10,
0x10, 0x04, 0x04, 0x05, 0x06, 0x07, 0x08, 0x0B, 0x0D, 0x03, 0x04, 0x02, 0x02, 0x02, 0x03, 0x82,
0x35, 0x2B, 0x2B, 0x07, 0x06, 0x13, 0x14, 0x14, 0x17, 0x0D, 0x0E, 0x04, 0x05, 0x07, 0x16, 0x09,
0x0A, 0x0E, 0x03, 0x03, 0x04, 0x02, 0x07, 0x2B, 0x2B, 0x04, 0x02, 0x07, 0x07, 0x08, 0x0C, 0x05,
0x06, 0x04, 0x04, 0x04, 0x04, 0x03, 0x03, 0x27, 0x28, 0x35, 0x5E, 0x58, 0x59, 0x47, 0x48, 0x30,
0x2F, 0x0B, 0x1A, 0x16, 0x17, 0x04, 0x05, 0x15, 0x0D, 0x09, 0x09, 0x01, 0x02, 0x26, 0x26, 0x2F,
0x2F, 0x29, 0x29, 0x07, 0x07, 0x13, 0x13, 0x14, 0x28, 0x16, 0x16, 0x26, 0x1E, 0x0D, 0x0D, 0x0A,
0x09, 0x1A, 0x37, 0x30, 0x30, 0x0A, 0x03, 0x1F, 0x23, 0x1E, 0x1F, 0x07, 0x04, 0x04, 0x04, 0x04,
0x02, 0x16, 0x15, 0x24, 0x24, 0x2F, 0x2E, 0x35, 0x34, 0x30, 0x30, 0x25, 0x26, 0x19, 0x18, 0x05,
0x27, 0x0C, 0x0D, 0x07, 0x03, 0x02, 0x03, 0x09, 0x0B, 0x2E, 0x2E, 0xEA, 0x01, 0x2B, 0x0B, 0x07,
0x05, 0x06, 0x0A, 0x16, 0x46, 0x46, 0x58, 0x1D, 0x17, 0x17, 0x02, 0x03, 0x03, 0x04, 0x03, 0x07,
0x0B, 0x0B, 0x06, 0x06, 0x3D, 0x08, 0x08, 0x0D, 0x0F, 0x07, 0x07, 0x02, 0x02, 0x19, 0x1A, 0x03,
0xFE, 0xA3, 0x02, 0x02, 0x02, 0x04, 0x04, 0x03, 0x03, 0x02, 0x02, 0x03, 0x03, 0x02, 0x03, 0xFA,
0xED, 0x07, 0x01, 0x02, 0x09, 0x06, 0x01, 0x05, 0x08, 0x09, 0x0A, 0x02, 0x03, 0x04, 0x04, 0x02,
0x03, 0x06, 0x07, 0x08, 0x08, 0x17, 0x1F, 0x0B, 0x0C, 0x08, 0x08, 0x1A, 0x0D, 0x0A, 0x0B, 0x02,
0x02, 0x9F, 0x01, 0x04, 0x04, 0x06, 0x09, 0x03, 0x04, 0x02, 0x02, 0x07, 0x0C, 0x01, 0x01, 0x05,
0x02, 0x02, 0x01, 0x01, 0x01, 0x01, 0x01, 0x01, 0x01, 0x01, 0x01, 0x02, 0x01, 0x03, 0x03, 0x03,
0x04, 0x02, 0x02, 0x01, 0x02, 0x03, 0x04, 0x04, 0x06, 0x03, 0x03, 0x07, 0x07, 0x05, 0x02, 0x04,
0x05, 0x05, 0x06, 0x02, 0x03, 0x02, 0x02, 0x0A, 0x06, 0x08, 0x08, 0x06, 0x0E, 0x01, 0x01, 0x01,
0x01, 0x01, 0x02, 0x02, 0x02, 0x01, 0x01, 0x16, 0x17, 0x14, 0x05, 0x04, 0x04, 0x01, 0x05, 0x02,
0x02, 0x04, 0x02, 0x01, 0x02, 0x02, 0x02, 0x08, 0x05, 0x02, 0x03, 0x01, 0x01, 0x01, 0x01, 0x03,
0x05, 0x05, 0x04, 0x03, 0x04, 0x02, 0x03, 0x09, 0x0A, 0x0B, 0x06, 0x01, 0x01, 0x02, 0x01, 0x01,
0x02, 0x02, 0x01, 0x01, 0x01, 0x02, 0x02, 0x02, 0x0A, 0x0B, 0x0C, 0x18, 0x07, 0x07, 0x08, 0x08,
0x1A, 0x18, 0x02, 0x03, 0x25, 0x25, 0x36, 0x11, 0x03, 0x04, 0x04, 0x04, 0x09, 0x04, 0x02, 0x02,
0x01, 0x09, 0x08, 0x0E, 0x0E, 0x12, 0x13, 0x14, 0x15, 0x13, 0x13, 0x0E, 0x0F, 0x09, 0x09, 0x01,
0x0B, 0x1E, 0x1E, 0x79, 0x41, 0x2C, 0x2D, 0x0D, 0x11, 0x07, 0x07, 0x16, 0x1C, 0x0E, 0x08, 0x03,
0x03, 0x1A, 0x1B, 0x2A, 0x0E, 0x0A, 0x0A, 0x04, 0x04, 0x05, 0x0C, 0x0C, 0x0D, 0x02, 0x3E, 0x02,
0x01, 0x01, 0x01, 0x02, 0x02, 0x04, 0x01, 0x04, 0x52, 0x02, 0x01, 0x02, 0x01, 0x02, 0x02, 0x02,
0x01, 0x02, 0x01, 0x02, 0x64, 0x06, 0x0D, 0x0E, 0x07, 0x06, 0x02, 0x02, 0x0A, 0x0B, 0x0C, 0x0F,
0x02, 0x02, 0x10, 0x0A, 0x06, 0x06, 0x04, 0x06, 0x01, 0x01, 0x02, 0x03, 0x07, 0x08, 0x10, 0x10,
0x05, 0x05, 0x01, 0x02, 0x03, 0x00, 0x00, 0x00, 0x00, 0x06, 0x00, 0x00, 0xFF, 0xC0, 0x0B, 0x99,
0x03, 0xC0, 0x02, 0x15, 0x02, 0x24, 0x02, 0x33, 0x02, 0x57, 0x02, 0x73, 0x02, 0xA2, 0x00, 0x00,
0x01, 0x31, 0x36, 0x17, 0x16, 0x17, 0x31, 0x16, 0x17, 0x16, 0x33, 0x31, 0x32, 0x17, 0x16, 0x17,
0x31, 0x16, 0x17, 0x16, 0x35, 0x31, 0x34, 0x37, 0x36, 0x17, 0x31, 0x16, 0x33, 0x36, 0x37, 0x31,
0x36, 0x33, 0x32, 0x17, 0x31, 0x16, 0x33, 0x32, 0x37, 0x31, 0x36, 0x33, 0x32, 0x17, 0x31, 0x16,
0x33, 0x32, 0x37, 0x31, 0x36, 0x33, 0x32, 0x17, 0x31, 0x16, 0x33, 0x32, 0x37, 0x31, 0x36, 0x33,
0x32, 0x17, 0x31, 0x16, 0x33, 0x32, 0x37, 0x31, 0x36, 0x33, 0x32, 0x17, 0x31, 0x16, 0x33, 0x32,
0x37, 0x31, 0x36, 0x33, 0x16, 0x17, 0x31, 0x16, 0x33, 0x32, 0x37, 0x31, 0x36, 0x33, 0x32, 0x17,
0x31, 0x16, 0x33, 0x16, 0x37, 0x31, 0x36, 0x33, 0x32, 0x17, 0x31, 0x16, 0x33, 0x36, 0x37, 0x31,
0x36, 0x33, 0x32, 0x17, 0x31, 0x16, 0x33, 0x32, 0x37, 0x31, 0x36, 0x33, 0x32, 0x17, 0x31, 0x16,
0x33, 0x32, 0x37, 0x31, 0x36, 0x33, 0x32, 0x17, 0x31, 0x16, 0x17, 0x16, 0x33, 0x31, 0x32, 0x37,
0x36, 0x37, 0x31, 0x36, 0x33, 0x32, 0x17, 0x31, 0x16, 0x33, 0x16, 0x37, 0x31, 0x36, 0x17, 0x16,
0x17, 0x31, 0x17, 0x05, 0x32, 0x17, 0x31, 0x32, 0x33, 0x32, 0x37, 0x31, 0x32, 0x33, 0x31, 0x3F,
0x01, 0x36, 0x37, 0x36, 0x37, 0x31, 0x36, 0x37, 0x36, 0x35, 0x31, 0x34, 0x37, 0x36, 0x17, 0x31,
0x16, 0x17, 0x16, 0x15, 0x31, 0x14, 0x17, 0x16, 0x17, 0x31, 0x16, 0x17, 0x16, 0x17, 0x31, 0x16,
0x17, 0x16, 0x17, 0x31, 0x16, 0x17, 0x16, 0x17, 0x31, 0x16, 0x15, 0x16, 0x07, 0x31, 0x0F, 0x01,
0x06, 0x07, 0x06, 0x07, 0x31, 0x06, 0x33, 0x16, 0x37, 0x31, 0x36, 0x17, 0x16, 0x17, 0x31, 0x16,
0x17, 0x16, 0x07, 0x31, 0x06, 0x07, 0x06, 0x15, 0x31, 0x14, 0x07, 0x06, 0x07, 0x31, 0x06, 0x07,
0x06, 0x27, 0x31, 0x26, 0x27, 0x31, 0x26, 0x23, 0x26, 0x07, 0x31, 0x22, 0x07, 0x31, 0x06, 0x07,
0x06, 0x15, 0x31, 0x16, 0x07, 0x06, 0x07, 0x31, 0x06, 0x27, 0x26, 0x35, 0x31, 0x34, 0x27, 0x26,
0x07, 0x31, 0x06, 0x07, 0x31, 0x22, 0x07, 0x06, 0x07, 0x31, 0x22, 0x07, 0x31, 0x06, 0x23, 0x26,
0x35, 0x31, 0x34, 0x23, 0x22, 0x07, 0x31, 0x06, 0x23, 0x26, 0x35, 0x31, 0x34, 0x27, 0x26, 0x23,
0x31, 0x22, 0x07, 0x06, 0x07, 0x31, 0x06, 0x07, 0x06, 0x27, 0x31, 0x22, 0x07, 0x06, 0x07, 0x31,
0x06, 0x07, 0x06, 0x07, 0x31, 0x06, 0x07, 0x06, 0x17, 0x31, 0x16, 0x15, 0x14, 0x07, 0x31, 0x06,
0x27, 0x26, 0x27, 0x31, 0x26, 0x27, 0x26, 0x27, 0x31, 0x26, 0x37, 0x36, 0x37, 0x31, 0x36, 0x37,
0x36, 0x35, 0x31, 0x26, 0x27, 0x26, 0x23, 0x31, 0x22, 0x07, 0x06, 0x07, 0x31, 0x06, 0x27, 0x26,
0x37, 0x31, 0x36, 0x37, 0x36, 0x39, 0x01, 0x26, 0x07, 0x31, 0x06, 0x07, 0x06, 0x07, 0x31, 0x06,
0x07, 0x31, 0x06, 0x07, 0x06, 0x07, 0x31, 0x06, 0x07, 0x06, 0x07, 0x31, 0x06, 0x07, 0x06, 0x07,
0x31, 0x06, 0x07, 0x06, 0x07, 0x31, 0x06, 0x07, 0x06, 0x27, 0x31, 0x26, 0x27, 0x26, 0x35, 0x31,
0x26, 0x37, 0x36, 0x37, 0x31, 0x36, 0x37, 0x36, 0x37, 0x31, 0x36, 0x37, 0x36, 0x37, 0x31, 0x36,
0x37, 0x36, 0x37, 0x31, 0x36, 0x37, 0x36, 0x37, 0x31, 0x36, 0x33, 0x36, 0x17, 0x31, 0x16, 0x37,
0x36, 0x37, 0x31, 0x36, 0x33, 0x36, 0x33, 0x31, 0x16, 0x37, 0x36, 0x37, 0x31, 0x36, 0x17, 0x16,
0x07, 0x31, 0x06, 0x07, 0x31, 0x06, 0x07, 0x06, 0x07, 0x31, 0x06, 0x23, 0x31, 0x22, 0x07, 0x06,
0x15, 0x31, 0x14, 0x33, 0x16, 0x37, 0x31, 0x36, 0x37, 0x36, 0x17, 0x31, 0x16, 0x37, 0x36, 0x37,
0x31, 0x3F, 0x01, 0x36, 0x37, 0x36, 0x37, 0x31, 0x36, 0x37, 0x36, 0x37, 0x31, 0x36, 0x37, 0x36,
0x35, 0x31, 0x34, 0x37, 0x36, 0x37, 0x05, 0x31, 0x06, 0x17, 0x16, 0x33, 0x31, 0x32, 0x37, 0x36,
0x27, 0x31, 0x26, 0x27, 0x26, 0x17, 0x31, 0x06, 0x17, 0x16, 0x33, 0x31, 0x32, 0x37, 0x36, 0x27,
0x31, 0x26, 0x23, 0x26, 0x05, 0x31, 0x14, 0x07, 0x06, 0x07, 0x31, 0x22, 0x33, 0x16, 0x33, 0x31,
0x32, 0x37, 0x36, 0x35, 0x31, 0x34, 0x27, 0x26, 0x23, 0x31, 0x22, 0x27, 0x26, 0x27, 0x31, 0x26,
0x27, 0x26, 0x23, 0x31, 0x22, 0x07, 0x06, 0x15, 0x05, 0x31, 0x14, 0x17, 0x16, 0x17, 0x31, 0x16,
0x17, 0x16, 0x37, 0x31, 0x32, 0x37, 0x36, 0x37, 0x31, 0x37, 0x27, 0x26, 0x27, 0x26, 0x27, 0x31,
0x26, 0x07, 0x06, 0x17, 0x25, 0x31, 0x06, 0x07, 0x06, 0x17, 0x31, 0x16, 0x15, 0x06, 0x27, 0x31,
0x26, 0x27, 0x26, 0x35, 0x31, 0x34, 0x27, 0x26, 0x23, 0x31, 0x22, 0x17, 0x16, 0x17, 0x31, 0x16,
0x17, 0x16, 0x33, 0x31, 0x32, 0x37, 0x36, 0x37, 0x31, 0x36, 0x37, 0x36, 0x27, 0x31, 0x2F, 0x01,
0x22, 0x07, 0x06, 0x04, 0x79, 0x0A, 0x08, 0x08, 0x10, 0x0C, 0x08, 0x08, 0x12, 0x13, 0x04, 0x05,
0x04, 0x04, 0x06, 0x07, 0x06, 0x06, 0x04, 0x02, 0x03, 0x03, 0x04, 0x06, 0x02, 0x03, 0x02, 0x03,
0x02, 0x03, 0x06, 0x05, 0x03, 0x04, 0x05, 0x05, 0x02, 0x02, 0x03, 0x02, 0x02, 0x03, 0x07, 0x06,
0x02, 0x03, 0x02, 0x03, 0x02, 0x03, 0x06, 0x07, 0x02, 0x03, 0x02, 0x02, 0x03, 0x03, 0x05, 0x05,
0x03, 0x03, 0x03, 0x03, 0x03, 0x03, 0x06, 0x06, 0x02, 0x03, 0x03, 0x02, 0x02, 0x03, 0x06, 0x06,
0x03, 0x04, 0x03, 0x04, 0x03, 0x03, 0x03, 0x04, 0x03, 0x04, 0x06, 0x06, 0x02, 0x03, 0x02, 0x03,
0x02, 0x03, 0x06, 0x06, 0x03, 0x03, 0x02, 0x02, 0x03, 0x03, 0x06, 0x07, 0x02, 0x03, 0x01, 0x01,
0x02, 0x03, 0x02, 0x03, 0x02, 0x02, 0x01, 0x02, 0x02, 0x03, 0x06, 0x05, 0x03, 0x04, 0x03, 0x07,
0x05, 0x05, 0x02, 0x03, 0x01, 0xD3, 0x60, 0x5D, 0x5C, 0x4C, 0x4D, 0x37, 0x36, 0x14, 0x60, 0x08,
0x03, 0x04, 0x04, 0x02, 0x03, 0x01, 0x02, 0x08, 0x09, 0x0C, 0x07, 0x05, 0x05, 0x01, 0x02, 0x02,
0x02, 0x04, 0x04, 0x04, 0x06, 0x07, 0x07, 0x16, 0x19, 0x04, 0x05, 0x02, 0x01, 0x01, 0x02, 0x03,
0x28, 0x10, 0x0D, 0x0E, 0x02, 0x02, 0x06, 0x07, 0x10, 0x17, 0x06, 0x07, 0x0D, 0x08, 0x04, 0x04,
0x01, 0x01, 0x01, 0x01, 0x03, 0x04, 0x07, 0x0B, 0x15, 0x15, 0x0A, 0x04, 0x5B, 0x5B, 0x6C, 0x6D,
0x5B, 0x5A, 0x03, 0x02, 0x01, 0x01, 0x01, 0x02, 0x02, 0x06, 0x07, 0x01, 0x02, 0x02, 0x03, 0x0D,
0x03, 0x1A, 0x1A, 0x29, 0x2A, 0x35, 0x36, 0x3B, 0xC7, 0x2C, 0x2C, 0x20, 0x20, 0xBF, 0x28, 0x12,
0x13, 0x05, 0x05, 0x07, 0x0B, 0x08, 0x08, 0x12, 0x1D, 0x0F, 0x10, 0x30, 0x1A, 0x11, 0x11, 0x05,
0x05, 0x0D, 0x0E, 0x14, 0x21, 0x04, 0x04, 0x0D, 0x04, 0x05, 0x04, 0x12, 0x12, 0x16, 0x4C, 0x0B,
0x0B, 0x04, 0x05, 0x05, 0x06, 0x1E, 0x12, 0x0C, 0x0D, 0x01, 0x0C, 0x0D, 0x0D, 0x07, 0x05, 0x06,
0x01, 0x05, 0x03, 0x03, 0x04, 0x02, 0x01, 0x01, 0x02, 0x20, 0x20, 0x26, 0x27, 0x20, 0x21, 0x01,
0x02, 0x33, 0x34, 0x47, 0x46, 0x37, 0x37, 0x07, 0x0E, 0x10, 0x10, 0x0D, 0x04, 0x04, 0x05, 0x02,
0x0D, 0x30, 0x30, 0x03, 0x03, 0x01, 0x02, 0x01, 0x01, 0x01, 0x03, 0x04, 0x10, 0x11, 0x37, 0x23,
0x1E, 0x1F, 0x07, 0x08, 0x12, 0x12, 0x12, 0x12, 0x0E, 0x0F, 0x03, 0x02, 0x05, 0x05, 0x04, 0x08,
0x22, 0x23, 0x0A, 0x03, 0x05, 0x06, 0x05, 0x05, 0x1D, 0x1E, 0x25, 0x45, 0x10, 0x11, 0x08, 0x04,
0x19, 0x1A, 0x1E, 0x1F, 0x1C, 0x1C, 0x08, 0x03, 0x01, 0x02, 0x06, 0x06, 0x23, 0x0F, 0x0D, 0x0D,
0x03, 0x03, 0x2C, 0x2D, 0x3B, 0x90, 0x0B, 0x09, 0x06, 0x06, 0x17, 0x0D, 0x16, 0x17, 0x12, 0x1E,
0x07, 0x08, 0x09, 0x0A, 0x0A, 0x06, 0x88, 0x05, 0x02, 0x02, 0x07, 0x04, 0x02, 0x02, 0x02, 0x02,
0x03, 0x03, 0x15, 0x04, 0x02, 0x02, 0x0D, 0x0A, 0x04, 0x05, 0x01, 0x03, 0x0B, 0x0C, 0xFD, 0xE3,
0x01, 0x02, 0x02, 0x03, 0x4A, 0x4B, 0x6B, 0x6B, 0x4C, 0x4D, 0x04, 0x04, 0x06, 0x05, 0x05, 0x05,
0x01, 0x01, 0x42, 0x43, 0x6A, 0x99, 0x2A, 0x2B, 0xF8, 0x01, 0x01, 0x01, 0x01, 0x02, 0x03, 0x03,
0x09, 0x06, 0x0A, 0x0A, 0x09, 0x14, 0x13, 0x10, 0x0D, 0x0E, 0x03, 0x04, 0x03, 0x04, 0x01, 0x03,
0x7C, 0x04, 0x01, 0x01, 0x01, 0x02, 0x01, 0x05, 0x03, 0x02, 0x02, 0x01, 0x02, 0x02, 0x05, 0x03,
0x03, 0x06, 0x04, 0x0A, 0x0B, 0x16, 0x1B, 0x07, 0x08, 0x06, 0x05, 0x02, 0x02, 0x01, 0x02, 0x28,
0x1C, 0x07, 0x07, 0x02, 0x94, 0x04, 0x03, 0x03, 0x0E, 0x0A, 0x03, 0x03, 0x01, 0x02, 0x0A, 0x0D,
0x01, 0x01, 0x0C, 0x09, 0x02, 0x03, 0x07, 0x02, 0x01, 0x02, 0x04, 0x04, 0x04, 0x04, 0x03, 0x04,
0x04, 0x05, 0x04, 0x04, 0x04, 0x04, 0x04, 0x04, 0x04, 0x04, 0x04, 0x03, 0x03, 0x03, 0x03, 0x01,
0x03, 0x04, 0x04, 0x04, 0x04, 0x03, 0x01, 0x04, 0x03, 0x03, 0x04, 0x01, 0x03, 0x04, 0x04, 0x04,
0x04, 0x04, 0x04, 0x04, 0x04, 0x04, 0x04, 0x02, 0x01, 0x02, 0x01, 0x02, 0x02, 0x04, 0x04, 0x03,
0x01, 0x03, 0x07, 0x03, 0x04, 0x0D, 0x12, 0x02, 0x01, 0x01, 0x03, 0x0E, 0x06, 0x05, 0x06, 0x03,
0x02, 0x03, 0x03, 0x02, 0x05, 0x01, 0x01, 0x03, 0x02, 0x03, 0x03, 0x02, 0x01, 0x03, 0x03, 0x02,
0x02, 0x05, 0x06, 0x05, 0x09, 0x02, 0x02, 0x01, 0x01, 0x02, 0x02, 0x0B, 0x06, 0x09, 0x0A, 0x07,
0x12, 0x02, 0x01, 0x02, 0x02, 0x02, 0x03, 0x01, 0x01, 0x01, 0x02, 0x02, 0x0C, 0x08, 0x06, 0x07,
0x03, 0x03, 0x05, 0x06, 0x04, 0x05, 0x05, 0x06, 0x05, 0x08, 0x03, 0x04, 0x04, 0x01, 0x02, 0x01,
0x01, 0x01, 0x02, 0x01, 0x04, 0x05, 0x04, 0x07, 0x02, 0x03, 0x01, 0x01, 0x02, 0x03, 0x09, 0x0B,
0x01, 0x02, 0x02, 0x01, 0x01, 0x01, 0x01, 0x01, 0x01, 0x01, 0x01, 0x05, 0x07, 0x07, 0x01, 0x01,
0x03, 0x02, 0x01, 0x02, 0x05, 0x05, 0x12, 0x1E, 0x06, 0x06, 0x01, 0x01, 0x01, 0x03, 0x02, 0x17,
0x18, 0x28, 0x42, 0x12, 0x12, 0x14, 0x07, 0x02, 0x03, 0x02, 0x01, 0x02, 0x02, 0x05, 0x0E, 0x03,
0x04, 0x0C, 0x0A, 0x0E, 0x0E, 0x3C, 0x22, 0x1B, 0x1B, 0x03, 0x0B, 0x0A, 0x0B, 0x01, 0x02, 0x02,
0x07, 0x02, 0x03, 0x07, 0x04, 0x03, 0x04, 0x01, 0x08, 0x07, 0x0A, 0x0B, 0x09, 0x0A, 0x02, 0x02,
0x0E, 0x0E, 0x11, 0x12, 0x0D, 0x0E, 0x02, 0x04, 0x14, 0x15, 0x1D, 0x09, 0x07, 0x08, 0x02, 0x08,
0x10, 0x10, 0x03, 0x02, 0x2E, 0x2E, 0x4F, 0x65, 0x24, 0x24, 0x05, 0x05, 0x02, 0x03, 0x02, 0x02,
0x02, 0x03, 0x02, 0x02, 0x02, 0x02, 0x01, 0x01, 0x02, 0x03, 0x02, 0x02, 0x01, 0x01, 0x02, 0x04,
0x04, 0x04, 0x01, 0x01, 0x01, 0x02, 0x03, 0x05, 0x07, 0x01, 0x01, 0x0E, 0x05, 0x0F, 0x0F, 0x0F,
0x0F, 0x0C, 0x0B, 0x03, 0x04, 0x05, 0x0A, 0x01, 0x09, 0x04, 0x02, 0x02, 0x01, 0x02, 0x0A, 0x0A,
0x0F, 0x23, 0x18, 0x10, 0x05, 0x05, 0x07, 0x05, 0x09, 0x0A, 0x0A, 0x10, 0x05, 0x06, 0x09, 0x0C,
0x0F, 0x10, 0x03, 0x3A, 0x04, 0x03, 0x03, 0x01, 0x02, 0x03, 0x06, 0x01, 0x01, 0x07, 0x05, 0x01,
0x01, 0x01, 0x01, 0x03, 0x07, 0x01, 0x59, 0x03, 0x02, 0x03, 0x01, 0x01, 0x01, 0x01, 0x01, 0x02,
0x01, 0x01, 0x01, 0x02, 0x01, 0x02, 0x01, 0x02, 0x01, 0x01, 0x04, 0x6E, 0x0E, 0x10, 0x10, 0x08,
0x0F, 0x03, 0x03, 0x01, 0x02, 0x02, 0x02, 0x06, 0x09, 0x08, 0x12, 0x13, 0x14, 0x16, 0x04, 0x04,
0x1A, 0x08, 0x06, 0x06, 0x07, 0x07, 0x0B, 0x01, 0x01, 0x06, 0x04, 0x04, 0x05, 0x02, 0x03, 0x01,
0x02, 0x0C, 0x0D, 0x07, 0x04, 0x01, 0x02, 0x02, 0x02, 0x07, 0x06, 0x07, 0x07, 0x0A, 0x13, 0x02,
0x01, 0x01, 0x00, 0x00, 0x00, 0x01, 0x00, 0x00, 0x00, 0x00, 0x00, 0x00, 0x11, 0x78, 0x5F, 0x67,
0x5F, 0x0F, 0x3C, 0xF5, 0x00, 0x0B, 0x04, 0x00, 0x00, 0x00, 0x00, 0x00, 0xE6, 0x27, 0x97, 0xE8,
0x00, 0x00, 0x00, 0x00, 0xE6, 0x27, 0x97, 0xE8, 0x00, 0x00, 0xFF, 0x7F, 0x13, 0x6A, 0x03, 0xC0,
0x00, 0x00, 0x00, 0x08, 0x00, 0x02, 0x00, 0x00, 0x00, 0x00, 0x00, 0x00, 0x00, 0x01, 0x00, 0x00,
0x03, 0xC0, 0xFF, 0xC0, 0x00, 0x00, 0x14, 0x56, 0x00, 0x00, 0xFF, 0xFF, 0x13, 0x6A, 0x00, 0x01,
0x00, 0x00, 0x00, 0x00, 0x00, 0x00, 0x00, 0x00, 0x00, 0x00, 0x00, 0x00, 0x00, 0x00, 0x00, 0x44,
0x04, 0x00, 0x00, 0x00, 0x00, 0x00, 0x00, 0x00, 0x00, 0x00, 0x00, 0x00, 0x02, 0x00, 0x00, 0x00,
0x05, 0x71, 0x00, 0x00, 0x08, 0x05, 0x00, 0x00, 0x06, 0x03, 0x00, 0x00, 0x0C, 0x8D, 0x00, 0x00,
0x0C, 0x37, 0x00, 0x00, 0x0A, 0xAB, 0x00, 0x00, 0x01, 0xC0, 0x00, 0x00, 0x0C, 0x0E, 0x00, 0x00,
0x05, 0x90, 0x00, 0x00, 0x0C, 0x37, 0x00, 0x00, 0x08, 0x2E, 0x00, 0x00, 0x0C, 0x8A, 0x00, 0x00,
0x0A, 0xB4, 0x00, 0x00, 0x04, 0x00, 0x00, 0x00, 0x04, 0x96, 0x00, 0x00, 0x06, 0x5A, 0x00, 0x00,
0x03, 0x05, 0x00, 0x00, 0x0A, 0x42, 0x00, 0x00, 0x09, 0x4C, 0x00, 0x00, 0x05, 0x1A, 0x00, 0x00,
0x04, 0x1F, 0x00, 0x00, 0x0B, 0xFB, 0x00, 0x00, 0x0A, 0xB4, 0x00, 0x00, 0x05, 0xC8, 0x00, 0x00,
0x04, 0x00, 0x00, 0x00, 0x03, 0x0B, 0x00, 0x00, 0x05, 0x76, 0x00, 0x00, 0x03, 0x14, 0x00, 0x00,
0x11, 0x6C, 0x00, 0x00, 0x11, 0xD7, 0x00, 0x00, 0x0E, 0xF5, 0x00, 0x00, 0x10, 0xD7, 0x00, 0x00,
0x0F, 0xAC, 0x00, 0x00, 0x0E, 0x61, 0x00, 0x00, 0x09, 0x9A, 0x00, 0x00, 0x04, 0xDE, 0x00, 0x00,
0x07, 0x51, 0x00, 0x00, 0x08, 0x35, 0x00, 0x00, 0x0C, 0xA7, 0x00, 0x00, 0x0C, 0xAB, 0x00, 0x00,
0x0D, 0xA0, 0x00, 0x00, 0x10, 0x25, 0x00, 0x00, 0x0F, 0x79, 0x00, 0x00, 0x0A, 0xD0, 0x00, 0x00,
0x14, 0x17, 0x00, 0x00, 0x0F, 0xED, 0x00, 0x00, 0x10, 0xFB, 0x00, 0x00, 0x0E, 0xF3, 0x00, 0x00,
0x0E, 0x96, 0x00, 0x00, 0x14, 0x56, 0x00, 0x00, 0x09, 0x69, 0x00, 0x00, 0x0D, 0xD4, 0x00, 0x00,
0x0B, 0xE0, 0x00, 0x00, 0x0A, 0xCB, 0x00, 0x00, 0x0B, 0xE4, 0x00, 0x00, 0x05, 0xBB, 0x00, 0x00,
0x08, 0x05, 0x00, 0x00, 0x03, 0x14, 0x00, 0x00, 0x08, 0x8A, 0x00, 0x00, 0x05, 0xFB, 0x00, 0x00,
0x07, 0xC4, 0x00, 0x00, 0x0C, 0x41, 0x00, 0x00, 0x0B, 0xEE, 0x00, 0x00, 0x0C, 0x20, 0x00, 0x00,
0x00, 0x00, 0x00, 0x00, 0x00, 0x0A, 0x00, 0x14, 0x00, 0x1E, 0x01, 0x3E, 0x03, 0x42, 0x05, 0x82,
0x06, 0xC4, 0x0A, 0x86, 0x0D, 0xA2, 0x0E, 0xA0, 0x11, 0xE4, 0x12, 0xF0, 0x15, 0xB2, 0x17, 0xD0,
0x1A, 0x8C, 0x1E, 0x1A, 0x1F, 0xFE, 0x21, 0x62, 0x22, 0xBC, 0x24, 0x84, 0x27, 0x0E, 0x29, 0xBC,
0x2B, 0x10, 0x2B, 0xB4, 0x2E, 0xFE, 0x32, 0x46, 0x33, 0x2E, 0x3A, 0x14, 0x3A, 0xA6, 0x3B, 0x94,
0x3C, 0xAC, 0x3F, 0x2A, 0x40, 0xC2, 0x41, 0xE0, 0x43, 0x62, 0x44, 0x8C, 0x46, 0x18, 0x47, 0xD8,
0x49, 0x9C, 0x4B, 0xEA, 0x4D, 0x10, 0x4F, 0x02, 0x50, 0xAA, 0x51, 0xC8, 0x53, 0xCC, 0x56, 0x08,
0x58, 0x6E, 0x5A, 0xBE, 0x5C, 0xA4, 0x5E, 0x42, 0x5F, 0x46, 0x60, 0x88, 0x61, 0x6C, 0x62, 0xCC,
0x64, 0x3C, 0x68, 0xF4, 0x6B, 0x64, 0x6E, 0x78, 0x70, 0x0A, 0x72, 0x1A, 0x72, 0x9C, 0x74, 0x94,
0x77, 0xE2, 0x7A, 0x50, 0x7E, 0x0E, 0x7F, 0xD4, 0x83, 0x12, 0x00, 0x00, 0x00, 0x01, 0x00, 0x00,
0x00, 0x44, 0x05, 0x7C, 0x00, 0x13, 0x00, 0x00, 0x00, 0x00, 0x00, 0x02, 0x00, 0x00, 0x00, 0x00,
0x00, 0x00, 0x00, 0x00, 0x00, 0x00, 0x00, 0x00, 0x00, 0x00, 0x00, 0x00, 0x00, 0x00, 0x00, 0x0E,
0x00, 0xAE, 0x00, 0x01, 0x00, 0x00, 0x00, 0x00, 0x00, 0x01, 0x00, 0x07, 0x00, 0x00, 0x00, 0x01,
0x00, 0x00, 0x00, 0x00, 0x00, 0x02, 0x00, 0x07, 0x00, 0x60, 0x00, 0x01, 0x00, 0x00, 0x00, 0x00,
0x00, 0x03, 0x00, 0x07, 0x00, 0x36, 0x00, 0x01, 0x00, 0x00, 0x00, 0x00, 0x00, 0x04, 0x00, 0x07,
0x00, 0x75, 0x00, 0x01, 0x00, 0x00, 0x00, 0x00, 0x00, 0x05, 0x00, 0x0B, 0x00, 0x15, 0x00, 0x01,
0x00, 0x00, 0x00, 0x00, 0x00, 0x06, 0x00, 0x07, 0x00, 0x4B, 0x00, 0x01, 0x00, 0x00, 0x00, 0x00,
0x00, 0x0A, 0x00, 0x1A, 0x00, 0x8A, 0x00, 0x03, 0x00, 0x01, 0x04, 0x09, 0x00, 0x01, 0x00, 0x0E,
0x00, 0x07, 0x00, 0x03, 0x00, 0x01, 0x04, 0x09, 0x00, 0x02, 0x00, 0x0E, 0x00, 0x67, 0x00, 0x03,
0x00, 0x01, 0x04, 0x09, 0x00, 0x03, 0x00, 0x0E, 0x00, 0x3D, 0x00, 0x03, 0x00, 0x01, 0x04, 0x09,
0x00, 0x04, 0x00, 0x0E, 0x00, 0x7C, 0x00, 0x03, 0x00, 0x01, 0x04, 0x09, 0x00, 0x05, 0x00, 0x16,
0x00, 0x20, 0x00, 0x03, 0x00, 0x01, 0x04, 0x09, 0x00, 0x06, 0x00, 0x0E, 0x00, 0x52, 0x00, 0x03,
0x00, 0x01, 0x04, 0x09, 0x00, 0x0A, 0x00, 0x34, 0x00, 0xA4, 0x69, 0x63, 0x6F, 0x6D, 0x6F, 0x6F,
0x6E, 0x00, 0x69, 0x00, 0x63, 0x00, 0x6F, 0x00, 0x6D, 0x00, 0x6F, 0x00, 0x6F, 0x00, 0x6E, 0x56,
0x65, 0x72, 0x73, 0x69, 0x6F, 0x6E, 0x20, 0x31, 0x2E, 0x30, 0x00, 0x56, 0x00, 0x65, 0x00, 0x72,
0x00, 0x73, 0x00, 0x69, 0x00, 0x6F, 0x00, 0x6E, 0x00, 0x20, 0x00, 0x31, 0x00, 0x2E, 0x00, 0x30,
0x69, 0x63, 0x6F, 0x6D, 0x6F, 0x6F, 0x6E, 0x00, 0x69, 0x00, 0x63, 0x00, 0x6F, 0x00, 0x6D, 0x00,
0x6F, 0x00, 0x6F, 0x00, 0x6E, 0x69, 0x63, 0x6F, 0x6D, 0x6F, 0x6F, 0x6E, 0x00, 0x69, 0x00, 0x63,
0x00, 0x6F, 0x00, 0x6D, 0x00, 0x6F, 0x00, 0x6F, 0x00, 0x6E, 0x52, 0x65, 0x67, 0x75, 0x6C, 0x61,
0x72, 0x00, 0x52, 0x00, 0x65, 0x00, 0x67, 0x00, 0x75, 0x00, 0x6C, 0x00, 0x61, 0x00, 0x72, 0x69,
0x63, 0x6F, 0x6D, 0x6F, 0x6F, 0x6E, 0x00, 0x69, 0x00, 0x63, 0x00, 0x6F, 0x00, 0x6D, 0x00, 0x6F,
0x00, 0x6F, 0x00, 0x6E, 0x46, 0x6F, 0x6E, 0x74, 0x20, 0x67, 0x65, 0x6E, 0x65, 0x72, 0x61, 0x74,
0x65, 0x64, 0x20, 0x62, 0x79, 0x20, 0x49, 0x63, 0x6F, 0x4D, 0x6F, 0x6F, 0x6E, 0x2E, 0x00, 0x46,
0x00, 0x6F, 0x00, 0x6E, 0x00, 0x74, 0x00, 0x20, 0x00, 0x67, 0x00, 0x65, 0x00, 0x6E, 0x00, 0x65,
0x00, 0x72, 0x00, 0x61, 0x00, 0x74, 0x00, 0x65, 0x00, 0x64, 0x00, 0x20, 0x00, 0x62, 0x00, 0x79,
0x00, 0x20, 0x00, 0x49, 0x00, 0x63, 0x00, 0x6F, 0x00, 0x4D, 0x00, 0x6F, 0x00, 0x6F, 0x00, 0x6E,
0x00, 0x2E, 0x00, 0x00, 0x00, 0x03, 0x00, 0x00, 0x00, 0x00, 0x00, 0x00, 0x00, 0x00, 0x00, 0x00,
0x00, 0x00, 0x00, 0x00, 0x00, 0x00, 0x00, 0x00, 0x00, 0x00, 0x00, 0x00, 0x00, 0x00, 0x00, 0x00,
0x00, 0x00, 0x00, 0x00
};